        1.,       16.,        1.,        6.,       11.,       17.,        2.,        7.,       12.
        2.,       17.,        2.,        7.,       12.,       18.,        3.,        8.,       13.
        3.,       18.,        3.,        8.,       13.,       19.,        4.,        9.,       14.
        4.,       19.,        4.,        9.,       14.,       20.,        5.,       10.,       15.
        5.,       11.,        6.,       21.,       26.,       12.,        7.,       22.,       27.
        6.,       12.,        7.,       22.,       27.,       13.,        8.,       23.,       28.
        7.,       13.,        8.,       23.,       28.,       14.,        9.,       24.,       29.
        8.,       14.,        9.,       24.,       29.,       15.,       10.,       25.,       30.
        9.,       26.,       21.,       31.,       36.,       27.,       22.,       32.,       37.
       10.,       27.,       22.,       32.,       37.,       28.,       23.,       33.,       38.
       11.,       28.,       23.,       33.,       38.,       29.,       24.,       34.,       39.
       12.,       29.,       24.,       34.,       39.,       30.,       25.,       35.,       40.
       13.,       36.,       31.,       41.,       46.,       37.,       32.,       42.,       47.
       14.,       37.,       32.,       42.,       47.,       38.,       33.,       43.,       48.
       15.,       38.,       33.,       43.,       48.,       39.,       34.,       44.,       49.
       16.,       39.,       34.,       44.,       49.,       40.,       35.,       45.,       50.
       17.,       46.,       41.,       51.,       56.,       47.,       42.,       52.,       57.
       18.,       47.,       42.,       52.,       57.,       48.,       43.,       53.,       58.
       19.,       48.,       43.,       53.,       58.,       49.,       44.,       54.,       59.
       20.,       49.,       44.,       54.,       59.,       50.,       45.,       55.,       60.
       21.,       56.,       51.,       61.,       66.,       57.,       52.,       62.,       67.
       22.,       57.,       52.,       62.,       67.,       58.,       53.,       63.,       68.
       23.,       58.,       53.,       63.,       68.,       59.,       54.,       64.,       69.
       24.,       59.,       54.,       64.,       69.,       60.,       55.,       65.,       70.
       25.,       66.,       61.,       71.,       76.,       67.,       62.,       72.,       77.
       26.,       67.,       62.,       72.,       77.,       68.,       63.,       73.,       78.
       27.,       68.,       63.,       73.,       78.,       69.,       64.,       74.,       79.
       28.,       69.,       64.,       74.,       79.,       70.,       65.,       75.,       80.
       29.,       76.,       71.,       81.,       86.,       77.,       72.,       82.,       87.
       30.,       77.,       72.,       82.,       87.,       78.,       73.,       83.,       88.
       31.,       78.,       73.,       83.,       88.,       79.,       74.,       84.,       89.
       32.,       79.,       74.,       84.,       89.,       80.,       75.,       85.,       90.
       33.,       86.,       81.,       91.,       96.,       87.,       82.,       92.,       97.
       34.,       87.,       82.,       92.,       97.,       88.,       83.,       93.,       98.
       35.,       88.,       83.,       93.,       98.,       89.,       84.,       94.,       99.
       36.,       89.,       84.,       94.,       99.,       90.,       85.,       95.,      100.
       37.,       96.,       91.,      101.,      106.,       97.,       92.,      102.,      107.
       38.,       97.,       92.,      102.,      107.,       98.,       93.,      103.,      108.
       39.,       98.,       93.,      103.,      108.,       99.,       94.,      104.,      109.
       40.,       99.,       94.,      104.,      109.,      100.,       95.,      105.,      110.
       41.,      106.,      101.,      111.,      116.,      107.,      102.,      112.,      117.
       42.,      107.,      102.,      112.,      117.,      108.,      103.,      113.,      118.
       43.,      108.,      103.,      113.,      118.,      109.,      104.,      114.,      119.
       44.,      109.,      104.,      114.,      119.,      110.,      105.,      115.,      120.
       45.,      116.,      111.,      121.,      126.,      117.,      112.,      122.,      127.
       46.,      117.,      112.,      122.,      127.,      118.,      113.,      123.,      128.
       47.,      118.,      113.,      123.,      128.,      119.,      114.,      124.,      129.
       48.,      119.,      114.,      124.,      129.,      120.,      115.,      125.,      130.
       49.,      126.,      121.,      131.,      136.,      127.,      122.,      132.,      137.
       50.,      127.,      122.,      132.,      137.,      128.,      123.,      133.,      138.
       51.,      128.,      123.,      133.,      138.,      129.,      124.,      134.,      139.
       52.,      129.,      124.,      134.,      139.,      130.,      125.,      135.,      140.
       53.,      136.,      131.,      141.,      146.,      137.,      132.,      142.,      147.
       54.,      137.,      132.,      142.,      147.,      138.,      133.,      143.,      148.
       55.,      138.,      133.,      143.,      148.,      139.,      134.,      144.,      149.
       56.,      139.,      134.,      144.,      149.,      140.,      135.,      145.,      150.
       57.,      146.,      141.,      151.,      156.,      147.,      142.,      152.,      157.
       58.,      147.,      142.,      152.,      157.,      148.,      143.,      153.,      158.
       59.,      148.,      143.,      153.,      158.,      149.,      144.,      154.,      159.
       60.,      149.,      144.,      154.,      159.,      150.,      145.,      155.,      160.
       61.,      156.,      151.,      161.,      166.,      157.,      152.,      162.,      167.
       62.,      157.,      152.,      162.,      167.,      158.,      153.,      163.,      168.
       63.,      158.,      153.,      163.,      168.,      159.,      154.,      164.,      169.
       64.,      159.,      154.,      164.,      169.,      160.,      155.,      165.,      170.
       65.,      166.,      161.,      171.,      176.,      167.,      162.,      172.,      177.
       66.,      167.,      162.,      172.,      177.,      168.,      163.,      173.,      178.
       67.,      168.,      163.,      173.,      178.,      169.,      164.,      174.,      179.
       68.,      169.,      164.,      174.,      179.,      170.,      165.,      175.,      180.
       69.,      176.,      171.,      181.,      186.,      177.,      172.,      182.,      187.
       70.,      177.,      172.,      182.,      187.,      178.,      173.,      183.,      188.
       71.,      178.,      173.,      183.,      188.,      179.,      174.,      184.,      189.
       72.,      179.,      174.,      184.,      189.,      180.,      175.,      185.,      190.
       73.,      186.,      181.,      191.,      196.,      187.,      182.,      192.,      197.
       74.,      187.,      182.,      192.,      197.,      188.,      183.,      193.,      198.
       75.,      188.,      183.,      193.,      198.,      189.,      184.,      194.,      199.
       76.,      189.,      184.,      194.,      199.,      190.,      185.,      195.,      200.
       77.,      196.,      191.,      201.,      206.,      197.,      192.,      202.,      207.
       78.,      197.,      192.,      202.,      207.,      198.,      193.,      203.,      208.
       79.,      198.,      193.,      203.,      208.,      199.,      194.,      204.,      209.
       80.,      199.,      194.,      204.,      209.,      200.,      195.,      205.,      210.
       81.,      206.,      201.,      211.,      216.,      207.,      202.,      212.,      217.
       82.,      207.,      202.,      212.,      217.,      208.,      203.,      213.,      218.
       83.,      208.,      203.,      213.,      218.,      209.,      204.,      214.,      219.
       84.,      209.,      204.,      214.,      219.,      210.,      205.,      215.,      220.
       85.,      216.,      211.,      221.,      226.,      217.,      212.,      222.,      227.
       86.,      217.,      212.,      222.,      227.,      218.,      213.,      223.,      228.
       87.,      218.,      213.,      223.,      228.,      219.,      214.,      224.,      229.
       88.,      219.,      214.,      224.,      229.,      220.,      215.,      225.,      230.
       89.,      226.,      221.,      231.,      236.,      227.,      222.,      232.,      237.
       90.,      227.,      222.,      232.,      237.,      228.,      223.,      233.,      238.
       91.,      228.,      223.,      233.,      238.,      229.,      224.,      234.,      239.
       92.,      229.,      224.,      234.,      239.,      230.,      225.,      235.,      240.
       93.,      236.,      231.,      241.,      246.,      237.,      232.,      242.,      247.
       94.,      237.,      232.,      242.,      247.,      238.,      233.,      243.,      248.
       95.,      238.,      233.,      243.,      248.,      239.,      234.,      244.,      249.
       96.,      239.,      234.,      244.,      249.,      240.,      235.,      245.,      250.
       97.,      246.,      241.,      251.,      256.,      247.,      242.,      252.,      257.
       98.,      247.,      242.,      252.,      257.,      248.,      243.,      253.,      258.
       99.,      248.,      243.,      253.,      258.,      249.,      244.,      254.,      259.
      100.,      249.,      244.,      254.,      259.,      250.,      245.,      255.,      260.
      101.,      256.,      251.,      261.,      266.,      257.,      252.,      262.,      267.
      102.,      257.,      252.,      262.,      267.,      258.,      253.,      263.,      268.
      103.,      258.,      253.,      263.,      268.,      259.,      254.,      264.,      269.
      104.,      259.,      254.,      264.,      269.,      260.,      255.,      265.,      270.
      105.,      266.,      261.,      271.,      276.,      267.,      262.,      272.,      277.
      106.,      267.,      262.,      272.,      277.,      268.,      263.,      273.,      278.
      107.,      268.,      263.,      273.,      278.,      269.,      264.,      274.,      279.
      108.,      269.,      264.,      274.,      279.,      270.,      265.,      275.,      280.
      109.,      276.,      271.,      281.,      286.,      277.,      272.,      282.,      287.
      110.,      277.,      272.,      282.,      287.,      278.,      273.,      283.,      288.
      111.,      278.,      273.,      283.,      288.,      279.,      274.,      284.,      289.
      112.,      279.,      274.,      284.,      289.,      280.,      275.,      285.,      290.
      113.,      286.,      281.,      291.,      296.,      287.,      282.,      292.,      297.
      114.,      287.,      282.,      292.,      297.,      288.,      283.,      293.,      298.
      115.,      288.,      283.,      293.,      298.,      289.,      284.,      294.,      299.
      116.,      289.,      284.,      294.,      299.,      290.,      285.,      295.,      300.
      117.,      296.,      291.,      301.,      306.,      297.,      292.,      302.,      307.
      118.,      297.,      292.,      302.,      307.,      298.,      293.,      303.,      308.
      119.,      298.,      293.,      303.,      308.,      299.,      294.,      304.,      309.
      120.,      299.,      294.,      304.,      309.,      300.,      295.,      305.,      310.
      121.,      306.,      301.,      311.,      316.,      307.,      302.,      312.,      317.
      122.,      307.,      302.,      312.,      317.,      308.,      303.,      313.,      318.
      123.,      308.,      303.,      313.,      318.,      309.,      304.,      314.,      319.
      124.,      309.,      304.,      314.,      319.,      310.,      305.,      315.,      320.
      125.,      316.,      311.,      321.,      326.,      317.,      312.,      322.,      327.
      126.,      317.,      312.,      322.,      327.,      318.,      313.,      323.,      328.
      127.,      318.,      313.,      323.,      328.,      319.,      314.,      324.,      329.
      128.,      319.,      314.,      324.,      329.,      320.,      315.,      325.,      330.
      129.,      326.,      321.,      331.,      336.,      327.,      322.,      332.,      337.
      130.,      327.,      322.,      332.,      337.,      328.,      323.,      333.,      338.
      131.,      328.,      323.,      333.,      338.,      329.,      324.,      334.,      339.
      132.,      329.,      324.,      334.,      339.,      330.,      325.,      335.,      340.
      133.,      336.,      331.,      341.,      346.,      337.,      332.,      342.,      347.
      134.,      337.,      332.,      342.,      347.,      338.,      333.,      343.,      348.
      135.,      338.,      333.,      343.,      348.,      339.,      334.,      344.,      349.
      136.,      339.,      334.,      344.,      349.,      340.,      335.,      345.,      350.
      137.,      346.,      341.,      351.,      356.,      347.,      342.,      352.,      357.
      138.,      347.,      342.,      352.,      357.,      348.,      343.,      353.,      358.
      139.,      348.,      343.,      353.,      358.,      349.,      344.,      354.,      359.
      140.,      349.,      344.,      354.,      359.,      350.,      345.,      355.,      360.
      141.,        1.,      361.,      366.,        6.,        2.,      362.,      367.,        7.
      142.,        2.,      362.,      367.,        7.,        3.,      363.,      368.,        8.
      143.,        3.,      363.,      368.,        8.,        4.,      364.,      369.,        9.
      144.,        4.,      364.,      369.,        9.,        5.,      365.,      370.,       10.
      145.,        6.,      366.,      371.,       21.,        7.,      367.,      372.,       22.
      146.,        7.,      367.,      372.,       22.,        8.,      368.,      373.,       23.
      147.,        8.,      368.,      373.,       23.,        9.,      369.,      374.,       24.
      148.,        9.,      369.,      374.,       24.,       10.,      370.,      375.,       25.
      149.,       21.,      371.,      376.,       31.,       22.,      372.,      377.,       32.
      150.,       22.,      372.,      377.,       32.,       23.,      373.,      378.,       33.
      151.,       23.,      373.,      378.,       33.,       24.,      374.,      379.,       34.
      152.,       24.,      374.,      379.,       34.,       25.,      375.,      380.,       35.
      153.,       31.,      376.,      381.,       41.,       32.,      377.,      382.,       42.
      154.,       32.,      377.,      382.,       42.,       33.,      378.,      383.,       43.
      155.,       33.,      378.,      383.,       43.,       34.,      379.,      384.,       44.
      156.,       34.,      379.,      384.,       44.,       35.,      380.,      385.,       45.
      157.,       41.,      381.,      386.,       51.,       42.,      382.,      387.,       52.
      158.,       42.,      382.,      387.,       52.,       43.,      383.,      388.,       53.
      159.,       43.,      383.,      388.,       53.,       44.,      384.,      389.,       54.
      160.,       44.,      384.,      389.,       54.,       45.,      385.,      390.,       55.
      161.,       51.,      386.,      391.,       61.,       52.,      387.,      392.,       62.
      162.,       52.,      387.,      392.,       62.,       53.,      388.,      393.,       63.
      163.,       53.,      388.,      393.,       63.,       54.,      389.,      394.,       64.
      164.,       54.,      389.,      394.,       64.,       55.,      390.,      395.,       65.
      165.,       61.,      391.,      396.,       71.,       62.,      392.,      397.,       72.
      166.,       62.,      392.,      397.,       72.,       63.,      393.,      398.,       73.
      167.,       63.,      393.,      398.,       73.,       64.,      394.,      399.,       74.
      168.,       64.,      394.,      399.,       74.,       65.,      395.,      400.,       75.
      169.,       71.,      396.,      401.,       81.,       72.,      397.,      402.,       82.
      170.,       72.,      397.,      402.,       82.,       73.,      398.,      403.,       83.
      171.,       73.,      398.,      403.,       83.,       74.,      399.,      404.,       84.
      172.,       74.,      399.,      404.,       84.,       75.,      400.,      405.,       85.
      173.,       81.,      401.,      406.,       91.,       82.,      402.,      407.,       92.
      174.,       82.,      402.,      407.,       92.,       83.,      403.,      408.,       93.
      175.,       83.,      403.,      408.,       93.,       84.,      404.,      409.,       94.
      176.,       84.,      404.,      409.,       94.,       85.,      405.,      410.,       95.
      177.,       91.,      406.,      411.,      101.,       92.,      407.,      412.,      102.
      178.,       92.,      407.,      412.,      102.,       93.,      408.,      413.,      103.
      179.,       93.,      408.,      413.,      103.,       94.,      409.,      414.,      104.
      180.,       94.,      409.,      414.,      104.,       95.,      410.,      415.,      105.
      181.,      101.,      411.,      416.,      111.,      102.,      412.,      417.,      112.
      182.,      102.,      412.,      417.,      112.,      103.,      413.,      418.,      113.
      183.,      103.,      413.,      418.,      113.,      104.,      414.,      419.,      114.
      184.,      104.,      414.,      419.,      114.,      105.,      415.,      420.,      115.
      185.,      111.,      416.,      421.,      121.,      112.,      417.,      422.,      122.
      186.,      112.,      417.,      422.,      122.,      113.,      418.,      423.,      123.
      187.,      113.,      418.,      423.,      123.,      114.,      419.,      424.,      124.
      188.,      114.,      419.,      424.,      124.,      115.,      420.,      425.,      125.
      189.,      121.,      421.,      426.,      131.,      122.,      422.,      427.,      132.
      190.,      122.,      422.,      427.,      132.,      123.,      423.,      428.,      133.
      191.,      123.,      423.,      428.,      133.,      124.,      424.,      429.,      134.
      192.,      124.,      424.,      429.,      134.,      125.,      425.,      430.,      135.
      193.,      131.,      426.,      431.,      141.,      132.,      427.,      432.,      142.
      194.,      132.,      427.,      432.,      142.,      133.,      428.,      433.,      143.
      195.,      133.,      428.,      433.,      143.,      134.,      429.,      434.,      144.
      196.,      134.,      429.,      434.,      144.,      135.,      430.,      435.,      145.
      197.,      141.,      431.,      436.,      151.,      142.,      432.,      437.,      152.
      198.,      142.,      432.,      437.,      152.,      143.,      433.,      438.,      153.
      199.,      143.,      433.,      438.,      153.,      144.,      434.,      439.,      154.
      200.,      144.,      434.,      439.,      154.,      145.,      435.,      440.,      155.
      201.,      151.,      436.,      441.,      161.,      152.,      437.,      442.,      162.
      202.,      152.,      437.,      442.,      162.,      153.,      438.,      443.,      163.
      203.,      153.,      438.,      443.,      163.,      154.,      439.,      444.,      164.
      204.,      154.,      439.,      444.,      164.,      155.,      440.,      445.,      165.
      205.,      161.,      441.,      446.,      171.,      162.,      442.,      447.,      172.
      206.,      162.,      442.,      447.,      172.,      163.,      443.,      448.,      173.
      207.,      163.,      443.,      448.,      173.,      164.,      444.,      449.,      174.
      208.,      164.,      444.,      449.,      174.,      165.,      445.,      450.,      175.
      209.,      171.,      446.,      451.,      181.,      172.,      447.,      452.,      182.
      210.,      172.,      447.,      452.,      182.,      173.,      448.,      453.,      183.
      211.,      173.,      448.,      453.,      183.,      174.,      449.,      454.,      184.
      212.,      174.,      449.,      454.,      184.,      175.,      450.,      455.,      185.
      213.,      181.,      451.,      456.,      191.,      182.,      452.,      457.,      192.
      214.,      182.,      452.,      457.,      192.,      183.,      453.,      458.,      193.
      215.,      183.,      453.,      458.,      193.,      184.,      454.,      459.,      194.
      216.,      184.,      454.,      459.,      194.,      185.,      455.,      460.,      195.
      217.,      191.,      456.,      461.,      201.,      192.,      457.,      462.,      202.
      218.,      192.,      457.,      462.,      202.,      193.,      458.,      463.,      203.
      219.,      193.,      458.,      463.,      203.,      194.,      459.,      464.,      204.
      220.,      194.,      459.,      464.,      204.,      195.,      460.,      465.,      205.
      221.,      201.,      461.,      466.,      211.,      202.,      462.,      467.,      212.
      222.,      202.,      462.,      467.,      212.,      203.,      463.,      468.,      213.
      223.,      203.,      463.,      468.,      213.,      204.,      464.,      469.,      214.
      224.,      204.,      464.,      469.,      214.,      205.,      465.,      470.,      215.
      225.,      211.,      466.,      471.,      221.,      212.,      467.,      472.,      222.
      226.,      212.,      467.,      472.,      222.,      213.,      468.,      473.,      223.
      227.,      213.,      468.,      473.,      223.,      214.,      469.,      474.,      224.
      228.,      214.,      469.,      474.,      224.,      215.,      470.,      475.,      225.
      229.,      221.,      471.,      476.,      231.,      222.,      472.,      477.,      232.
      230.,      222.,      472.,      477.,      232.,      223.,      473.,      478.,      233.
      231.,      223.,      473.,      478.,      233.,      224.,      474.,      479.,      234.
      232.,      224.,      474.,      479.,      234.,      225.,      475.,      480.,      235.
      233.,      231.,      476.,      481.,      241.,      232.,      477.,      482.,      242.
      234.,      232.,      477.,      482.,      242.,      233.,      478.,      483.,      243.
      235.,      233.,      478.,      483.,      243.,      234.,      479.,      484.,      244.
      236.,      234.,      479.,      484.,      244.,      235.,      480.,      485.,      245.
      237.,      241.,      481.,      486.,      251.,      242.,      482.,      487.,      252.
      238.,      242.,      482.,      487.,      252.,      243.,      483.,      488.,      253.
      239.,      243.,      483.,      488.,      253.,      244.,      484.,      489.,      254.
      240.,      244.,      484.,      489.,      254.,      245.,      485.,      490.,      255.
      241.,      251.,      486.,      491.,      261.,      252.,      487.,      492.,      262.
      242.,      252.,      487.,      492.,      262.,      253.,      488.,      493.,      263.
      243.,      253.,      488.,      493.,      263.,      254.,      489.,      494.,      264.
      244.,      254.,      489.,      494.,      264.,      255.,      490.,      495.,      265.
      245.,      261.,      491.,      496.,      271.,      262.,      492.,      497.,      272.
      246.,      262.,      492.,      497.,      272.,      263.,      493.,      498.,      273.
      247.,      263.,      493.,      498.,      273.,      264.,      494.,      499.,      274.
      248.,      264.,      494.,      499.,      274.,      265.,      495.,      500.,      275.
      249.,      271.,      496.,      501.,      281.,      272.,      497.,      502.,      282.
      250.,      272.,      497.,      502.,      282.,      273.,      498.,      503.,      283.
      251.,      273.,      498.,      503.,      283.,      274.,      499.,      504.,      284.
      252.,      274.,      499.,      504.,      284.,      275.,      500.,      505.,      285.
      253.,      281.,      501.,      506.,      291.,      282.,      502.,      507.,      292.
      254.,      282.,      502.,      507.,      292.,      283.,      503.,      508.,      293.
      255.,      283.,      503.,      508.,      293.,      284.,      504.,      509.,      294.
      256.,      284.,      504.,      509.,      294.,      285.,      505.,      510.,      295.
      257.,      291.,      506.,      511.,      301.,      292.,      507.,      512.,      302.
      258.,      292.,      507.,      512.,      302.,      293.,      508.,      513.,      303.
      259.,      293.,      508.,      513.,      303.,      294.,      509.,      514.,      304.
      260.,      294.,      509.,      514.,      304.,      295.,      510.,      515.,      305.
      261.,      301.,      511.,      516.,      311.,      302.,      512.,      517.,      312.
      262.,      302.,      512.,      517.,      312.,      303.,      513.,      518.,      313.
      263.,      303.,      513.,      518.,      313.,      304.,      514.,      519.,      314.
      264.,      304.,      514.,      519.,      314.,      305.,      515.,      520.,      315.
      265.,      311.,      516.,      521.,      321.,      312.,      517.,      522.,      322.
      266.,      312.,      517.,      522.,      322.,      313.,      518.,      523.,      323.
      267.,      313.,      518.,      523.,      323.,      314.,      519.,      524.,      324.
      268.,      314.,      519.,      524.,      324.,      315.,      520.,      525.,      325.
      269.,      321.,      521.,      526.,      331.,      322.,      522.,      527.,      332.
      270.,      322.,      522.,      527.,      332.,      323.,      523.,      528.,      333.
      271.,      323.,      523.,      528.,      333.,      324.,      524.,      529.,      334.
      272.,      324.,      524.,      529.,      334.,      325.,      525.,      530.,      335.
      273.,      331.,      526.,      531.,      341.,      332.,      527.,      532.,      342.
      274.,      332.,      527.,      532.,      342.,      333.,      528.,      533.,      343.
      275.,      333.,      528.,      533.,      343.,      334.,      529.,      534.,      344.
      276.,      334.,      529.,      534.,      344.,      335.,      530.,      535.,      345.
      277.,      341.,      531.,      536.,      351.,      342.,      532.,      537.,      352.
      278.,      342.,      532.,      537.,      352.,      343.,      533.,      538.,      353.
      279.,      343.,      533.,      538.,      353.,      344.,      534.,      539.,      354.
      280.,      344.,      534.,      539.,      354.,      345.,      535.,      540.,      355.
      281.,      361.,      541.,      546.,      366.,      362.,      542.,      547.,      367.
      282.,      362.,      542.,      547.,      367.,      363.,      543.,      548.,      368.
      283.,      363.,      543.,      548.,      368.,      364.,      544.,      549.,      369.
      284.,      364.,      544.,      549.,      369.,      365.,      545.,      550.,      370.
      285.,      366.,      546.,      551.,      371.,      367.,      547.,      552.,      372.
      286.,      367.,      547.,      552.,      372.,      368.,      548.,      553.,      373.
      287.,      368.,      548.,      553.,      373.,      369.,      549.,      554.,      374.
      288.,      369.,      549.,      554.,      374.,      370.,      550.,      555.,      375.
      289.,      371.,      551.,      556.,      376.,      372.,      552.,      557.,      377.
      290.,      372.,      552.,      557.,      377.,      373.,      553.,      558.,      378.
      291.,      373.,      553.,      558.,      378.,      374.,      554.,      559.,      379.
      292.,      374.,      554.,      559.,      379.,      375.,      555.,      560.,      380.
      293.,      376.,      556.,      561.,      381.,      377.,      557.,      562.,      382.
      294.,      377.,      557.,      562.,      382.,      378.,      558.,      563.,      383.
      295.,      378.,      558.,      563.,      383.,      379.,      559.,      564.,      384.
      296.,      379.,      559.,      564.,      384.,      380.,      560.,      565.,      385.
      297.,      381.,      561.,      566.,      386.,      382.,      562.,      567.,      387.
      298.,      382.,      562.,      567.,      387.,      383.,      563.,      568.,      388.
      299.,      383.,      563.,      568.,      388.,      384.,      564.,      569.,      389.
      300.,      384.,      564.,      569.,      389.,      385.,      565.,      570.,      390.
      301.,      386.,      566.,      571.,      391.,      387.,      567.,      572.,      392.
      302.,      387.,      567.,      572.,      392.,      388.,      568.,      573.,      393.
      303.,      388.,      568.,      573.,      393.,      389.,      569.,      574.,      394.
      304.,      389.,      569.,      574.,      394.,      390.,      570.,      575.,      395.
      305.,      391.,      571.,      576.,      396.,      392.,      572.,      577.,      397.
      306.,      392.,      572.,      577.,      397.,      393.,      573.,      578.,      398.
      307.,      393.,      573.,      578.,      398.,      394.,      574.,      579.,      399.
      308.,      394.,      574.,      579.,      399.,      395.,      575.,      580.,      400.
      309.,      396.,      576.,      581.,      401.,      397.,      577.,      582.,      402.
      310.,      397.,      577.,      582.,      402.,      398.,      578.,      583.,      403.
      311.,      398.,      578.,      583.,      403.,      399.,      579.,      584.,      404.
      312.,      399.,      579.,      584.,      404.,      400.,      580.,      585.,      405.
      313.,      401.,      581.,      586.,      406.,      402.,      582.,      587.,      407.
      314.,      402.,      582.,      587.,      407.,      403.,      583.,      588.,      408.
      315.,      403.,      583.,      588.,      408.,      404.,      584.,      589.,      409.
      316.,      404.,      584.,      589.,      409.,      405.,      585.,      590.,      410.
      317.,      406.,      586.,      591.,      411.,      407.,      587.,      592.,      412.
      318.,      407.,      587.,      592.,      412.,      408.,      588.,      593.,      413.
      319.,      408.,      588.,      593.,      413.,      409.,      589.,      594.,      414.
      320.,      409.,      589.,      594.,      414.,      410.,      590.,      595.,      415.
      321.,      411.,      591.,      596.,      416.,      412.,      592.,      597.,      417.
      322.,      412.,      592.,      597.,      417.,      413.,      593.,      598.,      418.
      323.,      413.,      593.,      598.,      418.,      414.,      594.,      599.,      419.
      324.,      414.,      594.,      599.,      419.,      415.,      595.,      600.,      420.
      325.,      416.,      596.,      601.,      421.,      417.,      597.,      602.,      422.
      326.,      417.,      597.,      602.,      422.,      418.,      598.,      603.,      423.
      327.,      418.,      598.,      603.,      423.,      419.,      599.,      604.,      424.
      328.,      419.,      599.,      604.,      424.,      420.,      600.,      605.,      425.
      329.,      421.,      601.,      606.,      426.,      422.,      602.,      607.,      427.
      330.,      422.,      602.,      607.,      427.,      423.,      603.,      608.,      428.
      331.,      423.,      603.,      608.,      428.,      424.,      604.,      609.,      429.
      332.,      424.,      604.,      609.,      429.,      425.,      605.,      610.,      430.
      333.,      426.,      606.,      611.,      431.,      427.,      607.,      612.,      432.
      334.,      427.,      607.,      612.,      432.,      428.,      608.,      613.,      433.
      335.,      428.,      608.,      613.,      433.,      429.,      609.,      614.,      434.
      336.,      429.,      609.,      614.,      434.,      430.,      610.,      615.,      435.
      337.,      431.,      611.,      616.,      436.,      432.,      612.,      617.,      437.
      338.,      432.,      612.,      617.,      437.,      433.,      613.,      618.,      438.
      339.,      433.,      613.,      618.,      438.,      434.,      614.,      619.,      439.
      340.,      434.,      614.,      619.,      439.,      435.,      615.,      620.,      440.
      341.,      436.,      616.,      621.,      441.,      437.,      617.,      622.,      442.
      342.,      437.,      617.,      622.,      442.,      438.,      618.,      623.,      443.
      343.,      438.,      618.,      623.,      443.,      439.,      619.,      624.,      444.
      344.,      439.,      619.,      624.,      444.,      440.,      620.,      625.,      445.
      345.,      441.,      621.,      626.,      446.,      442.,      622.,      627.,      447.
      346.,      442.,      622.,      627.,      447.,      443.,      623.,      628.,      448.
      347.,      443.,      623.,      628.,      448.,      444.,      624.,      629.,      449.
      348.,      444.,      624.,      629.,      449.,      445.,      625.,      630.,      450.
      349.,      446.,      626.,      631.,      451.,      447.,      627.,      632.,      452.
      350.,      447.,      627.,      632.,      452.,      448.,      628.,      633.,      453.
      351.,      448.,      628.,      633.,      453.,      449.,      629.,      634.,      454.
      352.,      449.,      629.,      634.,      454.,      450.,      630.,      635.,      455.
      353.,      451.,      631.,      636.,      456.,      452.,      632.,      637.,      457.
      354.,      452.,      632.,      637.,      457.,      453.,      633.,      638.,      458.
      355.,      453.,      633.,      638.,      458.,      454.,      634.,      639.,      459.
      356.,      454.,      634.,      639.,      459.,      455.,      635.,      640.,      460.
      357.,      456.,      636.,      641.,      461.,      457.,      637.,      642.,      462.
      358.,      457.,      637.,      642.,      462.,      458.,      638.,      643.,      463.
      359.,      458.,      638.,      643.,      463.,      459.,      639.,      644.,      464.
      360.,      459.,      639.,      644.,      464.,      460.,      640.,      645.,      465.
      361.,      461.,      641.,      646.,      466.,      462.,      642.,      647.,      467.
      362.,      462.,      642.,      647.,      467.,      463.,      643.,      648.,      468.
      363.,      463.,      643.,      648.,      468.,      464.,      644.,      649.,      469.
      364.,      464.,      644.,      649.,      469.,      465.,      645.,      650.,      470.
      365.,      466.,      646.,      651.,      471.,      467.,      647.,      652.,      472.
      366.,      467.,      647.,      652.,      472.,      468.,      648.,      653.,      473.
      367.,      468.,      648.,      653.,      473.,      469.,      649.,      654.,      474.
      368.,      469.,      649.,      654.,      474.,      470.,      650.,      655.,      475.
      369.,      471.,      651.,      656.,      476.,      472.,      652.,      657.,      477.
      370.,      472.,      652.,      657.,      477.,      473.,      653.,      658.,      478.
      371.,      473.,      653.,      658.,      478.,      474.,      654.,      659.,      479.
      372.,      474.,      654.,      659.,      479.,      475.,      655.,      660.,      480.
      373.,      476.,      656.,      661.,      481.,      477.,      657.,      662.,      482.
      374.,      477.,      657.,      662.,      482.,      478.,      658.,      663.,      483.
      375.,      478.,      658.,      663.,      483.,      479.,      659.,      664.,      484.
      376.,      479.,      659.,      664.,      484.,      480.,      660.,      665.,      485.
      377.,      481.,      661.,      666.,      486.,      482.,      662.,      667.,      487.
      378.,      482.,      662.,      667.,      487.,      483.,      663.,      668.,      488.
      379.,      483.,      663.,      668.,      488.,      484.,      664.,      669.,      489.
      380.,      484.,      664.,      669.,      489.,      485.,      665.,      670.,      490.
      381.,      486.,      666.,      671.,      491.,      487.,      667.,      672.,      492.
      382.,      487.,      667.,      672.,      492.,      488.,      668.,      673.,      493.
      383.,      488.,      668.,      673.,      493.,      489.,      669.,      674.,      494.
      384.,      489.,      669.,      674.,      494.,      490.,      670.,      675.,      495.
      385.,      491.,      671.,      676.,      496.,      492.,      672.,      677.,      497.
      386.,      492.,      672.,      677.,      497.,      493.,      673.,      678.,      498.
      387.,      493.,      673.,      678.,      498.,      494.,      674.,      679.,      499.
      388.,      494.,      674.,      679.,      499.,      495.,      675.,      680.,      500.
      389.,      496.,      676.,      681.,      501.,      497.,      677.,      682.,      502.
      390.,      497.,      677.,      682.,      502.,      498.,      678.,      683.,      503.
      391.,      498.,      678.,      683.,      503.,      499.,      679.,      684.,      504.
      392.,      499.,      679.,      684.,      504.,      500.,      680.,      685.,      505.
      393.,      501.,      681.,      686.,      506.,      502.,      682.,      687.,      507.
      394.,      502.,      682.,      687.,      507.,      503.,      683.,      688.,      508.
      395.,      503.,      683.,      688.,      508.,      504.,      684.,      689.,      509.
      396.,      504.,      684.,      689.,      509.,      505.,      685.,      690.,      510.
      397.,      506.,      686.,      691.,      511.,      507.,      687.,      692.,      512.
      398.,      507.,      687.,      692.,      512.,      508.,      688.,      693.,      513.
      399.,      508.,      688.,      693.,      513.,      509.,      689.,      694.,      514.
      400.,      509.,      689.,      694.,      514.,      510.,      690.,      695.,      515.
      401.,      511.,      691.,      696.,      516.,      512.,      692.,      697.,      517.
      402.,      512.,      692.,      697.,      517.,      513.,      693.,      698.,      518.
      403.,      513.,      693.,      698.,      518.,      514.,      694.,      699.,      519.
      404.,      514.,      694.,      699.,      519.,      515.,      695.,      700.,      520.
      405.,      516.,      696.,      701.,      521.,      517.,      697.,      702.,      522.
      406.,      517.,      697.,      702.,      522.,      518.,      698.,      703.,      523.
      407.,      518.,      698.,      703.,      523.,      519.,      699.,      704.,      524.
      408.,      519.,      699.,      704.,      524.,      520.,      700.,      705.,      525.
      409.,      521.,      701.,      706.,      526.,      522.,      702.,      707.,      527.
      410.,      522.,      702.,      707.,      527.,      523.,      703.,      708.,      528.
      411.,      523.,      703.,      708.,      528.,      524.,      704.,      709.,      529.
      412.,      524.,      704.,      709.,      529.,      525.,      705.,      710.,      530.
      413.,      526.,      706.,      711.,      531.,      527.,      707.,      712.,      532.
      414.,      527.,      707.,      712.,      532.,      528.,      708.,      713.,      533.
      415.,      528.,      708.,      713.,      533.,      529.,      709.,      714.,      534.
      416.,      529.,      709.,      714.,      534.,      530.,      710.,      715.,      535.
      417.,      531.,      711.,      716.,      536.,      532.,      712.,      717.,      537.
      418.,      532.,      712.,      717.,      537.,      533.,      713.,      718.,      538.
      419.,      533.,      713.,      718.,      538.,      534.,      714.,      719.,      539.
      420.,      534.,      714.,      719.,      539.,      535.,      715.,      720.,      540.
      421.,      541.,      721.,      726.,      546.,      542.,      722.,      727.,      547.
      422.,      542.,      722.,      727.,      547.,      543.,      723.,      728.,      548.
      423.,      543.,      723.,      728.,      548.,      544.,      724.,      729.,      549.
      424.,      544.,      724.,      729.,      549.,      545.,      725.,      730.,      550.
      425.,      546.,      726.,      731.,      551.,      547.,      727.,      732.,      552.
      426.,      547.,      727.,      732.,      552.,      548.,      728.,      733.,      553.
      427.,      548.,      728.,      733.,      553.,      549.,      729.,      734.,      554.
      428.,      549.,      729.,      734.,      554.,      550.,      730.,      735.,      555.
      429.,      551.,      731.,      736.,      556.,      552.,      732.,      737.,      557.
      430.,      552.,      732.,      737.,      557.,      553.,      733.,      738.,      558.
      431.,      553.,      733.,      738.,      558.,      554.,      734.,      739.,      559.
      432.,      554.,      734.,      739.,      559.,      555.,      735.,      740.,      560.
      433.,      556.,      736.,      741.,      561.,      557.,      737.,      742.,      562.
      434.,      557.,      737.,      742.,      562.,      558.,      738.,      743.,      563.
      435.,      558.,      738.,      743.,      563.,      559.,      739.,      744.,      564.
      436.,      559.,      739.,      744.,      564.,      560.,      740.,      745.,      565.
      437.,      561.,      741.,      746.,      566.,      562.,      742.,      747.,      567.
      438.,      562.,      742.,      747.,      567.,      563.,      743.,      748.,      568.
      439.,      563.,      743.,      748.,      568.,      564.,      744.,      749.,      569.
      440.,      564.,      744.,      749.,      569.,      565.,      745.,      750.,      570.
      441.,      566.,      746.,      751.,      571.,      567.,      747.,      752.,      572.
      442.,      567.,      747.,      752.,      572.,      568.,      748.,      753.,      573.
      443.,      568.,      748.,      753.,      573.,      569.,      749.,      754.,      574.
      444.,      569.,      749.,      754.,      574.,      570.,      750.,      755.,      575.
      445.,      571.,      751.,      756.,      576.,      572.,      752.,      757.,      577.
      446.,      572.,      752.,      757.,      577.,      573.,      753.,      758.,      578.
      447.,      573.,      753.,      758.,      578.,      574.,      754.,      759.,      579.
      448.,      574.,      754.,      759.,      579.,      575.,      755.,      760.,      580.
      449.,      576.,      756.,      761.,      581.,      577.,      757.,      762.,      582.
      450.,      577.,      757.,      762.,      582.,      578.,      758.,      763.,      583.
      451.,      578.,      758.,      763.,      583.,      579.,      759.,      764.,      584.
      452.,      579.,      759.,      764.,      584.,      580.,      760.,      765.,      585.
      453.,      581.,      761.,      766.,      586.,      582.,      762.,      767.,      587.
      454.,      582.,      762.,      767.,      587.,      583.,      763.,      768.,      588.
      455.,      583.,      763.,      768.,      588.,      584.,      764.,      769.,      589.
      456.,      584.,      764.,      769.,      589.,      585.,      765.,      770.,      590.
      457.,      586.,      766.,      771.,      591.,      587.,      767.,      772.,      592.
      458.,      587.,      767.,      772.,      592.,      588.,      768.,      773.,      593.
      459.,      588.,      768.,      773.,      593.,      589.,      769.,      774.,      594.
      460.,      589.,      769.,      774.,      594.,      590.,      770.,      775.,      595.
      461.,      591.,      771.,      776.,      596.,      592.,      772.,      777.,      597.
      462.,      592.,      772.,      777.,      597.,      593.,      773.,      778.,      598.
      463.,      593.,      773.,      778.,      598.,      594.,      774.,      779.,      599.
      464.,      594.,      774.,      779.,      599.,      595.,      775.,      780.,      600.
      465.,      596.,      776.,      781.,      601.,      597.,      777.,      782.,      602.
      466.,      597.,      777.,      782.,      602.,      598.,      778.,      783.,      603.
      467.,      598.,      778.,      783.,      603.,      599.,      779.,      784.,      604.
      468.,      599.,      779.,      784.,      604.,      600.,      780.,      785.,      605.
      469.,      601.,      781.,      786.,      606.,      602.,      782.,      787.,      607.
      470.,      602.,      782.,      787.,      607.,      603.,      783.,      788.,      608.
      471.,      603.,      783.,      788.,      608.,      604.,      784.,      789.,      609.
      472.,      604.,      784.,      789.,      609.,      605.,      785.,      790.,      610.
      473.,      606.,      786.,      791.,      611.,      607.,      787.,      792.,      612.
      474.,      607.,      787.,      792.,      612.,      608.,      788.,      793.,      613.
      475.,      608.,      788.,      793.,      613.,      609.,      789.,      794.,      614.
      476.,      609.,      789.,      794.,      614.,      610.,      790.,      795.,      615.
      477.,      611.,      791.,      796.,      616.,      612.,      792.,      797.,      617.
      478.,      612.,      792.,      797.,      617.,      613.,      793.,      798.,      618.
      479.,      613.,      793.,      798.,      618.,      614.,      794.,      799.,      619.
      480.,      614.,      794.,      799.,      619.,      615.,      795.,      800.,      620.
      481.,      616.,      796.,      801.,      621.,      617.,      797.,      802.,      622.
      482.,      617.,      797.,      802.,      622.,      618.,      798.,      803.,      623.
      483.,      618.,      798.,      803.,      623.,      619.,      799.,      804.,      624.
      484.,      619.,      799.,      804.,      624.,      620.,      800.,      805.,      625.
      485.,      621.,      801.,      806.,      626.,      622.,      802.,      807.,      627.
      486.,      622.,      802.,      807.,      627.,      623.,      803.,      808.,      628.
      487.,      623.,      803.,      808.,      628.,      624.,      804.,      809.,      629.
      488.,      624.,      804.,      809.,      629.,      625.,      805.,      810.,      630.
      489.,      626.,      806.,      811.,      631.,      627.,      807.,      812.,      632.
      490.,      627.,      807.,      812.,      632.,      628.,      808.,      813.,      633.
      491.,      628.,      808.,      813.,      633.,      629.,      809.,      814.,      634.
      492.,      629.,      809.,      814.,      634.,      630.,      810.,      815.,      635.
      493.,      631.,      811.,      816.,      636.,      632.,      812.,      817.,      637.
      494.,      632.,      812.,      817.,      637.,      633.,      813.,      818.,      638.
      495.,      633.,      813.,      818.,      638.,      634.,      814.,      819.,      639.
      496.,      634.,      814.,      819.,      639.,      635.,      815.,      820.,      640.
      497.,      636.,      816.,      821.,      641.,      637.,      817.,      822.,      642.
      498.,      637.,      817.,      822.,      642.,      638.,      818.,      823.,      643.
      499.,      638.,      818.,      823.,      643.,      639.,      819.,      824.,      644.
      500.,      639.,      819.,      824.,      644.,      640.,      820.,      825.,      645.
      501.,      641.,      821.,      826.,      646.,      642.,      822.,      827.,      647.
      502.,      642.,      822.,      827.,      647.,      643.,      823.,      828.,      648.
      503.,      643.,      823.,      828.,      648.,      644.,      824.,      829.,      649.
      504.,      644.,      824.,      829.,      649.,      645.,      825.,      830.,      650.
      505.,      646.,      826.,      831.,      651.,      647.,      827.,      832.,      652.
      506.,      647.,      827.,      832.,      652.,      648.,      828.,      833.,      653.
      507.,      648.,      828.,      833.,      653.,      649.,      829.,      834.,      654.
      508.,      649.,      829.,      834.,      654.,      650.,      830.,      835.,      655.
      509.,      651.,      831.,      836.,      656.,      652.,      832.,      837.,      657.
      510.,      652.,      832.,      837.,      657.,      653.,      833.,      838.,      658.
      511.,      653.,      833.,      838.,      658.,      654.,      834.,      839.,      659.
      512.,      654.,      834.,      839.,      659.,      655.,      835.,      840.,      660.
      513.,      656.,      836.,      841.,      661.,      657.,      837.,      842.,      662.
      514.,      657.,      837.,      842.,      662.,      658.,      838.,      843.,      663.
      515.,      658.,      838.,      843.,      663.,      659.,      839.,      844.,      664.
      516.,      659.,      839.,      844.,      664.,      660.,      840.,      845.,      665.
      517.,      661.,      841.,      846.,      666.,      662.,      842.,      847.,      667.
      518.,      662.,      842.,      847.,      667.,      663.,      843.,      848.,      668.
      519.,      663.,      843.,      848.,      668.,      664.,      844.,      849.,      669.
      520.,      664.,      844.,      849.,      669.,      665.,      845.,      850.,      670.
      521.,      666.,      846.,      851.,      671.,      667.,      847.,      852.,      672.
      522.,      667.,      847.,      852.,      672.,      668.,      848.,      853.,      673.
      523.,      668.,      848.,      853.,      673.,      669.,      849.,      854.,      674.
      524.,      669.,      849.,      854.,      674.,      670.,      850.,      855.,      675.
      525.,      671.,      851.,      856.,      676.,      672.,      852.,      857.,      677.
      526.,      672.,      852.,      857.,      677.,      673.,      853.,      858.,      678.
      527.,      673.,      853.,      858.,      678.,      674.,      854.,      859.,      679.
      528.,      674.,      854.,      859.,      679.,      675.,      855.,      860.,      680.
      529.,      676.,      856.,      861.,      681.,      677.,      857.,      862.,      682.
      530.,      677.,      857.,      862.,      682.,      678.,      858.,      863.,      683.
      531.,      678.,      858.,      863.,      683.,      679.,      859.,      864.,      684.
      532.,      679.,      859.,      864.,      684.,      680.,      860.,      865.,      685.
      533.,      681.,      861.,      866.,      686.,      682.,      862.,      867.,      687.
      534.,      682.,      862.,      867.,      687.,      683.,      863.,      868.,      688.
      535.,      683.,      863.,      868.,      688.,      684.,      864.,      869.,      689.
      536.,      684.,      864.,      869.,      689.,      685.,      865.,      870.,      690.
      537.,      686.,      866.,      871.,      691.,      687.,      867.,      872.,      692.
      538.,      687.,      867.,      872.,      692.,      688.,      868.,      873.,      693.
      539.,      688.,      868.,      873.,      693.,      689.,      869.,      874.,      694.
      540.,      689.,      869.,      874.,      694.,      690.,      870.,      875.,      695.
      541.,      691.,      871.,      876.,      696.,      692.,      872.,      877.,      697.
      542.,      692.,      872.,      877.,      697.,      693.,      873.,      878.,      698.
      543.,      693.,      873.,      878.,      698.,      694.,      874.,      879.,      699.
      544.,      694.,      874.,      879.,      699.,      695.,      875.,      880.,      700.
      545.,      696.,      876.,      881.,      701.,      697.,      877.,      882.,      702.
      546.,      697.,      877.,      882.,      702.,      698.,      878.,      883.,      703.
      547.,      698.,      878.,      883.,      703.,      699.,      879.,      884.,      704.
      548.,      699.,      879.,      884.,      704.,      700.,      880.,      885.,      705.
      549.,      701.,      881.,      886.,      706.,      702.,      882.,      887.,      707.
      550.,      702.,      882.,      887.,      707.,      703.,      883.,      888.,      708.
      551.,      703.,      883.,      888.,      708.,      704.,      884.,      889.,      709.
      552.,      704.,      884.,      889.,      709.,      705.,      885.,      890.,      710.
      553.,      706.,      886.,      891.,      711.,      707.,      887.,      892.,      712.
      554.,      707.,      887.,      892.,      712.,      708.,      888.,      893.,      713.
      555.,      708.,      888.,      893.,      713.,      709.,      889.,      894.,      714.
      556.,      709.,      889.,      894.,      714.,      710.,      890.,      895.,      715.
      557.,      711.,      891.,      896.,      716.,      712.,      892.,      897.,      717.
      558.,      712.,      892.,      897.,      717.,      713.,      893.,      898.,      718.
      559.,      713.,      893.,      898.,      718.,      714.,      894.,      899.,      719.
      560.,      714.,      894.,      899.,      719.,      715.,      895.,      900.,      720.
      561.,      721.,      901.,      906.,      726.,      722.,      902.,      907.,      727.
      562.,      722.,      902.,      907.,      727.,      723.,      903.,      908.,      728.
      563.,      723.,      903.,      908.,      728.,      724.,      904.,      909.,      729.
      564.,      724.,      904.,      909.,      729.,      725.,      905.,      910.,      730.
      565.,      726.,      906.,      911.,      731.,      727.,      907.,      912.,      732.
      566.,      727.,      907.,      912.,      732.,      728.,      908.,      913.,      733.
      567.,      728.,      908.,      913.,      733.,      729.,      909.,      914.,      734.
      568.,      729.,      909.,      914.,      734.,      730.,      910.,      915.,      735.
      569.,      731.,      911.,      916.,      736.,      732.,      912.,      917.,      737.
      570.,      732.,      912.,      917.,      737.,      733.,      913.,      918.,      738.
      571.,      733.,      913.,      918.,      738.,      734.,      914.,      919.,      739.
      572.,      734.,      914.,      919.,      739.,      735.,      915.,      920.,      740.
      573.,      736.,      916.,      921.,      741.,      737.,      917.,      922.,      742.
      574.,      737.,      917.,      922.,      742.,      738.,      918.,      923.,      743.
      575.,      738.,      918.,      923.,      743.,      739.,      919.,      924.,      744.
      576.,      739.,      919.,      924.,      744.,      740.,      920.,      925.,      745.
      577.,      741.,      921.,      926.,      746.,      742.,      922.,      927.,      747.
      578.,      742.,      922.,      927.,      747.,      743.,      923.,      928.,      748.
      579.,      743.,      923.,      928.,      748.,      744.,      924.,      929.,      749.
      580.,      744.,      924.,      929.,      749.,      745.,      925.,      930.,      750.
      581.,      746.,      926.,      931.,      751.,      747.,      927.,      932.,      752.
      582.,      747.,      927.,      932.,      752.,      748.,      928.,      933.,      753.
      583.,      748.,      928.,      933.,      753.,      749.,      929.,      934.,      754.
      584.,      749.,      929.,      934.,      754.,      750.,      930.,      935.,      755.
      585.,      751.,      931.,      936.,      756.,      752.,      932.,      937.,      757.
      586.,      752.,      932.,      937.,      757.,      753.,      933.,      938.,      758.
      587.,      753.,      933.,      938.,      758.,      754.,      934.,      939.,      759.
      588.,      754.,      934.,      939.,      759.,      755.,      935.,      940.,      760.
      589.,      756.,      936.,      941.,      761.,      757.,      937.,      942.,      762.
      590.,      757.,      937.,      942.,      762.,      758.,      938.,      943.,      763.
      591.,      758.,      938.,      943.,      763.,      759.,      939.,      944.,      764.
      592.,      759.,      939.,      944.,      764.,      760.,      940.,      945.,      765.
      593.,      761.,      941.,      946.,      766.,      762.,      942.,      947.,      767.
      594.,      762.,      942.,      947.,      767.,      763.,      943.,      948.,      768.
      595.,      763.,      943.,      948.,      768.,      764.,      944.,      949.,      769.
      596.,      764.,      944.,      949.,      769.,      765.,      945.,      950.,      770.
      597.,      766.,      946.,      951.,      771.,      767.,      947.,      952.,      772.
      598.,      767.,      947.,      952.,      772.,      768.,      948.,      953.,      773.
      599.,      768.,      948.,      953.,      773.,      769.,      949.,      954.,      774.
      600.,      769.,      949.,      954.,      774.,      770.,      950.,      955.,      775.
      601.,      771.,      951.,      956.,      776.,      772.,      952.,      957.,      777.
      602.,      772.,      952.,      957.,      777.,      773.,      953.,      958.,      778.
      603.,      773.,      953.,      958.,      778.,      774.,      954.,      959.,      779.
      604.,      774.,      954.,      959.,      779.,      775.,      955.,      960.,      780.
      605.,      776.,      956.,      961.,      781.,      777.,      957.,      962.,      782.
      606.,      777.,      957.,      962.,      782.,      778.,      958.,      963.,      783.
      607.,      778.,      958.,      963.,      783.,      779.,      959.,      964.,      784.
      608.,      779.,      959.,      964.,      784.,      780.,      960.,      965.,      785.
      609.,      781.,      961.,      966.,      786.,      782.,      962.,      967.,      787.
      610.,      782.,      962.,      967.,      787.,      783.,      963.,      968.,      788.
      611.,      783.,      963.,      968.,      788.,      784.,      964.,      969.,      789.
      612.,      784.,      964.,      969.,      789.,      785.,      965.,      970.,      790.
      613.,      786.,      966.,      971.,      791.,      787.,      967.,      972.,      792.
      614.,      787.,      967.,      972.,      792.,      788.,      968.,      973.,      793.
      615.,      788.,      968.,      973.,      793.,      789.,      969.,      974.,      794.
      616.,      789.,      969.,      974.,      794.,      790.,      970.,      975.,      795.
      617.,      791.,      971.,      976.,      796.,      792.,      972.,      977.,      797.
      618.,      792.,      972.,      977.,      797.,      793.,      973.,      978.,      798.
      619.,      793.,      973.,      978.,      798.,      794.,      974.,      979.,      799.
      620.,      794.,      974.,      979.,      799.,      795.,      975.,      980.,      800.
      621.,      796.,      976.,      981.,      801.,      797.,      977.,      982.,      802.
      622.,      797.,      977.,      982.,      802.,      798.,      978.,      983.,      803.
      623.,      798.,      978.,      983.,      803.,      799.,      979.,      984.,      804.
      624.,      799.,      979.,      984.,      804.,      800.,      980.,      985.,      805.
      625.,      801.,      981.,      986.,      806.,      802.,      982.,      987.,      807.
      626.,      802.,      982.,      987.,      807.,      803.,      983.,      988.,      808.
      627.,      803.,      983.,      988.,      808.,      804.,      984.,      989.,      809.
      628.,      804.,      984.,      989.,      809.,      805.,      985.,      990.,      810.
      629.,      806.,      986.,      991.,      811.,      807.,      987.,      992.,      812.
      630.,      807.,      987.,      992.,      812.,      808.,      988.,      993.,      813.
      631.,      808.,      988.,      993.,      813.,      809.,      989.,      994.,      814.
      632.,      809.,      989.,      994.,      814.,      810.,      990.,      995.,      815.
      633.,      811.,      991.,      996.,      816.,      812.,      992.,      997.,      817.
      634.,      812.,      992.,      997.,      817.,      813.,      993.,      998.,      818.
      635.,      813.,      993.,      998.,      818.,      814.,      994.,      999.,      819.
      636.,      814.,      994.,      999.,      819.,      815.,      995.,     1000.,      820.
      637.,      816.,      996.,     1001.,      821.,      817.,      997.,     1002.,      822.
      638.,      817.,      997.,     1002.,      822.,      818.,      998.,     1003.,      823.
      639.,      818.,      998.,     1003.,      823.,      819.,      999.,     1004.,      824.
      640.,      819.,      999.,     1004.,      824.,      820.,     1000.,     1005.,      825.
      641.,      821.,     1001.,     1006.,      826.,      822.,     1002.,     1007.,      827.
      642.,      822.,     1002.,     1007.,      827.,      823.,     1003.,     1008.,      828.
      643.,      823.,     1003.,     1008.,      828.,      824.,     1004.,     1009.,      829.
      644.,      824.,     1004.,     1009.,      829.,      825.,     1005.,     1010.,      830.
      645.,      826.,     1006.,     1011.,      831.,      827.,     1007.,     1012.,      832.
      646.,      827.,     1007.,     1012.,      832.,      828.,     1008.,     1013.,      833.
      647.,      828.,     1008.,     1013.,      833.,      829.,     1009.,     1014.,      834.
      648.,      829.,     1009.,     1014.,      834.,      830.,     1010.,     1015.,      835.
      649.,      831.,     1011.,     1016.,      836.,      832.,     1012.,     1017.,      837.
      650.,      832.,     1012.,     1017.,      837.,      833.,     1013.,     1018.,      838.
      651.,      833.,     1013.,     1018.,      838.,      834.,     1014.,     1019.,      839.
      652.,      834.,     1014.,     1019.,      839.,      835.,     1015.,     1020.,      840.
      653.,      836.,     1016.,     1021.,      841.,      837.,     1017.,     1022.,      842.
      654.,      837.,     1017.,     1022.,      842.,      838.,     1018.,     1023.,      843.
      655.,      838.,     1018.,     1023.,      843.,      839.,     1019.,     1024.,      844.
      656.,      839.,     1019.,     1024.,      844.,      840.,     1020.,     1025.,      845.
      657.,      841.,     1021.,     1026.,      846.,      842.,     1022.,     1027.,      847.
      658.,      842.,     1022.,     1027.,      847.,      843.,     1023.,     1028.,      848.
      659.,      843.,     1023.,     1028.,      848.,      844.,     1024.,     1029.,      849.
      660.,      844.,     1024.,     1029.,      849.,      845.,     1025.,     1030.,      850.
      661.,      846.,     1026.,     1031.,      851.,      847.,     1027.,     1032.,      852.
      662.,      847.,     1027.,     1032.,      852.,      848.,     1028.,     1033.,      853.
      663.,      848.,     1028.,     1033.,      853.,      849.,     1029.,     1034.,      854.
      664.,      849.,     1029.,     1034.,      854.,      850.,     1030.,     1035.,      855.
      665.,      851.,     1031.,     1036.,      856.,      852.,     1032.,     1037.,      857.
      666.,      852.,     1032.,     1037.,      857.,      853.,     1033.,     1038.,      858.
      667.,      853.,     1033.,     1038.,      858.,      854.,     1034.,     1039.,      859.
      668.,      854.,     1034.,     1039.,      859.,      855.,     1035.,     1040.,      860.
      669.,      856.,     1036.,     1041.,      861.,      857.,     1037.,     1042.,      862.
      670.,      857.,     1037.,     1042.,      862.,      858.,     1038.,     1043.,      863.
      671.,      858.,     1038.,     1043.,      863.,      859.,     1039.,     1044.,      864.
      672.,      859.,     1039.,     1044.,      864.,      860.,     1040.,     1045.,      865.
      673.,      861.,     1041.,     1046.,      866.,      862.,     1042.,     1047.,      867.
      674.,      862.,     1042.,     1047.,      867.,      863.,     1043.,     1048.,      868.
      675.,      863.,     1043.,     1048.,      868.,      864.,     1044.,     1049.,      869.
      676.,      864.,     1044.,     1049.,      869.,      865.,     1045.,     1050.,      870.
      677.,      866.,     1046.,     1051.,      871.,      867.,     1047.,     1052.,      872.
      678.,      867.,     1047.,     1052.,      872.,      868.,     1048.,     1053.,      873.
      679.,      868.,     1048.,     1053.,      873.,      869.,     1049.,     1054.,      874.
      680.,      869.,     1049.,     1054.,      874.,      870.,     1050.,     1055.,      875.
      681.,      871.,     1051.,     1056.,      876.,      872.,     1052.,     1057.,      877.
      682.,      872.,     1052.,     1057.,      877.,      873.,     1053.,     1058.,      878.
      683.,      873.,     1053.,     1058.,      878.,      874.,     1054.,     1059.,      879.
      684.,      874.,     1054.,     1059.,      879.,      875.,     1055.,     1060.,      880.
      685.,      876.,     1056.,     1061.,      881.,      877.,     1057.,     1062.,      882.
      686.,      877.,     1057.,     1062.,      882.,      878.,     1058.,     1063.,      883.
      687.,      878.,     1058.,     1063.,      883.,      879.,     1059.,     1064.,      884.
      688.,      879.,     1059.,     1064.,      884.,      880.,     1060.,     1065.,      885.
      689.,      881.,     1061.,     1066.,      886.,      882.,     1062.,     1067.,      887.
      690.,      882.,     1062.,     1067.,      887.,      883.,     1063.,     1068.,      888.
      691.,      883.,     1063.,     1068.,      888.,      884.,     1064.,     1069.,      889.
      692.,      884.,     1064.,     1069.,      889.,      885.,     1065.,     1070.,      890.
      693.,      886.,     1066.,     1071.,      891.,      887.,     1067.,     1072.,      892.
      694.,      887.,     1067.,     1072.,      892.,      888.,     1068.,     1073.,      893.
      695.,      888.,     1068.,     1073.,      893.,      889.,     1069.,     1074.,      894.
      696.,      889.,     1069.,     1074.,      894.,      890.,     1070.,     1075.,      895.
      697.,      891.,     1071.,     1076.,      896.,      892.,     1072.,     1077.,      897.
      698.,      892.,     1072.,     1077.,      897.,      893.,     1073.,     1078.,      898.
      699.,      893.,     1073.,     1078.,      898.,      894.,     1074.,     1079.,      899.
      700.,      894.,     1074.,     1079.,      899.,      895.,     1075.,     1080.,      900.
      701.,      901.,     1081.,     1086.,      906.,      902.,     1082.,     1087.,      907.
      702.,      902.,     1082.,     1087.,      907.,      903.,     1083.,     1088.,      908.
      703.,      903.,     1083.,     1088.,      908.,      904.,     1084.,     1089.,      909.
      704.,      904.,     1084.,     1089.,      909.,      905.,     1085.,     1090.,      910.
      705.,      906.,     1086.,     1091.,      911.,      907.,     1087.,     1092.,      912.
      706.,      907.,     1087.,     1092.,      912.,      908.,     1088.,     1093.,      913.
      707.,      908.,     1088.,     1093.,      913.,      909.,     1089.,     1094.,      914.
      708.,      909.,     1089.,     1094.,      914.,      910.,     1090.,     1095.,      915.
      709.,      911.,     1091.,     1096.,      916.,      912.,     1092.,     1097.,      917.
      710.,      912.,     1092.,     1097.,      917.,      913.,     1093.,     1098.,      918.
      711.,      913.,     1093.,     1098.,      918.,      914.,     1094.,     1099.,      919.
      712.,      914.,     1094.,     1099.,      919.,      915.,     1095.,     1100.,      920.
      713.,      916.,     1096.,     1101.,      921.,      917.,     1097.,     1102.,      922.
      714.,      917.,     1097.,     1102.,      922.,      918.,     1098.,     1103.,      923.
      715.,      918.,     1098.,     1103.,      923.,      919.,     1099.,     1104.,      924.
      716.,      919.,     1099.,     1104.,      924.,      920.,     1100.,     1105.,      925.
      717.,      921.,     1101.,     1106.,      926.,      922.,     1102.,     1107.,      927.
      718.,      922.,     1102.,     1107.,      927.,      923.,     1103.,     1108.,      928.
      719.,      923.,     1103.,     1108.,      928.,      924.,     1104.,     1109.,      929.
      720.,      924.,     1104.,     1109.,      929.,      925.,     1105.,     1110.,      930.
      721.,      926.,     1106.,     1111.,      931.,      927.,     1107.,     1112.,      932.
      722.,      927.,     1107.,     1112.,      932.,      928.,     1108.,     1113.,      933.
      723.,      928.,     1108.,     1113.,      933.,      929.,     1109.,     1114.,      934.
      724.,      929.,     1109.,     1114.,      934.,      930.,     1110.,     1115.,      935.
      725.,      931.,     1111.,     1116.,      936.,      932.,     1112.,     1117.,      937.
      726.,      932.,     1112.,     1117.,      937.,      933.,     1113.,     1118.,      938.
      727.,      933.,     1113.,     1118.,      938.,      934.,     1114.,     1119.,      939.
      728.,      934.,     1114.,     1119.,      939.,      935.,     1115.,     1120.,      940.
      729.,      936.,     1116.,     1121.,      941.,      937.,     1117.,     1122.,      942.
      730.,      937.,     1117.,     1122.,      942.,      938.,     1118.,     1123.,      943.
      731.,      938.,     1118.,     1123.,      943.,      939.,     1119.,     1124.,      944.
      732.,      939.,     1119.,     1124.,      944.,      940.,     1120.,     1125.,      945.
      733.,      941.,     1121.,     1126.,      946.,      942.,     1122.,     1127.,      947.
      734.,      942.,     1122.,     1127.,      947.,      943.,     1123.,     1128.,      948.
      735.,      943.,     1123.,     1128.,      948.,      944.,     1124.,     1129.,      949.
      736.,      944.,     1124.,     1129.,      949.,      945.,     1125.,     1130.,      950.
      737.,      946.,     1126.,     1131.,      951.,      947.,     1127.,     1132.,      952.
      738.,      947.,     1127.,     1132.,      952.,      948.,     1128.,     1133.,      953.
      739.,      948.,     1128.,     1133.,      953.,      949.,     1129.,     1134.,      954.
      740.,      949.,     1129.,     1134.,      954.,      950.,     1130.,     1135.,      955.
      741.,      951.,     1131.,     1136.,      956.,      952.,     1132.,     1137.,      957.
      742.,      952.,     1132.,     1137.,      957.,      953.,     1133.,     1138.,      958.
      743.,      953.,     1133.,     1138.,      958.,      954.,     1134.,     1139.,      959.
      744.,      954.,     1134.,     1139.,      959.,      955.,     1135.,     1140.,      960.
      745.,      956.,     1136.,     1141.,      961.,      957.,     1137.,     1142.,      962.
      746.,      957.,     1137.,     1142.,      962.,      958.,     1138.,     1143.,      963.
      747.,      958.,     1138.,     1143.,      963.,      959.,     1139.,     1144.,      964.
      748.,      959.,     1139.,     1144.,      964.,      960.,     1140.,     1145.,      965.
      749.,      961.,     1141.,     1146.,      966.,      962.,     1142.,     1147.,      967.
      750.,      962.,     1142.,     1147.,      967.,      963.,     1143.,     1148.,      968.
      751.,      963.,     1143.,     1148.,      968.,      964.,     1144.,     1149.,      969.
      752.,      964.,     1144.,     1149.,      969.,      965.,     1145.,     1150.,      970.
      753.,      966.,     1146.,     1151.,      971.,      967.,     1147.,     1152.,      972.
      754.,      967.,     1147.,     1152.,      972.,      968.,     1148.,     1153.,      973.
      755.,      968.,     1148.,     1153.,      973.,      969.,     1149.,     1154.,      974.
      756.,      969.,     1149.,     1154.,      974.,      970.,     1150.,     1155.,      975.
      757.,      971.,     1151.,     1156.,      976.,      972.,     1152.,     1157.,      977.
      758.,      972.,     1152.,     1157.,      977.,      973.,     1153.,     1158.,      978.
      759.,      973.,     1153.,     1158.,      978.,      974.,     1154.,     1159.,      979.
      760.,      974.,     1154.,     1159.,      979.,      975.,     1155.,     1160.,      980.
      761.,      976.,     1156.,     1161.,      981.,      977.,     1157.,     1162.,      982.
      762.,      977.,     1157.,     1162.,      982.,      978.,     1158.,     1163.,      983.
      763.,      978.,     1158.,     1163.,      983.,      979.,     1159.,     1164.,      984.
      764.,      979.,     1159.,     1164.,      984.,      980.,     1160.,     1165.,      985.
      765.,      981.,     1161.,     1166.,      986.,      982.,     1162.,     1167.,      987.
      766.,      982.,     1162.,     1167.,      987.,      983.,     1163.,     1168.,      988.
      767.,      983.,     1163.,     1168.,      988.,      984.,     1164.,     1169.,      989.
      768.,      984.,     1164.,     1169.,      989.,      985.,     1165.,     1170.,      990.
      769.,      986.,     1166.,     1171.,      991.,      987.,     1167.,     1172.,      992.
      770.,      987.,     1167.,     1172.,      992.,      988.,     1168.,     1173.,      993.
      771.,      988.,     1168.,     1173.,      993.,      989.,     1169.,     1174.,      994.
      772.,      989.,     1169.,     1174.,      994.,      990.,     1170.,     1175.,      995.
      773.,      991.,     1171.,     1176.,      996.,      992.,     1172.,     1177.,      997.
      774.,      992.,     1172.,     1177.,      997.,      993.,     1173.,     1178.,      998.
      775.,      993.,     1173.,     1178.,      998.,      994.,     1174.,     1179.,      999.
      776.,      994.,     1174.,     1179.,      999.,      995.,     1175.,     1180.,     1000.
      777.,      996.,     1176.,     1181.,     1001.,      997.,     1177.,     1182.,     1002.
      778.,      997.,     1177.,     1182.,     1002.,      998.,     1178.,     1183.,     1003.
      779.,      998.,     1178.,     1183.,     1003.,      999.,     1179.,     1184.,     1004.
      780.,      999.,     1179.,     1184.,     1004.,     1000.,     1180.,     1185.,     1005.
      781.,     1001.,     1181.,     1186.,     1006.,     1002.,     1182.,     1187.,     1007.
      782.,     1002.,     1182.,     1187.,     1007.,     1003.,     1183.,     1188.,     1008.
      783.,     1003.,     1183.,     1188.,     1008.,     1004.,     1184.,     1189.,     1009.
      784.,     1004.,     1184.,     1189.,     1009.,     1005.,     1185.,     1190.,     1010.
      785.,     1006.,     1186.,     1191.,     1011.,     1007.,     1187.,     1192.,     1012.
      786.,     1007.,     1187.,     1192.,     1012.,     1008.,     1188.,     1193.,     1013.
      787.,     1008.,     1188.,     1193.,     1013.,     1009.,     1189.,     1194.,     1014.
      788.,     1009.,     1189.,     1194.,     1014.,     1010.,     1190.,     1195.,     1015.
      789.,     1011.,     1191.,     1196.,     1016.,     1012.,     1192.,     1197.,     1017.
      790.,     1012.,     1192.,     1197.,     1017.,     1013.,     1193.,     1198.,     1018.
      791.,     1013.,     1193.,     1198.,     1018.,     1014.,     1194.,     1199.,     1019.
      792.,     1014.,     1194.,     1199.,     1019.,     1015.,     1195.,     1200.,     1020.
      793.,     1016.,     1196.,     1201.,     1021.,     1017.,     1197.,     1202.,     1022.
      794.,     1017.,     1197.,     1202.,     1022.,     1018.,     1198.,     1203.,     1023.
      795.,     1018.,     1198.,     1203.,     1023.,     1019.,     1199.,     1204.,     1024.
      796.,     1019.,     1199.,     1204.,     1024.,     1020.,     1200.,     1205.,     1025.
      797.,     1021.,     1201.,     1206.,     1026.,     1022.,     1202.,     1207.,     1027.
      798.,     1022.,     1202.,     1207.,     1027.,     1023.,     1203.,     1208.,     1028.
      799.,     1023.,     1203.,     1208.,     1028.,     1024.,     1204.,     1209.,     1029.
      800.,     1024.,     1204.,     1209.,     1029.,     1025.,     1205.,     1210.,     1030.
      801.,     1026.,     1206.,     1211.,     1031.,     1027.,     1207.,     1212.,     1032.
      802.,     1027.,     1207.,     1212.,     1032.,     1028.,     1208.,     1213.,     1033.
      803.,     1028.,     1208.,     1213.,     1033.,     1029.,     1209.,     1214.,     1034.
      804.,     1029.,     1209.,     1214.,     1034.,     1030.,     1210.,     1215.,     1035.
      805.,     1031.,     1211.,     1216.,     1036.,     1032.,     1212.,     1217.,     1037.
      806.,     1032.,     1212.,     1217.,     1037.,     1033.,     1213.,     1218.,     1038.
      807.,     1033.,     1213.,     1218.,     1038.,     1034.,     1214.,     1219.,     1039.
      808.,     1034.,     1214.,     1219.,     1039.,     1035.,     1215.,     1220.,     1040.
      809.,     1036.,     1216.,     1221.,     1041.,     1037.,     1217.,     1222.,     1042.
      810.,     1037.,     1217.,     1222.,     1042.,     1038.,     1218.,     1223.,     1043.
      811.,     1038.,     1218.,     1223.,     1043.,     1039.,     1219.,     1224.,     1044.
      812.,     1039.,     1219.,     1224.,     1044.,     1040.,     1220.,     1225.,     1045.
      813.,     1041.,     1221.,     1226.,     1046.,     1042.,     1222.,     1227.,     1047.
      814.,     1042.,     1222.,     1227.,     1047.,     1043.,     1223.,     1228.,     1048.
      815.,     1043.,     1223.,     1228.,     1048.,     1044.,     1224.,     1229.,     1049.
      816.,     1044.,     1224.,     1229.,     1049.,     1045.,     1225.,     1230.,     1050.
      817.,     1046.,     1226.,     1231.,     1051.,     1047.,     1227.,     1232.,     1052.
      818.,     1047.,     1227.,     1232.,     1052.,     1048.,     1228.,     1233.,     1053.
      819.,     1048.,     1228.,     1233.,     1053.,     1049.,     1229.,     1234.,     1054.
      820.,     1049.,     1229.,     1234.,     1054.,     1050.,     1230.,     1235.,     1055.
      821.,     1051.,     1231.,     1236.,     1056.,     1052.,     1232.,     1237.,     1057.
      822.,     1052.,     1232.,     1237.,     1057.,     1053.,     1233.,     1238.,     1058.
      823.,     1053.,     1233.,     1238.,     1058.,     1054.,     1234.,     1239.,     1059.
      824.,     1054.,     1234.,     1239.,     1059.,     1055.,     1235.,     1240.,     1060.
      825.,     1056.,     1236.,     1241.,     1061.,     1057.,     1237.,     1242.,     1062.
      826.,     1057.,     1237.,     1242.,     1062.,     1058.,     1238.,     1243.,     1063.
      827.,     1058.,     1238.,     1243.,     1063.,     1059.,     1239.,     1244.,     1064.
      828.,     1059.,     1239.,     1244.,     1064.,     1060.,     1240.,     1245.,     1065.
      829.,     1061.,     1241.,     1246.,     1066.,     1062.,     1242.,     1247.,     1067.
      830.,     1062.,     1242.,     1247.,     1067.,     1063.,     1243.,     1248.,     1068.
      831.,     1063.,     1243.,     1248.,     1068.,     1064.,     1244.,     1249.,     1069.
      832.,     1064.,     1244.,     1249.,     1069.,     1065.,     1245.,     1250.,     1070.
      833.,     1066.,     1246.,     1251.,     1071.,     1067.,     1247.,     1252.,     1072.
      834.,     1067.,     1247.,     1252.,     1072.,     1068.,     1248.,     1253.,     1073.
      835.,     1068.,     1248.,     1253.,     1073.,     1069.,     1249.,     1254.,     1074.
      836.,     1069.,     1249.,     1254.,     1074.,     1070.,     1250.,     1255.,     1075.
      837.,     1071.,     1251.,     1256.,     1076.,     1072.,     1252.,     1257.,     1077.
      838.,     1072.,     1252.,     1257.,     1077.,     1073.,     1253.,     1258.,     1078.
      839.,     1073.,     1253.,     1258.,     1078.,     1074.,     1254.,     1259.,     1079.
      840.,     1074.,     1254.,     1259.,     1079.,     1075.,     1255.,     1260.,     1080.
      841.,     1081.,     1261.,     1266.,     1086.,     1082.,     1262.,     1267.,     1087.
      842.,     1082.,     1262.,     1267.,     1087.,     1083.,     1263.,     1268.,     1088.
      843.,     1083.,     1263.,     1268.,     1088.,     1084.,     1264.,     1269.,     1089.
      844.,     1084.,     1264.,     1269.,     1089.,     1085.,     1265.,     1270.,     1090.
      845.,     1086.,     1266.,     1271.,     1091.,     1087.,     1267.,     1272.,     1092.
      846.,     1087.,     1267.,     1272.,     1092.,     1088.,     1268.,     1273.,     1093.
      847.,     1088.,     1268.,     1273.,     1093.,     1089.,     1269.,     1274.,     1094.
      848.,     1089.,     1269.,     1274.,     1094.,     1090.,     1270.,     1275.,     1095.
      849.,     1091.,     1271.,     1276.,     1096.,     1092.,     1272.,     1277.,     1097.
      850.,     1092.,     1272.,     1277.,     1097.,     1093.,     1273.,     1278.,     1098.
      851.,     1093.,     1273.,     1278.,     1098.,     1094.,     1274.,     1279.,     1099.
      852.,     1094.,     1274.,     1279.,     1099.,     1095.,     1275.,     1280.,     1100.
      853.,     1096.,     1276.,     1281.,     1101.,     1097.,     1277.,     1282.,     1102.
      854.,     1097.,     1277.,     1282.,     1102.,     1098.,     1278.,     1283.,     1103.
      855.,     1098.,     1278.,     1283.,     1103.,     1099.,     1279.,     1284.,     1104.
      856.,     1099.,     1279.,     1284.,     1104.,     1100.,     1280.,     1285.,     1105.
      857.,     1101.,     1281.,     1286.,     1106.,     1102.,     1282.,     1287.,     1107.
      858.,     1102.,     1282.,     1287.,     1107.,     1103.,     1283.,     1288.,     1108.
      859.,     1103.,     1283.,     1288.,     1108.,     1104.,     1284.,     1289.,     1109.
      860.,     1104.,     1284.,     1289.,     1109.,     1105.,     1285.,     1290.,     1110.
      861.,     1106.,     1286.,     1291.,     1111.,     1107.,     1287.,     1292.,     1112.
      862.,     1107.,     1287.,     1292.,     1112.,     1108.,     1288.,     1293.,     1113.
      863.,     1108.,     1288.,     1293.,     1113.,     1109.,     1289.,     1294.,     1114.
      864.,     1109.,     1289.,     1294.,     1114.,     1110.,     1290.,     1295.,     1115.
      865.,     1111.,     1291.,     1296.,     1116.,     1112.,     1292.,     1297.,     1117.
      866.,     1112.,     1292.,     1297.,     1117.,     1113.,     1293.,     1298.,     1118.
      867.,     1113.,     1293.,     1298.,     1118.,     1114.,     1294.,     1299.,     1119.
      868.,     1114.,     1294.,     1299.,     1119.,     1115.,     1295.,     1300.,     1120.
      869.,     1116.,     1296.,     1301.,     1121.,     1117.,     1297.,     1302.,     1122.
      870.,     1117.,     1297.,     1302.,     1122.,     1118.,     1298.,     1303.,     1123.
      871.,     1118.,     1298.,     1303.,     1123.,     1119.,     1299.,     1304.,     1124.
      872.,     1119.,     1299.,     1304.,     1124.,     1120.,     1300.,     1305.,     1125.
      873.,     1121.,     1301.,     1306.,     1126.,     1122.,     1302.,     1307.,     1127.
      874.,     1122.,     1302.,     1307.,     1127.,     1123.,     1303.,     1308.,     1128.
      875.,     1123.,     1303.,     1308.,     1128.,     1124.,     1304.,     1309.,     1129.
      876.,     1124.,     1304.,     1309.,     1129.,     1125.,     1305.,     1310.,     1130.
      877.,     1126.,     1306.,     1311.,     1131.,     1127.,     1307.,     1312.,     1132.
      878.,     1127.,     1307.,     1312.,     1132.,     1128.,     1308.,     1313.,     1133.
      879.,     1128.,     1308.,     1313.,     1133.,     1129.,     1309.,     1314.,     1134.
      880.,     1129.,     1309.,     1314.,     1134.,     1130.,     1310.,     1315.,     1135.
      881.,     1131.,     1311.,     1316.,     1136.,     1132.,     1312.,     1317.,     1137.
      882.,     1132.,     1312.,     1317.,     1137.,     1133.,     1313.,     1318.,     1138.
      883.,     1133.,     1313.,     1318.,     1138.,     1134.,     1314.,     1319.,     1139.
      884.,     1134.,     1314.,     1319.,     1139.,     1135.,     1315.,     1320.,     1140.
      885.,     1136.,     1316.,     1321.,     1141.,     1137.,     1317.,     1322.,     1142.
      886.,     1137.,     1317.,     1322.,     1142.,     1138.,     1318.,     1323.,     1143.
      887.,     1138.,     1318.,     1323.,     1143.,     1139.,     1319.,     1324.,     1144.
      888.,     1139.,     1319.,     1324.,     1144.,     1140.,     1320.,     1325.,     1145.
      889.,     1141.,     1321.,     1326.,     1146.,     1142.,     1322.,     1327.,     1147.
      890.,     1142.,     1322.,     1327.,     1147.,     1143.,     1323.,     1328.,     1148.
      891.,     1143.,     1323.,     1328.,     1148.,     1144.,     1324.,     1329.,     1149.
      892.,     1144.,     1324.,     1329.,     1149.,     1145.,     1325.,     1330.,     1150.
      893.,     1146.,     1326.,     1331.,     1151.,     1147.,     1327.,     1332.,     1152.
      894.,     1147.,     1327.,     1332.,     1152.,     1148.,     1328.,     1333.,     1153.
      895.,     1148.,     1328.,     1333.,     1153.,     1149.,     1329.,     1334.,     1154.
      896.,     1149.,     1329.,     1334.,     1154.,     1150.,     1330.,     1335.,     1155.
      897.,     1151.,     1331.,     1336.,     1156.,     1152.,     1332.,     1337.,     1157.
      898.,     1152.,     1332.,     1337.,     1157.,     1153.,     1333.,     1338.,     1158.
      899.,     1153.,     1333.,     1338.,     1158.,     1154.,     1334.,     1339.,     1159.
      900.,     1154.,     1334.,     1339.,     1159.,     1155.,     1335.,     1340.,     1160.
      901.,     1156.,     1336.,     1341.,     1161.,     1157.,     1337.,     1342.,     1162.
      902.,     1157.,     1337.,     1342.,     1162.,     1158.,     1338.,     1343.,     1163.
      903.,     1158.,     1338.,     1343.,     1163.,     1159.,     1339.,     1344.,     1164.
      904.,     1159.,     1339.,     1344.,     1164.,     1160.,     1340.,     1345.,     1165.
      905.,     1161.,     1341.,     1346.,     1166.,     1162.,     1342.,     1347.,     1167.
      906.,     1162.,     1342.,     1347.,     1167.,     1163.,     1343.,     1348.,     1168.
      907.,     1163.,     1343.,     1348.,     1168.,     1164.,     1344.,     1349.,     1169.
      908.,     1164.,     1344.,     1349.,     1169.,     1165.,     1345.,     1350.,     1170.
      909.,     1166.,     1346.,     1351.,     1171.,     1167.,     1347.,     1352.,     1172.
      910.,     1167.,     1347.,     1352.,     1172.,     1168.,     1348.,     1353.,     1173.
      911.,     1168.,     1348.,     1353.,     1173.,     1169.,     1349.,     1354.,     1174.
      912.,     1169.,     1349.,     1354.,     1174.,     1170.,     1350.,     1355.,     1175.
      913.,     1171.,     1351.,     1356.,     1176.,     1172.,     1352.,     1357.,     1177.
      914.,     1172.,     1352.,     1357.,     1177.,     1173.,     1353.,     1358.,     1178.
      915.,     1173.,     1353.,     1358.,     1178.,     1174.,     1354.,     1359.,     1179.
      916.,     1174.,     1354.,     1359.,     1179.,     1175.,     1355.,     1360.,     1180.
      917.,     1176.,     1356.,     1361.,     1181.,     1177.,     1357.,     1362.,     1182.
      918.,     1177.,     1357.,     1362.,     1182.,     1178.,     1358.,     1363.,     1183.
      919.,     1178.,     1358.,     1363.,     1183.,     1179.,     1359.,     1364.,     1184.
      920.,     1179.,     1359.,     1364.,     1184.,     1180.,     1360.,     1365.,     1185.
      921.,     1181.,     1361.,     1366.,     1186.,     1182.,     1362.,     1367.,     1187.
      922.,     1182.,     1362.,     1367.,     1187.,     1183.,     1363.,     1368.,     1188.
      923.,     1183.,     1363.,     1368.,     1188.,     1184.,     1364.,     1369.,     1189.
      924.,     1184.,     1364.,     1369.,     1189.,     1185.,     1365.,     1370.,     1190.
      925.,     1186.,     1366.,     1371.,     1191.,     1187.,     1367.,     1372.,     1192.
      926.,     1187.,     1367.,     1372.,     1192.,     1188.,     1368.,     1373.,     1193.
      927.,     1188.,     1368.,     1373.,     1193.,     1189.,     1369.,     1374.,     1194.
      928.,     1189.,     1369.,     1374.,     1194.,     1190.,     1370.,     1375.,     1195.
      929.,     1191.,     1371.,     1376.,     1196.,     1192.,     1372.,     1377.,     1197.
      930.,     1192.,     1372.,     1377.,     1197.,     1193.,     1373.,     1378.,     1198.
      931.,     1193.,     1373.,     1378.,     1198.,     1194.,     1374.,     1379.,     1199.
      932.,     1194.,     1374.,     1379.,     1199.,     1195.,     1375.,     1380.,     1200.
      933.,     1196.,     1376.,     1381.,     1201.,     1197.,     1377.,     1382.,     1202.
      934.,     1197.,     1377.,     1382.,     1202.,     1198.,     1378.,     1383.,     1203.
      935.,     1198.,     1378.,     1383.,     1203.,     1199.,     1379.,     1384.,     1204.
      936.,     1199.,     1379.,     1384.,     1204.,     1200.,     1380.,     1385.,     1205.
      937.,     1201.,     1381.,     1386.,     1206.,     1202.,     1382.,     1387.,     1207.
      938.,     1202.,     1382.,     1387.,     1207.,     1203.,     1383.,     1388.,     1208.
      939.,     1203.,     1383.,     1388.,     1208.,     1204.,     1384.,     1389.,     1209.
      940.,     1204.,     1384.,     1389.,     1209.,     1205.,     1385.,     1390.,     1210.
      941.,     1206.,     1386.,     1391.,     1211.,     1207.,     1387.,     1392.,     1212.
      942.,     1207.,     1387.,     1392.,     1212.,     1208.,     1388.,     1393.,     1213.
      943.,     1208.,     1388.,     1393.,     1213.,     1209.,     1389.,     1394.,     1214.
      944.,     1209.,     1389.,     1394.,     1214.,     1210.,     1390.,     1395.,     1215.
      945.,     1211.,     1391.,     1396.,     1216.,     1212.,     1392.,     1397.,     1217.
      946.,     1212.,     1392.,     1397.,     1217.,     1213.,     1393.,     1398.,     1218.
      947.,     1213.,     1393.,     1398.,     1218.,     1214.,     1394.,     1399.,     1219.
      948.,     1214.,     1394.,     1399.,     1219.,     1215.,     1395.,     1400.,     1220.
      949.,     1216.,     1396.,     1401.,     1221.,     1217.,     1397.,     1402.,     1222.
      950.,     1217.,     1397.,     1402.,     1222.,     1218.,     1398.,     1403.,     1223.
      951.,     1218.,     1398.,     1403.,     1223.,     1219.,     1399.,     1404.,     1224.
      952.,     1219.,     1399.,     1404.,     1224.,     1220.,     1400.,     1405.,     1225.
      953.,     1221.,     1401.,     1406.,     1226.,     1222.,     1402.,     1407.,     1227.
      954.,     1222.,     1402.,     1407.,     1227.,     1223.,     1403.,     1408.,     1228.
      955.,     1223.,     1403.,     1408.,     1228.,     1224.,     1404.,     1409.,     1229.
      956.,     1224.,     1404.,     1409.,     1229.,     1225.,     1405.,     1410.,     1230.
      957.,     1226.,     1406.,     1411.,     1231.,     1227.,     1407.,     1412.,     1232.
      958.,     1227.,     1407.,     1412.,     1232.,     1228.,     1408.,     1413.,     1233.
      959.,     1228.,     1408.,     1413.,     1233.,     1229.,     1409.,     1414.,     1234.
      960.,     1229.,     1409.,     1414.,     1234.,     1230.,     1410.,     1415.,     1235.
      961.,     1231.,     1411.,     1416.,     1236.,     1232.,     1412.,     1417.,     1237.
      962.,     1232.,     1412.,     1417.,     1237.,     1233.,     1413.,     1418.,     1238.
      963.,     1233.,     1413.,     1418.,     1238.,     1234.,     1414.,     1419.,     1239.
      964.,     1234.,     1414.,     1419.,     1239.,     1235.,     1415.,     1420.,     1240.
      965.,     1236.,     1416.,     1421.,     1241.,     1237.,     1417.,     1422.,     1242.
      966.,     1237.,     1417.,     1422.,     1242.,     1238.,     1418.,     1423.,     1243.
      967.,     1238.,     1418.,     1423.,     1243.,     1239.,     1419.,     1424.,     1244.
      968.,     1239.,     1419.,     1424.,     1244.,     1240.,     1420.,     1425.,     1245.
      969.,     1241.,     1421.,     1426.,     1246.,     1242.,     1422.,     1427.,     1247.
      970.,     1242.,     1422.,     1427.,     1247.,     1243.,     1423.,     1428.,     1248.
      971.,     1243.,     1423.,     1428.,     1248.,     1244.,     1424.,     1429.,     1249.
      972.,     1244.,     1424.,     1429.,     1249.,     1245.,     1425.,     1430.,     1250.
      973.,     1246.,     1426.,     1431.,     1251.,     1247.,     1427.,     1432.,     1252.
      974.,     1247.,     1427.,     1432.,     1252.,     1248.,     1428.,     1433.,     1253.
      975.,     1248.,     1428.,     1433.,     1253.,     1249.,     1429.,     1434.,     1254.
      976.,     1249.,     1429.,     1434.,     1254.,     1250.,     1430.,     1435.,     1255.
      977.,     1251.,     1431.,     1436.,     1256.,     1252.,     1432.,     1437.,     1257.
      978.,     1252.,     1432.,     1437.,     1257.,     1253.,     1433.,     1438.,     1258.
      979.,     1253.,     1433.,     1438.,     1258.,     1254.,     1434.,     1439.,     1259.
      980.,     1254.,     1434.,     1439.,     1259.,     1255.,     1435.,     1440.,     1260.
      981.,     1261.,     1441.,     1446.,     1266.,     1262.,     1442.,     1447.,     1267.
      982.,     1262.,     1442.,     1447.,     1267.,     1263.,     1443.,     1448.,     1268.
      983.,     1263.,     1443.,     1448.,     1268.,     1264.,     1444.,     1449.,     1269.
      984.,     1264.,     1444.,     1449.,     1269.,     1265.,     1445.,     1450.,     1270.
      985.,     1266.,     1446.,     1451.,     1271.,     1267.,     1447.,     1452.,     1272.
      986.,     1267.,     1447.,     1452.,     1272.,     1268.,     1448.,     1453.,     1273.
      987.,     1268.,     1448.,     1453.,     1273.,     1269.,     1449.,     1454.,     1274.
      988.,     1269.,     1449.,     1454.,     1274.,     1270.,     1450.,     1455.,     1275.
      989.,     1271.,     1451.,     1456.,     1276.,     1272.,     1452.,     1457.,     1277.
      990.,     1272.,     1452.,     1457.,     1277.,     1273.,     1453.,     1458.,     1278.
      991.,     1273.,     1453.,     1458.,     1278.,     1274.,     1454.,     1459.,     1279.
      992.,     1274.,     1454.,     1459.,     1279.,     1275.,     1455.,     1460.,     1280.
      993.,     1276.,     1456.,     1461.,     1281.,     1277.,     1457.,     1462.,     1282.
      994.,     1277.,     1457.,     1462.,     1282.,     1278.,     1458.,     1463.,     1283.
      995.,     1278.,     1458.,     1463.,     1283.,     1279.,     1459.,     1464.,     1284.
      996.,     1279.,     1459.,     1464.,     1284.,     1280.,     1460.,     1465.,     1285.
      997.,     1281.,     1461.,     1466.,     1286.,     1282.,     1462.,     1467.,     1287.
      998.,     1282.,     1462.,     1467.,     1287.,     1283.,     1463.,     1468.,     1288.
      999.,     1283.,     1463.,     1468.,     1288.,     1284.,     1464.,     1469.,     1289.
     1000.,     1284.,     1464.,     1469.,     1289.,     1285.,     1465.,     1470.,     1290.
     1001.,     1286.,     1466.,     1471.,     1291.,     1287.,     1467.,     1472.,     1292.
     1002.,     1287.,     1467.,     1472.,     1292.,     1288.,     1468.,     1473.,     1293.
     1003.,     1288.,     1468.,     1473.,     1293.,     1289.,     1469.,     1474.,     1294.
     1004.,     1289.,     1469.,     1474.,     1294.,     1290.,     1470.,     1475.,     1295.
     1005.,     1291.,     1471.,     1476.,     1296.,     1292.,     1472.,     1477.,     1297.
     1006.,     1292.,     1472.,     1477.,     1297.,     1293.,     1473.,     1478.,     1298.
     1007.,     1293.,     1473.,     1478.,     1298.,     1294.,     1474.,     1479.,     1299.
     1008.,     1294.,     1474.,     1479.,     1299.,     1295.,     1475.,     1480.,     1300.
     1009.,     1296.,     1476.,     1481.,     1301.,     1297.,     1477.,     1482.,     1302.
     1010.,     1297.,     1477.,     1482.,     1302.,     1298.,     1478.,     1483.,     1303.
     1011.,     1298.,     1478.,     1483.,     1303.,     1299.,     1479.,     1484.,     1304.
     1012.,     1299.,     1479.,     1484.,     1304.,     1300.,     1480.,     1485.,     1305.
     1013.,     1301.,     1481.,     1486.,     1306.,     1302.,     1482.,     1487.,     1307.
     1014.,     1302.,     1482.,     1487.,     1307.,     1303.,     1483.,     1488.,     1308.
     1015.,     1303.,     1483.,     1488.,     1308.,     1304.,     1484.,     1489.,     1309.
     1016.,     1304.,     1484.,     1489.,     1309.,     1305.,     1485.,     1490.,     1310.
     1017.,     1306.,     1486.,     1491.,     1311.,     1307.,     1487.,     1492.,     1312.
     1018.,     1307.,     1487.,     1492.,     1312.,     1308.,     1488.,     1493.,     1313.
     1019.,     1308.,     1488.,     1493.,     1313.,     1309.,     1489.,     1494.,     1314.
     1020.,     1309.,     1489.,     1494.,     1314.,     1310.,     1490.,     1495.,     1315.
     1021.,     1311.,     1491.,     1496.,     1316.,     1312.,     1492.,     1497.,     1317.
     1022.,     1312.,     1492.,     1497.,     1317.,     1313.,     1493.,     1498.,     1318.
     1023.,     1313.,     1493.,     1498.,     1318.,     1314.,     1494.,     1499.,     1319.
     1024.,     1314.,     1494.,     1499.,     1319.,     1315.,     1495.,     1500.,     1320.
     1025.,     1316.,     1496.,     1501.,     1321.,     1317.,     1497.,     1502.,     1322.
     1026.,     1317.,     1497.,     1502.,     1322.,     1318.,     1498.,     1503.,     1323.
     1027.,     1318.,     1498.,     1503.,     1323.,     1319.,     1499.,     1504.,     1324.
     1028.,     1319.,     1499.,     1504.,     1324.,     1320.,     1500.,     1505.,     1325.
     1029.,     1321.,     1501.,     1506.,     1326.,     1322.,     1502.,     1507.,     1327.
     1030.,     1322.,     1502.,     1507.,     1327.,     1323.,     1503.,     1508.,     1328.
     1031.,     1323.,     1503.,     1508.,     1328.,     1324.,     1504.,     1509.,     1329.
     1032.,     1324.,     1504.,     1509.,     1329.,     1325.,     1505.,     1510.,     1330.
     1033.,     1326.,     1506.,     1511.,     1331.,     1327.,     1507.,     1512.,     1332.
     1034.,     1327.,     1507.,     1512.,     1332.,     1328.,     1508.,     1513.,     1333.
     1035.,     1328.,     1508.,     1513.,     1333.,     1329.,     1509.,     1514.,     1334.
     1036.,     1329.,     1509.,     1514.,     1334.,     1330.,     1510.,     1515.,     1335.
     1037.,     1331.,     1511.,     1516.,     1336.,     1332.,     1512.,     1517.,     1337.
     1038.,     1332.,     1512.,     1517.,     1337.,     1333.,     1513.,     1518.,     1338.
     1039.,     1333.,     1513.,     1518.,     1338.,     1334.,     1514.,     1519.,     1339.
     1040.,     1334.,     1514.,     1519.,     1339.,     1335.,     1515.,     1520.,     1340.
     1041.,     1336.,     1516.,     1521.,     1341.,     1337.,     1517.,     1522.,     1342.
     1042.,     1337.,     1517.,     1522.,     1342.,     1338.,     1518.,     1523.,     1343.
     1043.,     1338.,     1518.,     1523.,     1343.,     1339.,     1519.,     1524.,     1344.
     1044.,     1339.,     1519.,     1524.,     1344.,     1340.,     1520.,     1525.,     1345.
     1045.,     1341.,     1521.,     1526.,     1346.,     1342.,     1522.,     1527.,     1347.
     1046.,     1342.,     1522.,     1527.,     1347.,     1343.,     1523.,     1528.,     1348.
     1047.,     1343.,     1523.,     1528.,     1348.,     1344.,     1524.,     1529.,     1349.
     1048.,     1344.,     1524.,     1529.,     1349.,     1345.,     1525.,     1530.,     1350.
     1049.,     1346.,     1526.,     1531.,     1351.,     1347.,     1527.,     1532.,     1352.
     1050.,     1347.,     1527.,     1532.,     1352.,     1348.,     1528.,     1533.,     1353.
     1051.,     1348.,     1528.,     1533.,     1353.,     1349.,     1529.,     1534.,     1354.
     1052.,     1349.,     1529.,     1534.,     1354.,     1350.,     1530.,     1535.,     1355.
     1053.,     1351.,     1531.,     1536.,     1356.,     1352.,     1532.,     1537.,     1357.
     1054.,     1352.,     1532.,     1537.,     1357.,     1353.,     1533.,     1538.,     1358.
     1055.,     1353.,     1533.,     1538.,     1358.,     1354.,     1534.,     1539.,     1359.
     1056.,     1354.,     1534.,     1539.,     1359.,     1355.,     1535.,     1540.,     1360.
     1057.,     1356.,     1536.,     1541.,     1361.,     1357.,     1537.,     1542.,     1362.
     1058.,     1357.,     1537.,     1542.,     1362.,     1358.,     1538.,     1543.,     1363.
     1059.,     1358.,     1538.,     1543.,     1363.,     1359.,     1539.,     1544.,     1364.
     1060.,     1359.,     1539.,     1544.,     1364.,     1360.,     1540.,     1545.,     1365.
     1061.,     1361.,     1541.,     1546.,     1366.,     1362.,     1542.,     1547.,     1367.
     1062.,     1362.,     1542.,     1547.,     1367.,     1363.,     1543.,     1548.,     1368.
     1063.,     1363.,     1543.,     1548.,     1368.,     1364.,     1544.,     1549.,     1369.
     1064.,     1364.,     1544.,     1549.,     1369.,     1365.,     1545.,     1550.,     1370.
     1065.,     1366.,     1546.,     1551.,     1371.,     1367.,     1547.,     1552.,     1372.
     1066.,     1367.,     1547.,     1552.,     1372.,     1368.,     1548.,     1553.,     1373.
     1067.,     1368.,     1548.,     1553.,     1373.,     1369.,     1549.,     1554.,     1374.
     1068.,     1369.,     1549.,     1554.,     1374.,     1370.,     1550.,     1555.,     1375.
     1069.,     1371.,     1551.,     1556.,     1376.,     1372.,     1552.,     1557.,     1377.
     1070.,     1372.,     1552.,     1557.,     1377.,     1373.,     1553.,     1558.,     1378.
     1071.,     1373.,     1553.,     1558.,     1378.,     1374.,     1554.,     1559.,     1379.
     1072.,     1374.,     1554.,     1559.,     1379.,     1375.,     1555.,     1560.,     1380.
     1073.,     1376.,     1556.,     1561.,     1381.,     1377.,     1557.,     1562.,     1382.
     1074.,     1377.,     1557.,     1562.,     1382.,     1378.,     1558.,     1563.,     1383.
     1075.,     1378.,     1558.,     1563.,     1383.,     1379.,     1559.,     1564.,     1384.
     1076.,     1379.,     1559.,     1564.,     1384.,     1380.,     1560.,     1565.,     1385.
     1077.,     1381.,     1561.,     1566.,     1386.,     1382.,     1562.,     1567.,     1387.
     1078.,     1382.,     1562.,     1567.,     1387.,     1383.,     1563.,     1568.,     1388.
     1079.,     1383.,     1563.,     1568.,     1388.,     1384.,     1564.,     1569.,     1389.
     1080.,     1384.,     1564.,     1569.,     1389.,     1385.,     1565.,     1570.,     1390.
     1081.,     1386.,     1566.,     1571.,     1391.,     1387.,     1567.,     1572.,     1392.
     1082.,     1387.,     1567.,     1572.,     1392.,     1388.,     1568.,     1573.,     1393.
     1083.,     1388.,     1568.,     1573.,     1393.,     1389.,     1569.,     1574.,     1394.
     1084.,     1389.,     1569.,     1574.,     1394.,     1390.,     1570.,     1575.,     1395.
     1085.,     1391.,     1571.,     1576.,     1396.,     1392.,     1572.,     1577.,     1397.
     1086.,     1392.,     1572.,     1577.,     1397.,     1393.,     1573.,     1578.,     1398.
     1087.,     1393.,     1573.,     1578.,     1398.,     1394.,     1574.,     1579.,     1399.
     1088.,     1394.,     1574.,     1579.,     1399.,     1395.,     1575.,     1580.,     1400.
     1089.,     1396.,     1576.,     1581.,     1401.,     1397.,     1577.,     1582.,     1402.
     1090.,     1397.,     1577.,     1582.,     1402.,     1398.,     1578.,     1583.,     1403.
     1091.,     1398.,     1578.,     1583.,     1403.,     1399.,     1579.,     1584.,     1404.
     1092.,     1399.,     1579.,     1584.,     1404.,     1400.,     1580.,     1585.,     1405.
     1093.,     1401.,     1581.,     1586.,     1406.,     1402.,     1582.,     1587.,     1407.
     1094.,     1402.,     1582.,     1587.,     1407.,     1403.,     1583.,     1588.,     1408.
     1095.,     1403.,     1583.,     1588.,     1408.,     1404.,     1584.,     1589.,     1409.
     1096.,     1404.,     1584.,     1589.,     1409.,     1405.,     1585.,     1590.,     1410.
     1097.,     1406.,     1586.,     1591.,     1411.,     1407.,     1587.,     1592.,     1412.
     1098.,     1407.,     1587.,     1592.,     1412.,     1408.,     1588.,     1593.,     1413.
     1099.,     1408.,     1588.,     1593.,     1413.,     1409.,     1589.,     1594.,     1414.
     1100.,     1409.,     1589.,     1594.,     1414.,     1410.,     1590.,     1595.,     1415.
     1101.,     1411.,     1591.,     1596.,     1416.,     1412.,     1592.,     1597.,     1417.
     1102.,     1412.,     1592.,     1597.,     1417.,     1413.,     1593.,     1598.,     1418.
     1103.,     1413.,     1593.,     1598.,     1418.,     1414.,     1594.,     1599.,     1419.
     1104.,     1414.,     1594.,     1599.,     1419.,     1415.,     1595.,     1600.,     1420.
     1105.,     1416.,     1596.,     1601.,     1421.,     1417.,     1597.,     1602.,     1422.
     1106.,     1417.,     1597.,     1602.,     1422.,     1418.,     1598.,     1603.,     1423.
     1107.,     1418.,     1598.,     1603.,     1423.,     1419.,     1599.,     1604.,     1424.
     1108.,     1419.,     1599.,     1604.,     1424.,     1420.,     1600.,     1605.,     1425.
     1109.,     1421.,     1601.,     1606.,     1426.,     1422.,     1602.,     1607.,     1427.
     1110.,     1422.,     1602.,     1607.,     1427.,     1423.,     1603.,     1608.,     1428.
     1111.,     1423.,     1603.,     1608.,     1428.,     1424.,     1604.,     1609.,     1429.
     1112.,     1424.,     1604.,     1609.,     1429.,     1425.,     1605.,     1610.,     1430.
     1113.,     1426.,     1606.,     1611.,     1431.,     1427.,     1607.,     1612.,     1432.
     1114.,     1427.,     1607.,     1612.,     1432.,     1428.,     1608.,     1613.,     1433.
     1115.,     1428.,     1608.,     1613.,     1433.,     1429.,     1609.,     1614.,     1434.
     1116.,     1429.,     1609.,     1614.,     1434.,     1430.,     1610.,     1615.,     1435.
     1117.,     1431.,     1611.,     1616.,     1436.,     1432.,     1612.,     1617.,     1437.
     1118.,     1432.,     1612.,     1617.,     1437.,     1433.,     1613.,     1618.,     1438.
     1119.,     1433.,     1613.,     1618.,     1438.,     1434.,     1614.,     1619.,     1439.
     1120.,     1434.,     1614.,     1619.,     1439.,     1435.,     1615.,     1620.,     1440.
     1121.,     1441.,     1621.,     1626.,     1446.,     1442.,     1622.,     1627.,     1447.
     1122.,     1442.,     1622.,     1627.,     1447.,     1443.,     1623.,     1628.,     1448.
     1123.,     1443.,     1623.,     1628.,     1448.,     1444.,     1624.,     1629.,     1449.
     1124.,     1444.,     1624.,     1629.,     1449.,     1445.,     1625.,     1630.,     1450.
     1125.,     1446.,     1626.,     1631.,     1451.,     1447.,     1627.,     1632.,     1452.
     1126.,     1447.,     1627.,     1632.,     1452.,     1448.,     1628.,     1633.,     1453.
     1127.,     1448.,     1628.,     1633.,     1453.,     1449.,     1629.,     1634.,     1454.
     1128.,     1449.,     1629.,     1634.,     1454.,     1450.,     1630.,     1635.,     1455.
     1129.,     1451.,     1631.,     1636.,     1456.,     1452.,     1632.,     1637.,     1457.
     1130.,     1452.,     1632.,     1637.,     1457.,     1453.,     1633.,     1638.,     1458.
     1131.,     1453.,     1633.,     1638.,     1458.,     1454.,     1634.,     1639.,     1459.
     1132.,     1454.,     1634.,     1639.,     1459.,     1455.,     1635.,     1640.,     1460.
     1133.,     1456.,     1636.,     1641.,     1461.,     1457.,     1637.,     1642.,     1462.
     1134.,     1457.,     1637.,     1642.,     1462.,     1458.,     1638.,     1643.,     1463.
     1135.,     1458.,     1638.,     1643.,     1463.,     1459.,     1639.,     1644.,     1464.
     1136.,     1459.,     1639.,     1644.,     1464.,     1460.,     1640.,     1645.,     1465.
     1137.,     1461.,     1641.,     1646.,     1466.,     1462.,     1642.,     1647.,     1467.
     1138.,     1462.,     1642.,     1647.,     1467.,     1463.,     1643.,     1648.,     1468.
     1139.,     1463.,     1643.,     1648.,     1468.,     1464.,     1644.,     1649.,     1469.
     1140.,     1464.,     1644.,     1649.,     1469.,     1465.,     1645.,     1650.,     1470.
     1141.,     1466.,     1646.,     1651.,     1471.,     1467.,     1647.,     1652.,     1472.
     1142.,     1467.,     1647.,     1652.,     1472.,     1468.,     1648.,     1653.,     1473.
     1143.,     1468.,     1648.,     1653.,     1473.,     1469.,     1649.,     1654.,     1474.
     1144.,     1469.,     1649.,     1654.,     1474.,     1470.,     1650.,     1655.,     1475.
     1145.,     1471.,     1651.,     1656.,     1476.,     1472.,     1652.,     1657.,     1477.
     1146.,     1472.,     1652.,     1657.,     1477.,     1473.,     1653.,     1658.,     1478.
     1147.,     1473.,     1653.,     1658.,     1478.,     1474.,     1654.,     1659.,     1479.
     1148.,     1474.,     1654.,     1659.,     1479.,     1475.,     1655.,     1660.,     1480.
     1149.,     1476.,     1656.,     1661.,     1481.,     1477.,     1657.,     1662.,     1482.
     1150.,     1477.,     1657.,     1662.,     1482.,     1478.,     1658.,     1663.,     1483.
     1151.,     1478.,     1658.,     1663.,     1483.,     1479.,     1659.,     1664.,     1484.
     1152.,     1479.,     1659.,     1664.,     1484.,     1480.,     1660.,     1665.,     1485.
     1153.,     1481.,     1661.,     1666.,     1486.,     1482.,     1662.,     1667.,     1487.
     1154.,     1482.,     1662.,     1667.,     1487.,     1483.,     1663.,     1668.,     1488.
     1155.,     1483.,     1663.,     1668.,     1488.,     1484.,     1664.,     1669.,     1489.
     1156.,     1484.,     1664.,     1669.,     1489.,     1485.,     1665.,     1670.,     1490.
     1157.,     1486.,     1666.,     1671.,     1491.,     1487.,     1667.,     1672.,     1492.
     1158.,     1487.,     1667.,     1672.,     1492.,     1488.,     1668.,     1673.,     1493.
     1159.,     1488.,     1668.,     1673.,     1493.,     1489.,     1669.,     1674.,     1494.
     1160.,     1489.,     1669.,     1674.,     1494.,     1490.,     1670.,     1675.,     1495.
     1161.,     1491.,     1671.,     1676.,     1496.,     1492.,     1672.,     1677.,     1497.
     1162.,     1492.,     1672.,     1677.,     1497.,     1493.,     1673.,     1678.,     1498.
     1163.,     1493.,     1673.,     1678.,     1498.,     1494.,     1674.,     1679.,     1499.
     1164.,     1494.,     1674.,     1679.,     1499.,     1495.,     1675.,     1680.,     1500.
     1165.,     1496.,     1676.,     1681.,     1501.,     1497.,     1677.,     1682.,     1502.
     1166.,     1497.,     1677.,     1682.,     1502.,     1498.,     1678.,     1683.,     1503.
     1167.,     1498.,     1678.,     1683.,     1503.,     1499.,     1679.,     1684.,     1504.
     1168.,     1499.,     1679.,     1684.,     1504.,     1500.,     1680.,     1685.,     1505.
     1169.,     1501.,     1681.,     1686.,     1506.,     1502.,     1682.,     1687.,     1507.
     1170.,     1502.,     1682.,     1687.,     1507.,     1503.,     1683.,     1688.,     1508.
     1171.,     1503.,     1683.,     1688.,     1508.,     1504.,     1684.,     1689.,     1509.
     1172.,     1504.,     1684.,     1689.,     1509.,     1505.,     1685.,     1690.,     1510.
     1173.,     1506.,     1686.,     1691.,     1511.,     1507.,     1687.,     1692.,     1512.
     1174.,     1507.,     1687.,     1692.,     1512.,     1508.,     1688.,     1693.,     1513.
     1175.,     1508.,     1688.,     1693.,     1513.,     1509.,     1689.,     1694.,     1514.
     1176.,     1509.,     1689.,     1694.,     1514.,     1510.,     1690.,     1695.,     1515.
     1177.,     1511.,     1691.,     1696.,     1516.,     1512.,     1692.,     1697.,     1517.
     1178.,     1512.,     1692.,     1697.,     1517.,     1513.,     1693.,     1698.,     1518.
     1179.,     1513.,     1693.,     1698.,     1518.,     1514.,     1694.,     1699.,     1519.
     1180.,     1514.,     1694.,     1699.,     1519.,     1515.,     1695.,     1700.,     1520.
     1181.,     1516.,     1696.,     1701.,     1521.,     1517.,     1697.,     1702.,     1522.
     1182.,     1517.,     1697.,     1702.,     1522.,     1518.,     1698.,     1703.,     1523.
     1183.,     1518.,     1698.,     1703.,     1523.,     1519.,     1699.,     1704.,     1524.
     1184.,     1519.,     1699.,     1704.,     1524.,     1520.,     1700.,     1705.,     1525.
     1185.,     1521.,     1701.,     1706.,     1526.,     1522.,     1702.,     1707.,     1527.
     1186.,     1522.,     1702.,     1707.,     1527.,     1523.,     1703.,     1708.,     1528.
     1187.,     1523.,     1703.,     1708.,     1528.,     1524.,     1704.,     1709.,     1529.
     1188.,     1524.,     1704.,     1709.,     1529.,     1525.,     1705.,     1710.,     1530.
     1189.,     1526.,     1706.,     1711.,     1531.,     1527.,     1707.,     1712.,     1532.
     1190.,     1527.,     1707.,     1712.,     1532.,     1528.,     1708.,     1713.,     1533.
     1191.,     1528.,     1708.,     1713.,     1533.,     1529.,     1709.,     1714.,     1534.
     1192.,     1529.,     1709.,     1714.,     1534.,     1530.,     1710.,     1715.,     1535.
     1193.,     1531.,     1711.,     1716.,     1536.,     1532.,     1712.,     1717.,     1537.
     1194.,     1532.,     1712.,     1717.,     1537.,     1533.,     1713.,     1718.,     1538.
     1195.,     1533.,     1713.,     1718.,     1538.,     1534.,     1714.,     1719.,     1539.
     1196.,     1534.,     1714.,     1719.,     1539.,     1535.,     1715.,     1720.,     1540.
     1197.,     1536.,     1716.,     1721.,     1541.,     1537.,     1717.,     1722.,     1542.
     1198.,     1537.,     1717.,     1722.,     1542.,     1538.,     1718.,     1723.,     1543.
     1199.,     1538.,     1718.,     1723.,     1543.,     1539.,     1719.,     1724.,     1544.
     1200.,     1539.,     1719.,     1724.,     1544.,     1540.,     1720.,     1725.,     1545.
     1201.,     1541.,     1721.,     1726.,     1546.,     1542.,     1722.,     1727.,     1547.
     1202.,     1542.,     1722.,     1727.,     1547.,     1543.,     1723.,     1728.,     1548.
     1203.,     1543.,     1723.,     1728.,     1548.,     1544.,     1724.,     1729.,     1549.
     1204.,     1544.,     1724.,     1729.,     1549.,     1545.,     1725.,     1730.,     1550.
     1205.,     1546.,     1726.,     1731.,     1551.,     1547.,     1727.,     1732.,     1552.
     1206.,     1547.,     1727.,     1732.,     1552.,     1548.,     1728.,     1733.,     1553.
     1207.,     1548.,     1728.,     1733.,     1553.,     1549.,     1729.,     1734.,     1554.
     1208.,     1549.,     1729.,     1734.,     1554.,     1550.,     1730.,     1735.,     1555.
     1209.,     1551.,     1731.,     1736.,     1556.,     1552.,     1732.,     1737.,     1557.
     1210.,     1552.,     1732.,     1737.,     1557.,     1553.,     1733.,     1738.,     1558.
     1211.,     1553.,     1733.,     1738.,     1558.,     1554.,     1734.,     1739.,     1559.
     1212.,     1554.,     1734.,     1739.,     1559.,     1555.,     1735.,     1740.,     1560.
     1213.,     1556.,     1736.,     1741.,     1561.,     1557.,     1737.,     1742.,     1562.
     1214.,     1557.,     1737.,     1742.,     1562.,     1558.,     1738.,     1743.,     1563.
     1215.,     1558.,     1738.,     1743.,     1563.,     1559.,     1739.,     1744.,     1564.
     1216.,     1559.,     1739.,     1744.,     1564.,     1560.,     1740.,     1745.,     1565.
     1217.,     1561.,     1741.,     1746.,     1566.,     1562.,     1742.,     1747.,     1567.
     1218.,     1562.,     1742.,     1747.,     1567.,     1563.,     1743.,     1748.,     1568.
     1219.,     1563.,     1743.,     1748.,     1568.,     1564.,     1744.,     1749.,     1569.
     1220.,     1564.,     1744.,     1749.,     1569.,     1565.,     1745.,     1750.,     1570.
     1221.,     1566.,     1746.,     1751.,     1571.,     1567.,     1747.,     1752.,     1572.
     1222.,     1567.,     1747.,     1752.,     1572.,     1568.,     1748.,     1753.,     1573.
     1223.,     1568.,     1748.,     1753.,     1573.,     1569.,     1749.,     1754.,     1574.
     1224.,     1569.,     1749.,     1754.,     1574.,     1570.,     1750.,     1755.,     1575.
     1225.,     1571.,     1751.,     1756.,     1576.,     1572.,     1752.,     1757.,     1577.
     1226.,     1572.,     1752.,     1757.,     1577.,     1573.,     1753.,     1758.,     1578.
     1227.,     1573.,     1753.,     1758.,     1578.,     1574.,     1754.,     1759.,     1579.
     1228.,     1574.,     1754.,     1759.,     1579.,     1575.,     1755.,     1760.,     1580.
     1229.,     1576.,     1756.,     1761.,     1581.,     1577.,     1757.,     1762.,     1582.
     1230.,     1577.,     1757.,     1762.,     1582.,     1578.,     1758.,     1763.,     1583.
     1231.,     1578.,     1758.,     1763.,     1583.,     1579.,     1759.,     1764.,     1584.
     1232.,     1579.,     1759.,     1764.,     1584.,     1580.,     1760.,     1765.,     1585.
     1233.,     1581.,     1761.,     1766.,     1586.,     1582.,     1762.,     1767.,     1587.
     1234.,     1582.,     1762.,     1767.,     1587.,     1583.,     1763.,     1768.,     1588.
     1235.,     1583.,     1763.,     1768.,     1588.,     1584.,     1764.,     1769.,     1589.
     1236.,     1584.,     1764.,     1769.,     1589.,     1585.,     1765.,     1770.,     1590.
     1237.,     1586.,     1766.,     1771.,     1591.,     1587.,     1767.,     1772.,     1592.
     1238.,     1587.,     1767.,     1772.,     1592.,     1588.,     1768.,     1773.,     1593.
     1239.,     1588.,     1768.,     1773.,     1593.,     1589.,     1769.,     1774.,     1594.
     1240.,     1589.,     1769.,     1774.,     1594.,     1590.,     1770.,     1775.,     1595.
     1241.,     1591.,     1771.,     1776.,     1596.,     1592.,     1772.,     1777.,     1597.
     1242.,     1592.,     1772.,     1777.,     1597.,     1593.,     1773.,     1778.,     1598.
     1243.,     1593.,     1773.,     1778.,     1598.,     1594.,     1774.,     1779.,     1599.
     1244.,     1594.,     1774.,     1779.,     1599.,     1595.,     1775.,     1780.,     1600.
     1245.,     1596.,     1776.,     1781.,     1601.,     1597.,     1777.,     1782.,     1602.
     1246.,     1597.,     1777.,     1782.,     1602.,     1598.,     1778.,     1783.,     1603.
     1247.,     1598.,     1778.,     1783.,     1603.,     1599.,     1779.,     1784.,     1604.
     1248.,     1599.,     1779.,     1784.,     1604.,     1600.,     1780.,     1785.,     1605.
     1249.,     1601.,     1781.,     1786.,     1606.,     1602.,     1782.,     1787.,     1607.
     1250.,     1602.,     1782.,     1787.,     1607.,     1603.,     1783.,     1788.,     1608.
     1251.,     1603.,     1783.,     1788.,     1608.,     1604.,     1784.,     1789.,     1609.
     1252.,     1604.,     1784.,     1789.,     1609.,     1605.,     1785.,     1790.,     1610.
     1253.,     1606.,     1786.,     1791.,     1611.,     1607.,     1787.,     1792.,     1612.
     1254.,     1607.,     1787.,     1792.,     1612.,     1608.,     1788.,     1793.,     1613.
     1255.,     1608.,     1788.,     1793.,     1613.,     1609.,     1789.,     1794.,     1614.
     1256.,     1609.,     1789.,     1794.,     1614.,     1610.,     1790.,     1795.,     1615.
     1257.,     1611.,     1791.,     1796.,     1616.,     1612.,     1792.,     1797.,     1617.
     1258.,     1612.,     1792.,     1797.,     1617.,     1613.,     1793.,     1798.,     1618.
     1259.,     1613.,     1793.,     1798.,     1618.,     1614.,     1794.,     1799.,     1619.
     1260.,     1614.,     1794.,     1799.,     1619.,     1615.,     1795.,     1800.,     1620.
     1261.,     1621.,     1801.,     1806.,     1626.,     1622.,     1802.,     1807.,     1627.
     1262.,     1622.,     1802.,     1807.,     1627.,     1623.,     1803.,     1808.,     1628.
     1263.,     1623.,     1803.,     1808.,     1628.,     1624.,     1804.,     1809.,     1629.
     1264.,     1624.,     1804.,     1809.,     1629.,     1625.,     1805.,     1810.,     1630.
     1265.,     1626.,     1806.,     1811.,     1631.,     1627.,     1807.,     1812.,     1632.
     1266.,     1627.,     1807.,     1812.,     1632.,     1628.,     1808.,     1813.,     1633.
     1267.,     1628.,     1808.,     1813.,     1633.,     1629.,     1809.,     1814.,     1634.
     1268.,     1629.,     1809.,     1814.,     1634.,     1630.,     1810.,     1815.,     1635.
     1269.,     1631.,     1811.,     1816.,     1636.,     1632.,     1812.,     1817.,     1637.
     1270.,     1632.,     1812.,     1817.,     1637.,     1633.,     1813.,     1818.,     1638.
     1271.,     1633.,     1813.,     1818.,     1638.,     1634.,     1814.,     1819.,     1639.
     1272.,     1634.,     1814.,     1819.,     1639.,     1635.,     1815.,     1820.,     1640.
     1273.,     1636.,     1816.,     1821.,     1641.,     1637.,     1817.,     1822.,     1642.
     1274.,     1637.,     1817.,     1822.,     1642.,     1638.,     1818.,     1823.,     1643.
     1275.,     1638.,     1818.,     1823.,     1643.,     1639.,     1819.,     1824.,     1644.
     1276.,     1639.,     1819.,     1824.,     1644.,     1640.,     1820.,     1825.,     1645.
     1277.,     1641.,     1821.,     1826.,     1646.,     1642.,     1822.,     1827.,     1647.
     1278.,     1642.,     1822.,     1827.,     1647.,     1643.,     1823.,     1828.,     1648.
     1279.,     1643.,     1823.,     1828.,     1648.,     1644.,     1824.,     1829.,     1649.
     1280.,     1644.,     1824.,     1829.,     1649.,     1645.,     1825.,     1830.,     1650.
     1281.,     1646.,     1826.,     1831.,     1651.,     1647.,     1827.,     1832.,     1652.
     1282.,     1647.,     1827.,     1832.,     1652.,     1648.,     1828.,     1833.,     1653.
     1283.,     1648.,     1828.,     1833.,     1653.,     1649.,     1829.,     1834.,     1654.
     1284.,     1649.,     1829.,     1834.,     1654.,     1650.,     1830.,     1835.,     1655.
     1285.,     1651.,     1831.,     1836.,     1656.,     1652.,     1832.,     1837.,     1657.
     1286.,     1652.,     1832.,     1837.,     1657.,     1653.,     1833.,     1838.,     1658.
     1287.,     1653.,     1833.,     1838.,     1658.,     1654.,     1834.,     1839.,     1659.
     1288.,     1654.,     1834.,     1839.,     1659.,     1655.,     1835.,     1840.,     1660.
     1289.,     1656.,     1836.,     1841.,     1661.,     1657.,     1837.,     1842.,     1662.
     1290.,     1657.,     1837.,     1842.,     1662.,     1658.,     1838.,     1843.,     1663.
     1291.,     1658.,     1838.,     1843.,     1663.,     1659.,     1839.,     1844.,     1664.
     1292.,     1659.,     1839.,     1844.,     1664.,     1660.,     1840.,     1845.,     1665.
     1293.,     1661.,     1841.,     1846.,     1666.,     1662.,     1842.,     1847.,     1667.
     1294.,     1662.,     1842.,     1847.,     1667.,     1663.,     1843.,     1848.,     1668.
     1295.,     1663.,     1843.,     1848.,     1668.,     1664.,     1844.,     1849.,     1669.
     1296.,     1664.,     1844.,     1849.,     1669.,     1665.,     1845.,     1850.,     1670.
     1297.,     1666.,     1846.,     1851.,     1671.,     1667.,     1847.,     1852.,     1672.
     1298.,     1667.,     1847.,     1852.,     1672.,     1668.,     1848.,     1853.,     1673.
     1299.,     1668.,     1848.,     1853.,     1673.,     1669.,     1849.,     1854.,     1674.
     1300.,     1669.,     1849.,     1854.,     1674.,     1670.,     1850.,     1855.,     1675.
     1301.,     1671.,     1851.,     1856.,     1676.,     1672.,     1852.,     1857.,     1677.
     1302.,     1672.,     1852.,     1857.,     1677.,     1673.,     1853.,     1858.,     1678.
     1303.,     1673.,     1853.,     1858.,     1678.,     1674.,     1854.,     1859.,     1679.
     1304.,     1674.,     1854.,     1859.,     1679.,     1675.,     1855.,     1860.,     1680.
     1305.,     1676.,     1856.,     1861.,     1681.,     1677.,     1857.,     1862.,     1682.
     1306.,     1677.,     1857.,     1862.,     1682.,     1678.,     1858.,     1863.,     1683.
     1307.,     1678.,     1858.,     1863.,     1683.,     1679.,     1859.,     1864.,     1684.
     1308.,     1679.,     1859.,     1864.,     1684.,     1680.,     1860.,     1865.,     1685.
     1309.,     1681.,     1861.,     1866.,     1686.,     1682.,     1862.,     1867.,     1687.
     1310.,     1682.,     1862.,     1867.,     1687.,     1683.,     1863.,     1868.,     1688.
     1311.,     1683.,     1863.,     1868.,     1688.,     1684.,     1864.,     1869.,     1689.
     1312.,     1684.,     1864.,     1869.,     1689.,     1685.,     1865.,     1870.,     1690.
     1313.,     1686.,     1866.,     1871.,     1691.,     1687.,     1867.,     1872.,     1692.
     1314.,     1687.,     1867.,     1872.,     1692.,     1688.,     1868.,     1873.,     1693.
     1315.,     1688.,     1868.,     1873.,     1693.,     1689.,     1869.,     1874.,     1694.
     1316.,     1689.,     1869.,     1874.,     1694.,     1690.,     1870.,     1875.,     1695.
     1317.,     1691.,     1871.,     1876.,     1696.,     1692.,     1872.,     1877.,     1697.
     1318.,     1692.,     1872.,     1877.,     1697.,     1693.,     1873.,     1878.,     1698.
     1319.,     1693.,     1873.,     1878.,     1698.,     1694.,     1874.,     1879.,     1699.
     1320.,     1694.,     1874.,     1879.,     1699.,     1695.,     1875.,     1880.,     1700.
     1321.,     1696.,     1876.,     1881.,     1701.,     1697.,     1877.,     1882.,     1702.
     1322.,     1697.,     1877.,     1882.,     1702.,     1698.,     1878.,     1883.,     1703.
     1323.,     1698.,     1878.,     1883.,     1703.,     1699.,     1879.,     1884.,     1704.
     1324.,     1699.,     1879.,     1884.,     1704.,     1700.,     1880.,     1885.,     1705.
     1325.,     1701.,     1881.,     1886.,     1706.,     1702.,     1882.,     1887.,     1707.
     1326.,     1702.,     1882.,     1887.,     1707.,     1703.,     1883.,     1888.,     1708.
     1327.,     1703.,     1883.,     1888.,     1708.,     1704.,     1884.,     1889.,     1709.
     1328.,     1704.,     1884.,     1889.,     1709.,     1705.,     1885.,     1890.,     1710.
     1329.,     1706.,     1886.,     1891.,     1711.,     1707.,     1887.,     1892.,     1712.
     1330.,     1707.,     1887.,     1892.,     1712.,     1708.,     1888.,     1893.,     1713.
     1331.,     1708.,     1888.,     1893.,     1713.,     1709.,     1889.,     1894.,     1714.
     1332.,     1709.,     1889.,     1894.,     1714.,     1710.,     1890.,     1895.,     1715.
     1333.,     1711.,     1891.,     1896.,     1716.,     1712.,     1892.,     1897.,     1717.
     1334.,     1712.,     1892.,     1897.,     1717.,     1713.,     1893.,     1898.,     1718.
     1335.,     1713.,     1893.,     1898.,     1718.,     1714.,     1894.,     1899.,     1719.
     1336.,     1714.,     1894.,     1899.,     1719.,     1715.,     1895.,     1900.,     1720.
     1337.,     1716.,     1896.,     1901.,     1721.,     1717.,     1897.,     1902.,     1722.
     1338.,     1717.,     1897.,     1902.,     1722.,     1718.,     1898.,     1903.,     1723.
     1339.,     1718.,     1898.,     1903.,     1723.,     1719.,     1899.,     1904.,     1724.
     1340.,     1719.,     1899.,     1904.,     1724.,     1720.,     1900.,     1905.,     1725.
     1341.,     1721.,     1901.,     1906.,     1726.,     1722.,     1902.,     1907.,     1727.
     1342.,     1722.,     1902.,     1907.,     1727.,     1723.,     1903.,     1908.,     1728.
     1343.,     1723.,     1903.,     1908.,     1728.,     1724.,     1904.,     1909.,     1729.
     1344.,     1724.,     1904.,     1909.,     1729.,     1725.,     1905.,     1910.,     1730.
     1345.,     1726.,     1906.,     1911.,     1731.,     1727.,     1907.,     1912.,     1732.
     1346.,     1727.,     1907.,     1912.,     1732.,     1728.,     1908.,     1913.,     1733.
     1347.,     1728.,     1908.,     1913.,     1733.,     1729.,     1909.,     1914.,     1734.
     1348.,     1729.,     1909.,     1914.,     1734.,     1730.,     1910.,     1915.,     1735.
     1349.,     1731.,     1911.,     1916.,     1736.,     1732.,     1912.,     1917.,     1737.
     1350.,     1732.,     1912.,     1917.,     1737.,     1733.,     1913.,     1918.,     1738.
     1351.,     1733.,     1913.,     1918.,     1738.,     1734.,     1914.,     1919.,     1739.
     1352.,     1734.,     1914.,     1919.,     1739.,     1735.,     1915.,     1920.,     1740.
     1353.,     1736.,     1916.,     1921.,     1741.,     1737.,     1917.,     1922.,     1742.
     1354.,     1737.,     1917.,     1922.,     1742.,     1738.,     1918.,     1923.,     1743.
     1355.,     1738.,     1918.,     1923.,     1743.,     1739.,     1919.,     1924.,     1744.
     1356.,     1739.,     1919.,     1924.,     1744.,     1740.,     1920.,     1925.,     1745.
     1357.,     1741.,     1921.,     1926.,     1746.,     1742.,     1922.,     1927.,     1747.
     1358.,     1742.,     1922.,     1927.,     1747.,     1743.,     1923.,     1928.,     1748.
     1359.,     1743.,     1923.,     1928.,     1748.,     1744.,     1924.,     1929.,     1749.
     1360.,     1744.,     1924.,     1929.,     1749.,     1745.,     1925.,     1930.,     1750.
     1361.,     1746.,     1926.,     1931.,     1751.,     1747.,     1927.,     1932.,     1752.
     1362.,     1747.,     1927.,     1932.,     1752.,     1748.,     1928.,     1933.,     1753.
     1363.,     1748.,     1928.,     1933.,     1753.,     1749.,     1929.,     1934.,     1754.
     1364.,     1749.,     1929.,     1934.,     1754.,     1750.,     1930.,     1935.,     1755.
     1365.,     1751.,     1931.,     1936.,     1756.,     1752.,     1932.,     1937.,     1757.
     1366.,     1752.,     1932.,     1937.,     1757.,     1753.,     1933.,     1938.,     1758.
     1367.,     1753.,     1933.,     1938.,     1758.,     1754.,     1934.,     1939.,     1759.
     1368.,     1754.,     1934.,     1939.,     1759.,     1755.,     1935.,     1940.,     1760.
     1369.,     1756.,     1936.,     1941.,     1761.,     1757.,     1937.,     1942.,     1762.
     1370.,     1757.,     1937.,     1942.,     1762.,     1758.,     1938.,     1943.,     1763.
     1371.,     1758.,     1938.,     1943.,     1763.,     1759.,     1939.,     1944.,     1764.
     1372.,     1759.,     1939.,     1944.,     1764.,     1760.,     1940.,     1945.,     1765.
     1373.,     1761.,     1941.,     1946.,     1766.,     1762.,     1942.,     1947.,     1767.
     1374.,     1762.,     1942.,     1947.,     1767.,     1763.,     1943.,     1948.,     1768.
     1375.,     1763.,     1943.,     1948.,     1768.,     1764.,     1944.,     1949.,     1769.
     1376.,     1764.,     1944.,     1949.,     1769.,     1765.,     1945.,     1950.,     1770.
     1377.,     1766.,     1946.,     1951.,     1771.,     1767.,     1947.,     1952.,     1772.
     1378.,     1767.,     1947.,     1952.,     1772.,     1768.,     1948.,     1953.,     1773.
     1379.,     1768.,     1948.,     1953.,     1773.,     1769.,     1949.,     1954.,     1774.
     1380.,     1769.,     1949.,     1954.,     1774.,     1770.,     1950.,     1955.,     1775.
     1381.,     1771.,     1951.,     1956.,     1776.,     1772.,     1952.,     1957.,     1777.
     1382.,     1772.,     1952.,     1957.,     1777.,     1773.,     1953.,     1958.,     1778.
     1383.,     1773.,     1953.,     1958.,     1778.,     1774.,     1954.,     1959.,     1779.
     1384.,     1774.,     1954.,     1959.,     1779.,     1775.,     1955.,     1960.,     1780.
     1385.,     1776.,     1956.,     1961.,     1781.,     1777.,     1957.,     1962.,     1782.
     1386.,     1777.,     1957.,     1962.,     1782.,     1778.,     1958.,     1963.,     1783.
     1387.,     1778.,     1958.,     1963.,     1783.,     1779.,     1959.,     1964.,     1784.
     1388.,     1779.,     1959.,     1964.,     1784.,     1780.,     1960.,     1965.,     1785.
     1389.,     1781.,     1961.,     1966.,     1786.,     1782.,     1962.,     1967.,     1787.
     1390.,     1782.,     1962.,     1967.,     1787.,     1783.,     1963.,     1968.,     1788.
     1391.,     1783.,     1963.,     1968.,     1788.,     1784.,     1964.,     1969.,     1789.
     1392.,     1784.,     1964.,     1969.,     1789.,     1785.,     1965.,     1970.,     1790.
     1393.,     1786.,     1966.,     1971.,     1791.,     1787.,     1967.,     1972.,     1792.
     1394.,     1787.,     1967.,     1972.,     1792.,     1788.,     1968.,     1973.,     1793.
     1395.,     1788.,     1968.,     1973.,     1793.,     1789.,     1969.,     1974.,     1794.
     1396.,     1789.,     1969.,     1974.,     1794.,     1790.,     1970.,     1975.,     1795.
     1397.,     1791.,     1971.,     1976.,     1796.,     1792.,     1972.,     1977.,     1797.
     1398.,     1792.,     1972.,     1977.,     1797.,     1793.,     1973.,     1978.,     1798.
     1399.,     1793.,     1973.,     1978.,     1798.,     1794.,     1974.,     1979.,     1799.
     1400.,     1794.,     1974.,     1979.,     1799.,     1795.,     1975.,     1980.,     1800.
     1401.,     1801.,     1981.,     1986.,     1806.,     1802.,     1982.,     1987.,     1807.
     1402.,     1802.,     1982.,     1987.,     1807.,     1803.,     1983.,     1988.,     1808.
     1403.,     1803.,     1983.,     1988.,     1808.,     1804.,     1984.,     1989.,     1809.
     1404.,     1804.,     1984.,     1989.,     1809.,     1805.,     1985.,     1990.,     1810.
     1405.,     1806.,     1986.,     1991.,     1811.,     1807.,     1987.,     1992.,     1812.
     1406.,     1807.,     1987.,     1992.,     1812.,     1808.,     1988.,     1993.,     1813.
     1407.,     1808.,     1988.,     1993.,     1813.,     1809.,     1989.,     1994.,     1814.
     1408.,     1809.,     1989.,     1994.,     1814.,     1810.,     1990.,     1995.,     1815.
     1409.,     1811.,     1991.,     1996.,     1816.,     1812.,     1992.,     1997.,     1817.
     1410.,     1812.,     1992.,     1997.,     1817.,     1813.,     1993.,     1998.,     1818.
     1411.,     1813.,     1993.,     1998.,     1818.,     1814.,     1994.,     1999.,     1819.
     1412.,     1814.,     1994.,     1999.,     1819.,     1815.,     1995.,     2000.,     1820.
     1413.,     1816.,     1996.,     2001.,     1821.,     1817.,     1997.,     2002.,     1822.
     1414.,     1817.,     1997.,     2002.,     1822.,     1818.,     1998.,     2003.,     1823.
     1415.,     1818.,     1998.,     2003.,     1823.,     1819.,     1999.,     2004.,     1824.
     1416.,     1819.,     1999.,     2004.,     1824.,     1820.,     2000.,     2005.,     1825.
     1417.,     1821.,     2001.,     2006.,     1826.,     1822.,     2002.,     2007.,     1827.
     1418.,     1822.,     2002.,     2007.,     1827.,     1823.,     2003.,     2008.,     1828.
     1419.,     1823.,     2003.,     2008.,     1828.,     1824.,     2004.,     2009.,     1829.
     1420.,     1824.,     2004.,     2009.,     1829.,     1825.,     2005.,     2010.,     1830.
     1421.,     1826.,     2006.,     2011.,     1831.,     1827.,     2007.,     2012.,     1832.
     1422.,     1827.,     2007.,     2012.,     1832.,     1828.,     2008.,     2013.,     1833.
     1423.,     1828.,     2008.,     2013.,     1833.,     1829.,     2009.,     2014.,     1834.
     1424.,     1829.,     2009.,     2014.,     1834.,     1830.,     2010.,     2015.,     1835.
     1425.,     1831.,     2011.,     2016.,     1836.,     1832.,     2012.,     2017.,     1837.
     1426.,     1832.,     2012.,     2017.,     1837.,     1833.,     2013.,     2018.,     1838.
     1427.,     1833.,     2013.,     2018.,     1838.,     1834.,     2014.,     2019.,     1839.
     1428.,     1834.,     2014.,     2019.,     1839.,     1835.,     2015.,     2020.,     1840.
     1429.,     1836.,     2016.,     2021.,     1841.,     1837.,     2017.,     2022.,     1842.
     1430.,     1837.,     2017.,     2022.,     1842.,     1838.,     2018.,     2023.,     1843.
     1431.,     1838.,     2018.,     2023.,     1843.,     1839.,     2019.,     2024.,     1844.
     1432.,     1839.,     2019.,     2024.,     1844.,     1840.,     2020.,     2025.,     1845.
     1433.,     1841.,     2021.,     2026.,     1846.,     1842.,     2022.,     2027.,     1847.
     1434.,     1842.,     2022.,     2027.,     1847.,     1843.,     2023.,     2028.,     1848.
     1435.,     1843.,     2023.,     2028.,     1848.,     1844.,     2024.,     2029.,     1849.
     1436.,     1844.,     2024.,     2029.,     1849.,     1845.,     2025.,     2030.,     1850.
     1437.,     1846.,     2026.,     2031.,     1851.,     1847.,     2027.,     2032.,     1852.
     1438.,     1847.,     2027.,     2032.,     1852.,     1848.,     2028.,     2033.,     1853.
     1439.,     1848.,     2028.,     2033.,     1853.,     1849.,     2029.,     2034.,     1854.
     1440.,     1849.,     2029.,     2034.,     1854.,     1850.,     2030.,     2035.,     1855.
     1441.,     1851.,     2031.,     2036.,     1856.,     1852.,     2032.,     2037.,     1857.
     1442.,     1852.,     2032.,     2037.,     1857.,     1853.,     2033.,     2038.,     1858.
     1443.,     1853.,     2033.,     2038.,     1858.,     1854.,     2034.,     2039.,     1859.
     1444.,     1854.,     2034.,     2039.,     1859.,     1855.,     2035.,     2040.,     1860.
     1445.,     1856.,     2036.,     2041.,     1861.,     1857.,     2037.,     2042.,     1862.
     1446.,     1857.,     2037.,     2042.,     1862.,     1858.,     2038.,     2043.,     1863.
     1447.,     1858.,     2038.,     2043.,     1863.,     1859.,     2039.,     2044.,     1864.
     1448.,     1859.,     2039.,     2044.,     1864.,     1860.,     2040.,     2045.,     1865.
     1449.,     1861.,     2041.,     2046.,     1866.,     1862.,     2042.,     2047.,     1867.
     1450.,     1862.,     2042.,     2047.,     1867.,     1863.,     2043.,     2048.,     1868.
     1451.,     1863.,     2043.,     2048.,     1868.,     1864.,     2044.,     2049.,     1869.
     1452.,     1864.,     2044.,     2049.,     1869.,     1865.,     2045.,     2050.,     1870.
     1453.,     1866.,     2046.,     2051.,     1871.,     1867.,     2047.,     2052.,     1872.
     1454.,     1867.,     2047.,     2052.,     1872.,     1868.,     2048.,     2053.,     1873.
     1455.,     1868.,     2048.,     2053.,     1873.,     1869.,     2049.,     2054.,     1874.
     1456.,     1869.,     2049.,     2054.,     1874.,     1870.,     2050.,     2055.,     1875.
     1457.,     1871.,     2051.,     2056.,     1876.,     1872.,     2052.,     2057.,     1877.
     1458.,     1872.,     2052.,     2057.,     1877.,     1873.,     2053.,     2058.,     1878.
     1459.,     1873.,     2053.,     2058.,     1878.,     1874.,     2054.,     2059.,     1879.
     1460.,     1874.,     2054.,     2059.,     1879.,     1875.,     2055.,     2060.,     1880.
     1461.,     1876.,     2056.,     2061.,     1881.,     1877.,     2057.,     2062.,     1882.
     1462.,     1877.,     2057.,     2062.,     1882.,     1878.,     2058.,     2063.,     1883.
     1463.,     1878.,     2058.,     2063.,     1883.,     1879.,     2059.,     2064.,     1884.
     1464.,     1879.,     2059.,     2064.,     1884.,     1880.,     2060.,     2065.,     1885.
     1465.,     1881.,     2061.,     2066.,     1886.,     1882.,     2062.,     2067.,     1887.
     1466.,     1882.,     2062.,     2067.,     1887.,     1883.,     2063.,     2068.,     1888.
     1467.,     1883.,     2063.,     2068.,     1888.,     1884.,     2064.,     2069.,     1889.
     1468.,     1884.,     2064.,     2069.,     1889.,     1885.,     2065.,     2070.,     1890.
     1469.,     1886.,     2066.,     2071.,     1891.,     1887.,     2067.,     2072.,     1892.
     1470.,     1887.,     2067.,     2072.,     1892.,     1888.,     2068.,     2073.,     1893.
     1471.,     1888.,     2068.,     2073.,     1893.,     1889.,     2069.,     2074.,     1894.
     1472.,     1889.,     2069.,     2074.,     1894.,     1890.,     2070.,     2075.,     1895.
     1473.,     1891.,     2071.,     2076.,     1896.,     1892.,     2072.,     2077.,     1897.
     1474.,     1892.,     2072.,     2077.,     1897.,     1893.,     2073.,     2078.,     1898.
     1475.,     1893.,     2073.,     2078.,     1898.,     1894.,     2074.,     2079.,     1899.
     1476.,     1894.,     2074.,     2079.,     1899.,     1895.,     2075.,     2080.,     1900.
     1477.,     1896.,     2076.,     2081.,     1901.,     1897.,     2077.,     2082.,     1902.
     1478.,     1897.,     2077.,     2082.,     1902.,     1898.,     2078.,     2083.,     1903.
     1479.,     1898.,     2078.,     2083.,     1903.,     1899.,     2079.,     2084.,     1904.
     1480.,     1899.,     2079.,     2084.,     1904.,     1900.,     2080.,     2085.,     1905.
     1481.,     1901.,     2081.,     2086.,     1906.,     1902.,     2082.,     2087.,     1907.
     1482.,     1902.,     2082.,     2087.,     1907.,     1903.,     2083.,     2088.,     1908.
     1483.,     1903.,     2083.,     2088.,     1908.,     1904.,     2084.,     2089.,     1909.
     1484.,     1904.,     2084.,     2089.,     1909.,     1905.,     2085.,     2090.,     1910.
     1485.,     1906.,     2086.,     2091.,     1911.,     1907.,     2087.,     2092.,     1912.
     1486.,     1907.,     2087.,     2092.,     1912.,     1908.,     2088.,     2093.,     1913.
     1487.,     1908.,     2088.,     2093.,     1913.,     1909.,     2089.,     2094.,     1914.
     1488.,     1909.,     2089.,     2094.,     1914.,     1910.,     2090.,     2095.,     1915.
     1489.,     1911.,     2091.,     2096.,     1916.,     1912.,     2092.,     2097.,     1917.
     1490.,     1912.,     2092.,     2097.,     1917.,     1913.,     2093.,     2098.,     1918.
     1491.,     1913.,     2093.,     2098.,     1918.,     1914.,     2094.,     2099.,     1919.
     1492.,     1914.,     2094.,     2099.,     1919.,     1915.,     2095.,     2100.,     1920.
     1493.,     1916.,     2096.,     2101.,     1921.,     1917.,     2097.,     2102.,     1922.
     1494.,     1917.,     2097.,     2102.,     1922.,     1918.,     2098.,     2103.,     1923.
     1495.,     1918.,     2098.,     2103.,     1923.,     1919.,     2099.,     2104.,     1924.
     1496.,     1919.,     2099.,     2104.,     1924.,     1920.,     2100.,     2105.,     1925.
     1497.,     1921.,     2101.,     2106.,     1926.,     1922.,     2102.,     2107.,     1927.
     1498.,     1922.,     2102.,     2107.,     1927.,     1923.,     2103.,     2108.,     1928.
     1499.,     1923.,     2103.,     2108.,     1928.,     1924.,     2104.,     2109.,     1929.
     1500.,     1924.,     2104.,     2109.,     1929.,     1925.,     2105.,     2110.,     1930.
     1501.,     1926.,     2106.,     2111.,     1931.,     1927.,     2107.,     2112.,     1932.
     1502.,     1927.,     2107.,     2112.,     1932.,     1928.,     2108.,     2113.,     1933.
     1503.,     1928.,     2108.,     2113.,     1933.,     1929.,     2109.,     2114.,     1934.
     1504.,     1929.,     2109.,     2114.,     1934.,     1930.,     2110.,     2115.,     1935.
     1505.,     1931.,     2111.,     2116.,     1936.,     1932.,     2112.,     2117.,     1937.
     1506.,     1932.,     2112.,     2117.,     1937.,     1933.,     2113.,     2118.,     1938.
     1507.,     1933.,     2113.,     2118.,     1938.,     1934.,     2114.,     2119.,     1939.
     1508.,     1934.,     2114.,     2119.,     1939.,     1935.,     2115.,     2120.,     1940.
     1509.,     1936.,     2116.,     2121.,     1941.,     1937.,     2117.,     2122.,     1942.
     1510.,     1937.,     2117.,     2122.,     1942.,     1938.,     2118.,     2123.,     1943.
     1511.,     1938.,     2118.,     2123.,     1943.,     1939.,     2119.,     2124.,     1944.
     1512.,     1939.,     2119.,     2124.,     1944.,     1940.,     2120.,     2125.,     1945.
     1513.,     1941.,     2121.,     2126.,     1946.,     1942.,     2122.,     2127.,     1947.
     1514.,     1942.,     2122.,     2127.,     1947.,     1943.,     2123.,     2128.,     1948.
     1515.,     1943.,     2123.,     2128.,     1948.,     1944.,     2124.,     2129.,     1949.
     1516.,     1944.,     2124.,     2129.,     1949.,     1945.,     2125.,     2130.,     1950.
     1517.,     1946.,     2126.,     2131.,     1951.,     1947.,     2127.,     2132.,     1952.
     1518.,     1947.,     2127.,     2132.,     1952.,     1948.,     2128.,     2133.,     1953.
     1519.,     1948.,     2128.,     2133.,     1953.,     1949.,     2129.,     2134.,     1954.
     1520.,     1949.,     2129.,     2134.,     1954.,     1950.,     2130.,     2135.,     1955.
     1521.,     1951.,     2131.,     2136.,     1956.,     1952.,     2132.,     2137.,     1957.
     1522.,     1952.,     2132.,     2137.,     1957.,     1953.,     2133.,     2138.,     1958.
     1523.,     1953.,     2133.,     2138.,     1958.,     1954.,     2134.,     2139.,     1959.
     1524.,     1954.,     2134.,     2139.,     1959.,     1955.,     2135.,     2140.,     1960.
     1525.,     1956.,     2136.,     2141.,     1961.,     1957.,     2137.,     2142.,     1962.
     1526.,     1957.,     2137.,     2142.,     1962.,     1958.,     2138.,     2143.,     1963.
     1527.,     1958.,     2138.,     2143.,     1963.,     1959.,     2139.,     2144.,     1964.
     1528.,     1959.,     2139.,     2144.,     1964.,     1960.,     2140.,     2145.,     1965.
     1529.,     1961.,     2141.,     2146.,     1966.,     1962.,     2142.,     2147.,     1967.
     1530.,     1962.,     2142.,     2147.,     1967.,     1963.,     2143.,     2148.,     1968.
     1531.,     1963.,     2143.,     2148.,     1968.,     1964.,     2144.,     2149.,     1969.
     1532.,     1964.,     2144.,     2149.,     1969.,     1965.,     2145.,     2150.,     1970.
     1533.,     1966.,     2146.,     2151.,     1971.,     1967.,     2147.,     2152.,     1972.
     1534.,     1967.,     2147.,     2152.,     1972.,     1968.,     2148.,     2153.,     1973.
     1535.,     1968.,     2148.,     2153.,     1973.,     1969.,     2149.,     2154.,     1974.
     1536.,     1969.,     2149.,     2154.,     1974.,     1970.,     2150.,     2155.,     1975.
     1537.,     1971.,     2151.,     2156.,     1976.,     1972.,     2152.,     2157.,     1977.
     1538.,     1972.,     2152.,     2157.,     1977.,     1973.,     2153.,     2158.,     1978.
     1539.,     1973.,     2153.,     2158.,     1978.,     1974.,     2154.,     2159.,     1979.
     1540.,     1974.,     2154.,     2159.,     1979.,     1975.,     2155.,     2160.,     1980.
     1541.,     1981.,     2161.,     2166.,     1986.,     1982.,     2162.,     2167.,     1987.
     1542.,     1982.,     2162.,     2167.,     1987.,     1983.,     2163.,     2168.,     1988.
     1543.,     1983.,     2163.,     2168.,     1988.,     1984.,     2164.,     2169.,     1989.
     1544.,     1984.,     2164.,     2169.,     1989.,     1985.,     2165.,     2170.,     1990.
     1545.,     1986.,     2166.,     2171.,     1991.,     1987.,     2167.,     2172.,     1992.
     1546.,     1987.,     2167.,     2172.,     1992.,     1988.,     2168.,     2173.,     1993.
     1547.,     1988.,     2168.,     2173.,     1993.,     1989.,     2169.,     2174.,     1994.
     1548.,     1989.,     2169.,     2174.,     1994.,     1990.,     2170.,     2175.,     1995.
     1549.,     1991.,     2171.,     2176.,     1996.,     1992.,     2172.,     2177.,     1997.
     1550.,     1992.,     2172.,     2177.,     1997.,     1993.,     2173.,     2178.,     1998.
     1551.,     1993.,     2173.,     2178.,     1998.,     1994.,     2174.,     2179.,     1999.
     1552.,     1994.,     2174.,     2179.,     1999.,     1995.,     2175.,     2180.,     2000.
     1553.,     1996.,     2176.,     2181.,     2001.,     1997.,     2177.,     2182.,     2002.
     1554.,     1997.,     2177.,     2182.,     2002.,     1998.,     2178.,     2183.,     2003.
     1555.,     1998.,     2178.,     2183.,     2003.,     1999.,     2179.,     2184.,     2004.
     1556.,     1999.,     2179.,     2184.,     2004.,     2000.,     2180.,     2185.,     2005.
     1557.,     2001.,     2181.,     2186.,     2006.,     2002.,     2182.,     2187.,     2007.
     1558.,     2002.,     2182.,     2187.,     2007.,     2003.,     2183.,     2188.,     2008.
     1559.,     2003.,     2183.,     2188.,     2008.,     2004.,     2184.,     2189.,     2009.
     1560.,     2004.,     2184.,     2189.,     2009.,     2005.,     2185.,     2190.,     2010.
     1561.,     2006.,     2186.,     2191.,     2011.,     2007.,     2187.,     2192.,     2012.
     1562.,     2007.,     2187.,     2192.,     2012.,     2008.,     2188.,     2193.,     2013.
     1563.,     2008.,     2188.,     2193.,     2013.,     2009.,     2189.,     2194.,     2014.
     1564.,     2009.,     2189.,     2194.,     2014.,     2010.,     2190.,     2195.,     2015.
     1565.,     2011.,     2191.,     2196.,     2016.,     2012.,     2192.,     2197.,     2017.
     1566.,     2012.,     2192.,     2197.,     2017.,     2013.,     2193.,     2198.,     2018.
     1567.,     2013.,     2193.,     2198.,     2018.,     2014.,     2194.,     2199.,     2019.
     1568.,     2014.,     2194.,     2199.,     2019.,     2015.,     2195.,     2200.,     2020.
     1569.,     2016.,     2196.,     2201.,     2021.,     2017.,     2197.,     2202.,     2022.
     1570.,     2017.,     2197.,     2202.,     2022.,     2018.,     2198.,     2203.,     2023.
     1571.,     2018.,     2198.,     2203.,     2023.,     2019.,     2199.,     2204.,     2024.
     1572.,     2019.,     2199.,     2204.,     2024.,     2020.,     2200.,     2205.,     2025.
     1573.,     2021.,     2201.,     2206.,     2026.,     2022.,     2202.,     2207.,     2027.
     1574.,     2022.,     2202.,     2207.,     2027.,     2023.,     2203.,     2208.,     2028.
     1575.,     2023.,     2203.,     2208.,     2028.,     2024.,     2204.,     2209.,     2029.
     1576.,     2024.,     2204.,     2209.,     2029.,     2025.,     2205.,     2210.,     2030.
     1577.,     2026.,     2206.,     2211.,     2031.,     2027.,     2207.,     2212.,     2032.
     1578.,     2027.,     2207.,     2212.,     2032.,     2028.,     2208.,     2213.,     2033.
     1579.,     2028.,     2208.,     2213.,     2033.,     2029.,     2209.,     2214.,     2034.
     1580.,     2029.,     2209.,     2214.,     2034.,     2030.,     2210.,     2215.,     2035.
     1581.,     2031.,     2211.,     2216.,     2036.,     2032.,     2212.,     2217.,     2037.
     1582.,     2032.,     2212.,     2217.,     2037.,     2033.,     2213.,     2218.,     2038.
     1583.,     2033.,     2213.,     2218.,     2038.,     2034.,     2214.,     2219.,     2039.
     1584.,     2034.,     2214.,     2219.,     2039.,     2035.,     2215.,     2220.,     2040.
     1585.,     2036.,     2216.,     2221.,     2041.,     2037.,     2217.,     2222.,     2042.
     1586.,     2037.,     2217.,     2222.,     2042.,     2038.,     2218.,     2223.,     2043.
     1587.,     2038.,     2218.,     2223.,     2043.,     2039.,     2219.,     2224.,     2044.
     1588.,     2039.,     2219.,     2224.,     2044.,     2040.,     2220.,     2225.,     2045.
     1589.,     2041.,     2221.,     2226.,     2046.,     2042.,     2222.,     2227.,     2047.
     1590.,     2042.,     2222.,     2227.,     2047.,     2043.,     2223.,     2228.,     2048.
     1591.,     2043.,     2223.,     2228.,     2048.,     2044.,     2224.,     2229.,     2049.
     1592.,     2044.,     2224.,     2229.,     2049.,     2045.,     2225.,     2230.,     2050.
     1593.,     2046.,     2226.,     2231.,     2051.,     2047.,     2227.,     2232.,     2052.
     1594.,     2047.,     2227.,     2232.,     2052.,     2048.,     2228.,     2233.,     2053.
     1595.,     2048.,     2228.,     2233.,     2053.,     2049.,     2229.,     2234.,     2054.
     1596.,     2049.,     2229.,     2234.,     2054.,     2050.,     2230.,     2235.,     2055.
     1597.,     2051.,     2231.,     2236.,     2056.,     2052.,     2232.,     2237.,     2057.
     1598.,     2052.,     2232.,     2237.,     2057.,     2053.,     2233.,     2238.,     2058.
     1599.,     2053.,     2233.,     2238.,     2058.,     2054.,     2234.,     2239.,     2059.
     1600.,     2054.,     2234.,     2239.,     2059.,     2055.,     2235.,     2240.,     2060.
     1601.,     2056.,     2236.,     2241.,     2061.,     2057.,     2237.,     2242.,     2062.
     1602.,     2057.,     2237.,     2242.,     2062.,     2058.,     2238.,     2243.,     2063.
     1603.,     2058.,     2238.,     2243.,     2063.,     2059.,     2239.,     2244.,     2064.
     1604.,     2059.,     2239.,     2244.,     2064.,     2060.,     2240.,     2245.,     2065.
     1605.,     2061.,     2241.,     2246.,     2066.,     2062.,     2242.,     2247.,     2067.
     1606.,     2062.,     2242.,     2247.,     2067.,     2063.,     2243.,     2248.,     2068.
     1607.,     2063.,     2243.,     2248.,     2068.,     2064.,     2244.,     2249.,     2069.
     1608.,     2064.,     2244.,     2249.,     2069.,     2065.,     2245.,     2250.,     2070.
     1609.,     2066.,     2246.,     2251.,     2071.,     2067.,     2247.,     2252.,     2072.
     1610.,     2067.,     2247.,     2252.,     2072.,     2068.,     2248.,     2253.,     2073.
     1611.,     2068.,     2248.,     2253.,     2073.,     2069.,     2249.,     2254.,     2074.
     1612.,     2069.,     2249.,     2254.,     2074.,     2070.,     2250.,     2255.,     2075.
     1613.,     2071.,     2251.,     2256.,     2076.,     2072.,     2252.,     2257.,     2077.
     1614.,     2072.,     2252.,     2257.,     2077.,     2073.,     2253.,     2258.,     2078.
     1615.,     2073.,     2253.,     2258.,     2078.,     2074.,     2254.,     2259.,     2079.
     1616.,     2074.,     2254.,     2259.,     2079.,     2075.,     2255.,     2260.,     2080.
     1617.,     2076.,     2256.,     2261.,     2081.,     2077.,     2257.,     2262.,     2082.
     1618.,     2077.,     2257.,     2262.,     2082.,     2078.,     2258.,     2263.,     2083.
     1619.,     2078.,     2258.,     2263.,     2083.,     2079.,     2259.,     2264.,     2084.
     1620.,     2079.,     2259.,     2264.,     2084.,     2080.,     2260.,     2265.,     2085.
     1621.,     2081.,     2261.,     2266.,     2086.,     2082.,     2262.,     2267.,     2087.
     1622.,     2082.,     2262.,     2267.,     2087.,     2083.,     2263.,     2268.,     2088.
     1623.,     2083.,     2263.,     2268.,     2088.,     2084.,     2264.,     2269.,     2089.
     1624.,     2084.,     2264.,     2269.,     2089.,     2085.,     2265.,     2270.,     2090.
     1625.,     2086.,     2266.,     2271.,     2091.,     2087.,     2267.,     2272.,     2092.
     1626.,     2087.,     2267.,     2272.,     2092.,     2088.,     2268.,     2273.,     2093.
     1627.,     2088.,     2268.,     2273.,     2093.,     2089.,     2269.,     2274.,     2094.
     1628.,     2089.,     2269.,     2274.,     2094.,     2090.,     2270.,     2275.,     2095.
     1629.,     2091.,     2271.,     2276.,     2096.,     2092.,     2272.,     2277.,     2097.
     1630.,     2092.,     2272.,     2277.,     2097.,     2093.,     2273.,     2278.,     2098.
     1631.,     2093.,     2273.,     2278.,     2098.,     2094.,     2274.,     2279.,     2099.
     1632.,     2094.,     2274.,     2279.,     2099.,     2095.,     2275.,     2280.,     2100.
     1633.,     2096.,     2276.,     2281.,     2101.,     2097.,     2277.,     2282.,     2102.
     1634.,     2097.,     2277.,     2282.,     2102.,     2098.,     2278.,     2283.,     2103.
     1635.,     2098.,     2278.,     2283.,     2103.,     2099.,     2279.,     2284.,     2104.
     1636.,     2099.,     2279.,     2284.,     2104.,     2100.,     2280.,     2285.,     2105.
     1637.,     2101.,     2281.,     2286.,     2106.,     2102.,     2282.,     2287.,     2107.
     1638.,     2102.,     2282.,     2287.,     2107.,     2103.,     2283.,     2288.,     2108.
     1639.,     2103.,     2283.,     2288.,     2108.,     2104.,     2284.,     2289.,     2109.
     1640.,     2104.,     2284.,     2289.,     2109.,     2105.,     2285.,     2290.,     2110.
     1641.,     2106.,     2286.,     2291.,     2111.,     2107.,     2287.,     2292.,     2112.
     1642.,     2107.,     2287.,     2292.,     2112.,     2108.,     2288.,     2293.,     2113.
     1643.,     2108.,     2288.,     2293.,     2113.,     2109.,     2289.,     2294.,     2114.
     1644.,     2109.,     2289.,     2294.,     2114.,     2110.,     2290.,     2295.,     2115.
     1645.,     2111.,     2291.,     2296.,     2116.,     2112.,     2292.,     2297.,     2117.
     1646.,     2112.,     2292.,     2297.,     2117.,     2113.,     2293.,     2298.,     2118.
     1647.,     2113.,     2293.,     2298.,     2118.,     2114.,     2294.,     2299.,     2119.
     1648.,     2114.,     2294.,     2299.,     2119.,     2115.,     2295.,     2300.,     2120.
     1649.,     2116.,     2296.,     2301.,     2121.,     2117.,     2297.,     2302.,     2122.
     1650.,     2117.,     2297.,     2302.,     2122.,     2118.,     2298.,     2303.,     2123.
     1651.,     2118.,     2298.,     2303.,     2123.,     2119.,     2299.,     2304.,     2124.
     1652.,     2119.,     2299.,     2304.,     2124.,     2120.,     2300.,     2305.,     2125.
     1653.,     2121.,     2301.,     2306.,     2126.,     2122.,     2302.,     2307.,     2127.
     1654.,     2122.,     2302.,     2307.,     2127.,     2123.,     2303.,     2308.,     2128.
     1655.,     2123.,     2303.,     2308.,     2128.,     2124.,     2304.,     2309.,     2129.
     1656.,     2124.,     2304.,     2309.,     2129.,     2125.,     2305.,     2310.,     2130.
     1657.,     2126.,     2306.,     2311.,     2131.,     2127.,     2307.,     2312.,     2132.
     1658.,     2127.,     2307.,     2312.,     2132.,     2128.,     2308.,     2313.,     2133.
     1659.,     2128.,     2308.,     2313.,     2133.,     2129.,     2309.,     2314.,     2134.
     1660.,     2129.,     2309.,     2314.,     2134.,     2130.,     2310.,     2315.,     2135.
     1661.,     2131.,     2311.,     2316.,     2136.,     2132.,     2312.,     2317.,     2137.
     1662.,     2132.,     2312.,     2317.,     2137.,     2133.,     2313.,     2318.,     2138.
     1663.,     2133.,     2313.,     2318.,     2138.,     2134.,     2314.,     2319.,     2139.
     1664.,     2134.,     2314.,     2319.,     2139.,     2135.,     2315.,     2320.,     2140.
     1665.,     2136.,     2316.,     2321.,     2141.,     2137.,     2317.,     2322.,     2142.
     1666.,     2137.,     2317.,     2322.,     2142.,     2138.,     2318.,     2323.,     2143.
     1667.,     2138.,     2318.,     2323.,     2143.,     2139.,     2319.,     2324.,     2144.
     1668.,     2139.,     2319.,     2324.,     2144.,     2140.,     2320.,     2325.,     2145.
     1669.,     2141.,     2321.,     2326.,     2146.,     2142.,     2322.,     2327.,     2147.
     1670.,     2142.,     2322.,     2327.,     2147.,     2143.,     2323.,     2328.,     2148.
     1671.,     2143.,     2323.,     2328.,     2148.,     2144.,     2324.,     2329.,     2149.
     1672.,     2144.,     2324.,     2329.,     2149.,     2145.,     2325.,     2330.,     2150.
     1673.,     2146.,     2326.,     2331.,     2151.,     2147.,     2327.,     2332.,     2152.
     1674.,     2147.,     2327.,     2332.,     2152.,     2148.,     2328.,     2333.,     2153.
     1675.,     2148.,     2328.,     2333.,     2153.,     2149.,     2329.,     2334.,     2154.
     1676.,     2149.,     2329.,     2334.,     2154.,     2150.,     2330.,     2335.,     2155.
     1677.,     2151.,     2331.,     2336.,     2156.,     2152.,     2332.,     2337.,     2157.
     1678.,     2152.,     2332.,     2337.,     2157.,     2153.,     2333.,     2338.,     2158.
     1679.,     2153.,     2333.,     2338.,     2158.,     2154.,     2334.,     2339.,     2159.
     1680.,     2154.,     2334.,     2339.,     2159.,     2155.,     2335.,     2340.,     2160.
     1681.,     2161.,     2341.,     2346.,     2166.,     2162.,     2342.,     2347.,     2167.
     1682.,     2162.,     2342.,     2347.,     2167.,     2163.,     2343.,     2348.,     2168.
     1683.,     2163.,     2343.,     2348.,     2168.,     2164.,     2344.,     2349.,     2169.
     1684.,     2164.,     2344.,     2349.,     2169.,     2165.,     2345.,     2350.,     2170.
     1685.,     2166.,     2346.,     2351.,     2171.,     2167.,     2347.,     2352.,     2172.
     1686.,     2167.,     2347.,     2352.,     2172.,     2168.,     2348.,     2353.,     2173.
     1687.,     2168.,     2348.,     2353.,     2173.,     2169.,     2349.,     2354.,     2174.
     1688.,     2169.,     2349.,     2354.,     2174.,     2170.,     2350.,     2355.,     2175.
     1689.,     2171.,     2351.,     2356.,     2176.,     2172.,     2352.,     2357.,     2177.
     1690.,     2172.,     2352.,     2357.,     2177.,     2173.,     2353.,     2358.,     2178.
     1691.,     2173.,     2353.,     2358.,     2178.,     2174.,     2354.,     2359.,     2179.
     1692.,     2174.,     2354.,     2359.,     2179.,     2175.,     2355.,     2360.,     2180.
     1693.,     2176.,     2356.,     2361.,     2181.,     2177.,     2357.,     2362.,     2182.
     1694.,     2177.,     2357.,     2362.,     2182.,     2178.,     2358.,     2363.,     2183.
     1695.,     2178.,     2358.,     2363.,     2183.,     2179.,     2359.,     2364.,     2184.
     1696.,     2179.,     2359.,     2364.,     2184.,     2180.,     2360.,     2365.,     2185.
     1697.,     2181.,     2361.,     2366.,     2186.,     2182.,     2362.,     2367.,     2187.
     1698.,     2182.,     2362.,     2367.,     2187.,     2183.,     2363.,     2368.,     2188.
     1699.,     2183.,     2363.,     2368.,     2188.,     2184.,     2364.,     2369.,     2189.
     1700.,     2184.,     2364.,     2369.,     2189.,     2185.,     2365.,     2370.,     2190.
     1701.,     2186.,     2366.,     2371.,     2191.,     2187.,     2367.,     2372.,     2192.
     1702.,     2187.,     2367.,     2372.,     2192.,     2188.,     2368.,     2373.,     2193.
     1703.,     2188.,     2368.,     2373.,     2193.,     2189.,     2369.,     2374.,     2194.
     1704.,     2189.,     2369.,     2374.,     2194.,     2190.,     2370.,     2375.,     2195.
     1705.,     2191.,     2371.,     2376.,     2196.,     2192.,     2372.,     2377.,     2197.
     1706.,     2192.,     2372.,     2377.,     2197.,     2193.,     2373.,     2378.,     2198.
     1707.,     2193.,     2373.,     2378.,     2198.,     2194.,     2374.,     2379.,     2199.
     1708.,     2194.,     2374.,     2379.,     2199.,     2195.,     2375.,     2380.,     2200.
     1709.,     2196.,     2376.,     2381.,     2201.,     2197.,     2377.,     2382.,     2202.
     1710.,     2197.,     2377.,     2382.,     2202.,     2198.,     2378.,     2383.,     2203.
     1711.,     2198.,     2378.,     2383.,     2203.,     2199.,     2379.,     2384.,     2204.
     1712.,     2199.,     2379.,     2384.,     2204.,     2200.,     2380.,     2385.,     2205.
     1713.,     2201.,     2381.,     2386.,     2206.,     2202.,     2382.,     2387.,     2207.
     1714.,     2202.,     2382.,     2387.,     2207.,     2203.,     2383.,     2388.,     2208.
     1715.,     2203.,     2383.,     2388.,     2208.,     2204.,     2384.,     2389.,     2209.
     1716.,     2204.,     2384.,     2389.,     2209.,     2205.,     2385.,     2390.,     2210.
     1717.,     2206.,     2386.,     2391.,     2211.,     2207.,     2387.,     2392.,     2212.
     1718.,     2207.,     2387.,     2392.,     2212.,     2208.,     2388.,     2393.,     2213.
     1719.,     2208.,     2388.,     2393.,     2213.,     2209.,     2389.,     2394.,     2214.
     1720.,     2209.,     2389.,     2394.,     2214.,     2210.,     2390.,     2395.,     2215.
     1721.,     2211.,     2391.,     2396.,     2216.,     2212.,     2392.,     2397.,     2217.
     1722.,     2212.,     2392.,     2397.,     2217.,     2213.,     2393.,     2398.,     2218.
     1723.,     2213.,     2393.,     2398.,     2218.,     2214.,     2394.,     2399.,     2219.
     1724.,     2214.,     2394.,     2399.,     2219.,     2215.,     2395.,     2400.,     2220.
     1725.,     2216.,     2396.,     2401.,     2221.,     2217.,     2397.,     2402.,     2222.
     1726.,     2217.,     2397.,     2402.,     2222.,     2218.,     2398.,     2403.,     2223.
     1727.,     2218.,     2398.,     2403.,     2223.,     2219.,     2399.,     2404.,     2224.
     1728.,     2219.,     2399.,     2404.,     2224.,     2220.,     2400.,     2405.,     2225.
     1729.,     2221.,     2401.,     2406.,     2226.,     2222.,     2402.,     2407.,     2227.
     1730.,     2222.,     2402.,     2407.,     2227.,     2223.,     2403.,     2408.,     2228.
     1731.,     2223.,     2403.,     2408.,     2228.,     2224.,     2404.,     2409.,     2229.
     1732.,     2224.,     2404.,     2409.,     2229.,     2225.,     2405.,     2410.,     2230.
     1733.,     2226.,     2406.,     2411.,     2231.,     2227.,     2407.,     2412.,     2232.
     1734.,     2227.,     2407.,     2412.,     2232.,     2228.,     2408.,     2413.,     2233.
     1735.,     2228.,     2408.,     2413.,     2233.,     2229.,     2409.,     2414.,     2234.
     1736.,     2229.,     2409.,     2414.,     2234.,     2230.,     2410.,     2415.,     2235.
     1737.,     2231.,     2411.,     2416.,     2236.,     2232.,     2412.,     2417.,     2237.
     1738.,     2232.,     2412.,     2417.,     2237.,     2233.,     2413.,     2418.,     2238.
     1739.,     2233.,     2413.,     2418.,     2238.,     2234.,     2414.,     2419.,     2239.
     1740.,     2234.,     2414.,     2419.,     2239.,     2235.,     2415.,     2420.,     2240.
     1741.,     2236.,     2416.,     2421.,     2241.,     2237.,     2417.,     2422.,     2242.
     1742.,     2237.,     2417.,     2422.,     2242.,     2238.,     2418.,     2423.,     2243.
     1743.,     2238.,     2418.,     2423.,     2243.,     2239.,     2419.,     2424.,     2244.
     1744.,     2239.,     2419.,     2424.,     2244.,     2240.,     2420.,     2425.,     2245.
     1745.,     2241.,     2421.,     2426.,     2246.,     2242.,     2422.,     2427.,     2247.
     1746.,     2242.,     2422.,     2427.,     2247.,     2243.,     2423.,     2428.,     2248.
     1747.,     2243.,     2423.,     2428.,     2248.,     2244.,     2424.,     2429.,     2249.
     1748.,     2244.,     2424.,     2429.,     2249.,     2245.,     2425.,     2430.,     2250.
     1749.,     2246.,     2426.,     2431.,     2251.,     2247.,     2427.,     2432.,     2252.
     1750.,     2247.,     2427.,     2432.,     2252.,     2248.,     2428.,     2433.,     2253.
     1751.,     2248.,     2428.,     2433.,     2253.,     2249.,     2429.,     2434.,     2254.
     1752.,     2249.,     2429.,     2434.,     2254.,     2250.,     2430.,     2435.,     2255.
     1753.,     2251.,     2431.,     2436.,     2256.,     2252.,     2432.,     2437.,     2257.
     1754.,     2252.,     2432.,     2437.,     2257.,     2253.,     2433.,     2438.,     2258.
     1755.,     2253.,     2433.,     2438.,     2258.,     2254.,     2434.,     2439.,     2259.
     1756.,     2254.,     2434.,     2439.,     2259.,     2255.,     2435.,     2440.,     2260.
     1757.,     2256.,     2436.,     2441.,     2261.,     2257.,     2437.,     2442.,     2262.
     1758.,     2257.,     2437.,     2442.,     2262.,     2258.,     2438.,     2443.,     2263.
     1759.,     2258.,     2438.,     2443.,     2263.,     2259.,     2439.,     2444.,     2264.
     1760.,     2259.,     2439.,     2444.,     2264.,     2260.,     2440.,     2445.,     2265.
     1761.,     2261.,     2441.,     2446.,     2266.,     2262.,     2442.,     2447.,     2267.
     1762.,     2262.,     2442.,     2447.,     2267.,     2263.,     2443.,     2448.,     2268.
     1763.,     2263.,     2443.,     2448.,     2268.,     2264.,     2444.,     2449.,     2269.
     1764.,     2264.,     2444.,     2449.,     2269.,     2265.,     2445.,     2450.,     2270.
     1765.,     2266.,     2446.,     2451.,     2271.,     2267.,     2447.,     2452.,     2272.
     1766.,     2267.,     2447.,     2452.,     2272.,     2268.,     2448.,     2453.,     2273.
     1767.,     2268.,     2448.,     2453.,     2273.,     2269.,     2449.,     2454.,     2274.
     1768.,     2269.,     2449.,     2454.,     2274.,     2270.,     2450.,     2455.,     2275.
     1769.,     2271.,     2451.,     2456.,     2276.,     2272.,     2452.,     2457.,     2277.
     1770.,     2272.,     2452.,     2457.,     2277.,     2273.,     2453.,     2458.,     2278.
     1771.,     2273.,     2453.,     2458.,     2278.,     2274.,     2454.,     2459.,     2279.
     1772.,     2274.,     2454.,     2459.,     2279.,     2275.,     2455.,     2460.,     2280.
     1773.,     2276.,     2456.,     2461.,     2281.,     2277.,     2457.,     2462.,     2282.
     1774.,     2277.,     2457.,     2462.,     2282.,     2278.,     2458.,     2463.,     2283.
     1775.,     2278.,     2458.,     2463.,     2283.,     2279.,     2459.,     2464.,     2284.
     1776.,     2279.,     2459.,     2464.,     2284.,     2280.,     2460.,     2465.,     2285.
     1777.,     2281.,     2461.,     2466.,     2286.,     2282.,     2462.,     2467.,     2287.
     1778.,     2282.,     2462.,     2467.,     2287.,     2283.,     2463.,     2468.,     2288.
     1779.,     2283.,     2463.,     2468.,     2288.,     2284.,     2464.,     2469.,     2289.
     1780.,     2284.,     2464.,     2469.,     2289.,     2285.,     2465.,     2470.,     2290.
     1781.,     2286.,     2466.,     2471.,     2291.,     2287.,     2467.,     2472.,     2292.
     1782.,     2287.,     2467.,     2472.,     2292.,     2288.,     2468.,     2473.,     2293.
     1783.,     2288.,     2468.,     2473.,     2293.,     2289.,     2469.,     2474.,     2294.
     1784.,     2289.,     2469.,     2474.,     2294.,     2290.,     2470.,     2475.,     2295.
     1785.,     2291.,     2471.,     2476.,     2296.,     2292.,     2472.,     2477.,     2297.
     1786.,     2292.,     2472.,     2477.,     2297.,     2293.,     2473.,     2478.,     2298.
     1787.,     2293.,     2473.,     2478.,     2298.,     2294.,     2474.,     2479.,     2299.
     1788.,     2294.,     2474.,     2479.,     2299.,     2295.,     2475.,     2480.,     2300.
     1789.,     2296.,     2476.,     2481.,     2301.,     2297.,     2477.,     2482.,     2302.
     1790.,     2297.,     2477.,     2482.,     2302.,     2298.,     2478.,     2483.,     2303.
     1791.,     2298.,     2478.,     2483.,     2303.,     2299.,     2479.,     2484.,     2304.
     1792.,     2299.,     2479.,     2484.,     2304.,     2300.,     2480.,     2485.,     2305.
     1793.,     2301.,     2481.,     2486.,     2306.,     2302.,     2482.,     2487.,     2307.
     1794.,     2302.,     2482.,     2487.,     2307.,     2303.,     2483.,     2488.,     2308.
     1795.,     2303.,     2483.,     2488.,     2308.,     2304.,     2484.,     2489.,     2309.
     1796.,     2304.,     2484.,     2489.,     2309.,     2305.,     2485.,     2490.,     2310.
     1797.,     2306.,     2486.,     2491.,     2311.,     2307.,     2487.,     2492.,     2312.
     1798.,     2307.,     2487.,     2492.,     2312.,     2308.,     2488.,     2493.,     2313.
     1799.,     2308.,     2488.,     2493.,     2313.,     2309.,     2489.,     2494.,     2314.
     1800.,     2309.,     2489.,     2494.,     2314.,     2310.,     2490.,     2495.,     2315.
     1801.,     2311.,     2491.,     2496.,     2316.,     2312.,     2492.,     2497.,     2317.
     1802.,     2312.,     2492.,     2497.,     2317.,     2313.,     2493.,     2498.,     2318.
     1803.,     2313.,     2493.,     2498.,     2318.,     2314.,     2494.,     2499.,     2319.
     1804.,     2314.,     2494.,     2499.,     2319.,     2315.,     2495.,     2500.,     2320.
     1805.,     2316.,     2496.,     2501.,     2321.,     2317.,     2497.,     2502.,     2322.
     1806.,     2317.,     2497.,     2502.,     2322.,     2318.,     2498.,     2503.,     2323.
     1807.,     2318.,     2498.,     2503.,     2323.,     2319.,     2499.,     2504.,     2324.
     1808.,     2319.,     2499.,     2504.,     2324.,     2320.,     2500.,     2505.,     2325.
     1809.,     2321.,     2501.,     2506.,     2326.,     2322.,     2502.,     2507.,     2327.
     1810.,     2322.,     2502.,     2507.,     2327.,     2323.,     2503.,     2508.,     2328.
     1811.,     2323.,     2503.,     2508.,     2328.,     2324.,     2504.,     2509.,     2329.
     1812.,     2324.,     2504.,     2509.,     2329.,     2325.,     2505.,     2510.,     2330.
     1813.,     2326.,     2506.,     2511.,     2331.,     2327.,     2507.,     2512.,     2332.
     1814.,     2327.,     2507.,     2512.,     2332.,     2328.,     2508.,     2513.,     2333.
     1815.,     2328.,     2508.,     2513.,     2333.,     2329.,     2509.,     2514.,     2334.
     1816.,     2329.,     2509.,     2514.,     2334.,     2330.,     2510.,     2515.,     2335.
     1817.,     2331.,     2511.,     2516.,     2336.,     2332.,     2512.,     2517.,     2337.
     1818.,     2332.,     2512.,     2517.,     2337.,     2333.,     2513.,     2518.,     2338.
     1819.,     2333.,     2513.,     2518.,     2338.,     2334.,     2514.,     2519.,     2339.
     1820.,     2334.,     2514.,     2519.,     2339.,     2335.,     2515.,     2520.,     2340.
     1821.,     2341.,     2521.,     2526.,     2346.,     2342.,     2522.,     2527.,     2347.
     1822.,     2342.,     2522.,     2527.,     2347.,     2343.,     2523.,     2528.,     2348.
     1823.,     2343.,     2523.,     2528.,     2348.,     2344.,     2524.,     2529.,     2349.
     1824.,     2344.,     2524.,     2529.,     2349.,     2345.,     2525.,     2530.,     2350.
     1825.,     2346.,     2526.,     2531.,     2351.,     2347.,     2527.,     2532.,     2352.
     1826.,     2347.,     2527.,     2532.,     2352.,     2348.,     2528.,     2533.,     2353.
     1827.,     2348.,     2528.,     2533.,     2353.,     2349.,     2529.,     2534.,     2354.
     1828.,     2349.,     2529.,     2534.,     2354.,     2350.,     2530.,     2535.,     2355.
     1829.,     2351.,     2531.,     2536.,     2356.,     2352.,     2532.,     2537.,     2357.
     1830.,     2352.,     2532.,     2537.,     2357.,     2353.,     2533.,     2538.,     2358.
     1831.,     2353.,     2533.,     2538.,     2358.,     2354.,     2534.,     2539.,     2359.
     1832.,     2354.,     2534.,     2539.,     2359.,     2355.,     2535.,     2540.,     2360.
     1833.,     2356.,     2536.,     2541.,     2361.,     2357.,     2537.,     2542.,     2362.
     1834.,     2357.,     2537.,     2542.,     2362.,     2358.,     2538.,     2543.,     2363.
     1835.,     2358.,     2538.,     2543.,     2363.,     2359.,     2539.,     2544.,     2364.
     1836.,     2359.,     2539.,     2544.,     2364.,     2360.,     2540.,     2545.,     2365.
     1837.,     2361.,     2541.,     2546.,     2366.,     2362.,     2542.,     2547.,     2367.
     1838.,     2362.,     2542.,     2547.,     2367.,     2363.,     2543.,     2548.,     2368.
     1839.,     2363.,     2543.,     2548.,     2368.,     2364.,     2544.,     2549.,     2369.
     1840.,     2364.,     2544.,     2549.,     2369.,     2365.,     2545.,     2550.,     2370.
     1841.,     2366.,     2546.,     2551.,     2371.,     2367.,     2547.,     2552.,     2372.
     1842.,     2367.,     2547.,     2552.,     2372.,     2368.,     2548.,     2553.,     2373.
     1843.,     2368.,     2548.,     2553.,     2373.,     2369.,     2549.,     2554.,     2374.
     1844.,     2369.,     2549.,     2554.,     2374.,     2370.,     2550.,     2555.,     2375.
     1845.,     2371.,     2551.,     2556.,     2376.,     2372.,     2552.,     2557.,     2377.
     1846.,     2372.,     2552.,     2557.,     2377.,     2373.,     2553.,     2558.,     2378.
     1847.,     2373.,     2553.,     2558.,     2378.,     2374.,     2554.,     2559.,     2379.
     1848.,     2374.,     2554.,     2559.,     2379.,     2375.,     2555.,     2560.,     2380.
     1849.,     2376.,     2556.,     2561.,     2381.,     2377.,     2557.,     2562.,     2382.
     1850.,     2377.,     2557.,     2562.,     2382.,     2378.,     2558.,     2563.,     2383.
     1851.,     2378.,     2558.,     2563.,     2383.,     2379.,     2559.,     2564.,     2384.
     1852.,     2379.,     2559.,     2564.,     2384.,     2380.,     2560.,     2565.,     2385.
     1853.,     2381.,     2561.,     2566.,     2386.,     2382.,     2562.,     2567.,     2387.
     1854.,     2382.,     2562.,     2567.,     2387.,     2383.,     2563.,     2568.,     2388.
     1855.,     2383.,     2563.,     2568.,     2388.,     2384.,     2564.,     2569.,     2389.
     1856.,     2384.,     2564.,     2569.,     2389.,     2385.,     2565.,     2570.,     2390.
     1857.,     2386.,     2566.,     2571.,     2391.,     2387.,     2567.,     2572.,     2392.
     1858.,     2387.,     2567.,     2572.,     2392.,     2388.,     2568.,     2573.,     2393.
     1859.,     2388.,     2568.,     2573.,     2393.,     2389.,     2569.,     2574.,     2394.
     1860.,     2389.,     2569.,     2574.,     2394.,     2390.,     2570.,     2575.,     2395.
     1861.,     2391.,     2571.,     2576.,     2396.,     2392.,     2572.,     2577.,     2397.
     1862.,     2392.,     2572.,     2577.,     2397.,     2393.,     2573.,     2578.,     2398.
     1863.,     2393.,     2573.,     2578.,     2398.,     2394.,     2574.,     2579.,     2399.
     1864.,     2394.,     2574.,     2579.,     2399.,     2395.,     2575.,     2580.,     2400.
     1865.,     2396.,     2576.,     2581.,     2401.,     2397.,     2577.,     2582.,     2402.
     1866.,     2397.,     2577.,     2582.,     2402.,     2398.,     2578.,     2583.,     2403.
     1867.,     2398.,     2578.,     2583.,     2403.,     2399.,     2579.,     2584.,     2404.
     1868.,     2399.,     2579.,     2584.,     2404.,     2400.,     2580.,     2585.,     2405.
     1869.,     2401.,     2581.,     2586.,     2406.,     2402.,     2582.,     2587.,     2407.
     1870.,     2402.,     2582.,     2587.,     2407.,     2403.,     2583.,     2588.,     2408.
     1871.,     2403.,     2583.,     2588.,     2408.,     2404.,     2584.,     2589.,     2409.
     1872.,     2404.,     2584.,     2589.,     2409.,     2405.,     2585.,     2590.,     2410.
     1873.,     2406.,     2586.,     2591.,     2411.,     2407.,     2587.,     2592.,     2412.
     1874.,     2407.,     2587.,     2592.,     2412.,     2408.,     2588.,     2593.,     2413.
     1875.,     2408.,     2588.,     2593.,     2413.,     2409.,     2589.,     2594.,     2414.
     1876.,     2409.,     2589.,     2594.,     2414.,     2410.,     2590.,     2595.,     2415.
     1877.,     2411.,     2591.,     2596.,     2416.,     2412.,     2592.,     2597.,     2417.
     1878.,     2412.,     2592.,     2597.,     2417.,     2413.,     2593.,     2598.,     2418.
     1879.,     2413.,     2593.,     2598.,     2418.,     2414.,     2594.,     2599.,     2419.
     1880.,     2414.,     2594.,     2599.,     2419.,     2415.,     2595.,     2600.,     2420.
     1881.,     2416.,     2596.,     2601.,     2421.,     2417.,     2597.,     2602.,     2422.
     1882.,     2417.,     2597.,     2602.,     2422.,     2418.,     2598.,     2603.,     2423.
     1883.,     2418.,     2598.,     2603.,     2423.,     2419.,     2599.,     2604.,     2424.
     1884.,     2419.,     2599.,     2604.,     2424.,     2420.,     2600.,     2605.,     2425.
     1885.,     2421.,     2601.,     2606.,     2426.,     2422.,     2602.,     2607.,     2427.
     1886.,     2422.,     2602.,     2607.,     2427.,     2423.,     2603.,     2608.,     2428.
     1887.,     2423.,     2603.,     2608.,     2428.,     2424.,     2604.,     2609.,     2429.
     1888.,     2424.,     2604.,     2609.,     2429.,     2425.,     2605.,     2610.,     2430.
     1889.,     2426.,     2606.,     2611.,     2431.,     2427.,     2607.,     2612.,     2432.
     1890.,     2427.,     2607.,     2612.,     2432.,     2428.,     2608.,     2613.,     2433.
     1891.,     2428.,     2608.,     2613.,     2433.,     2429.,     2609.,     2614.,     2434.
     1892.,     2429.,     2609.,     2614.,     2434.,     2430.,     2610.,     2615.,     2435.
     1893.,     2431.,     2611.,     2616.,     2436.,     2432.,     2612.,     2617.,     2437.
     1894.,     2432.,     2612.,     2617.,     2437.,     2433.,     2613.,     2618.,     2438.
     1895.,     2433.,     2613.,     2618.,     2438.,     2434.,     2614.,     2619.,     2439.
     1896.,     2434.,     2614.,     2619.,     2439.,     2435.,     2615.,     2620.,     2440.
     1897.,     2436.,     2616.,     2621.,     2441.,     2437.,     2617.,     2622.,     2442.
     1898.,     2437.,     2617.,     2622.,     2442.,     2438.,     2618.,     2623.,     2443.
     1899.,     2438.,     2618.,     2623.,     2443.,     2439.,     2619.,     2624.,     2444.
     1900.,     2439.,     2619.,     2624.,     2444.,     2440.,     2620.,     2625.,     2445.
     1901.,     2441.,     2621.,     2626.,     2446.,     2442.,     2622.,     2627.,     2447.
     1902.,     2442.,     2622.,     2627.,     2447.,     2443.,     2623.,     2628.,     2448.
     1903.,     2443.,     2623.,     2628.,     2448.,     2444.,     2624.,     2629.,     2449.
     1904.,     2444.,     2624.,     2629.,     2449.,     2445.,     2625.,     2630.,     2450.
     1905.,     2446.,     2626.,     2631.,     2451.,     2447.,     2627.,     2632.,     2452.
     1906.,     2447.,     2627.,     2632.,     2452.,     2448.,     2628.,     2633.,     2453.
     1907.,     2448.,     2628.,     2633.,     2453.,     2449.,     2629.,     2634.,     2454.
     1908.,     2449.,     2629.,     2634.,     2454.,     2450.,     2630.,     2635.,     2455.
     1909.,     2451.,     2631.,     2636.,     2456.,     2452.,     2632.,     2637.,     2457.
     1910.,     2452.,     2632.,     2637.,     2457.,     2453.,     2633.,     2638.,     2458.
     1911.,     2453.,     2633.,     2638.,     2458.,     2454.,     2634.,     2639.,     2459.
     1912.,     2454.,     2634.,     2639.,     2459.,     2455.,     2635.,     2640.,     2460.
     1913.,     2456.,     2636.,     2641.,     2461.,     2457.,     2637.,     2642.,     2462.
     1914.,     2457.,     2637.,     2642.,     2462.,     2458.,     2638.,     2643.,     2463.
     1915.,     2458.,     2638.,     2643.,     2463.,     2459.,     2639.,     2644.,     2464.
     1916.,     2459.,     2639.,     2644.,     2464.,     2460.,     2640.,     2645.,     2465.
     1917.,     2461.,     2641.,     2646.,     2466.,     2462.,     2642.,     2647.,     2467.
     1918.,     2462.,     2642.,     2647.,     2467.,     2463.,     2643.,     2648.,     2468.
     1919.,     2463.,     2643.,     2648.,     2468.,     2464.,     2644.,     2649.,     2469.
     1920.,     2464.,     2644.,     2649.,     2469.,     2465.,     2645.,     2650.,     2470.
     1921.,     2466.,     2646.,     2651.,     2471.,     2467.,     2647.,     2652.,     2472.
     1922.,     2467.,     2647.,     2652.,     2472.,     2468.,     2648.,     2653.,     2473.
     1923.,     2468.,     2648.,     2653.,     2473.,     2469.,     2649.,     2654.,     2474.
     1924.,     2469.,     2649.,     2654.,     2474.,     2470.,     2650.,     2655.,     2475.
     1925.,     2471.,     2651.,     2656.,     2476.,     2472.,     2652.,     2657.,     2477.
     1926.,     2472.,     2652.,     2657.,     2477.,     2473.,     2653.,     2658.,     2478.
     1927.,     2473.,     2653.,     2658.,     2478.,     2474.,     2654.,     2659.,     2479.
     1928.,     2474.,     2654.,     2659.,     2479.,     2475.,     2655.,     2660.,     2480.
     1929.,     2476.,     2656.,     2661.,     2481.,     2477.,     2657.,     2662.,     2482.
     1930.,     2477.,     2657.,     2662.,     2482.,     2478.,     2658.,     2663.,     2483.
     1931.,     2478.,     2658.,     2663.,     2483.,     2479.,     2659.,     2664.,     2484.
     1932.,     2479.,     2659.,     2664.,     2484.,     2480.,     2660.,     2665.,     2485.
     1933.,     2481.,     2661.,     2666.,     2486.,     2482.,     2662.,     2667.,     2487.
     1934.,     2482.,     2662.,     2667.,     2487.,     2483.,     2663.,     2668.,     2488.
     1935.,     2483.,     2663.,     2668.,     2488.,     2484.,     2664.,     2669.,     2489.
     1936.,     2484.,     2664.,     2669.,     2489.,     2485.,     2665.,     2670.,     2490.
     1937.,     2486.,     2666.,     2671.,     2491.,     2487.,     2667.,     2672.,     2492.
     1938.,     2487.,     2667.,     2672.,     2492.,     2488.,     2668.,     2673.,     2493.
     1939.,     2488.,     2668.,     2673.,     2493.,     2489.,     2669.,     2674.,     2494.
     1940.,     2489.,     2669.,     2674.,     2494.,     2490.,     2670.,     2675.,     2495.
     1941.,     2491.,     2671.,     2676.,     2496.,     2492.,     2672.,     2677.,     2497.
     1942.,     2492.,     2672.,     2677.,     2497.,     2493.,     2673.,     2678.,     2498.
     1943.,     2493.,     2673.,     2678.,     2498.,     2494.,     2674.,     2679.,     2499.
     1944.,     2494.,     2674.,     2679.,     2499.,     2495.,     2675.,     2680.,     2500.
     1945.,     2496.,     2676.,     2681.,     2501.,     2497.,     2677.,     2682.,     2502.
     1946.,     2497.,     2677.,     2682.,     2502.,     2498.,     2678.,     2683.,     2503.
     1947.,     2498.,     2678.,     2683.,     2503.,     2499.,     2679.,     2684.,     2504.
     1948.,     2499.,     2679.,     2684.,     2504.,     2500.,     2680.,     2685.,     2505.
     1949.,     2501.,     2681.,     2686.,     2506.,     2502.,     2682.,     2687.,     2507.
     1950.,     2502.,     2682.,     2687.,     2507.,     2503.,     2683.,     2688.,     2508.
     1951.,     2503.,     2683.,     2688.,     2508.,     2504.,     2684.,     2689.,     2509.
     1952.,     2504.,     2684.,     2689.,     2509.,     2505.,     2685.,     2690.,     2510.
     1953.,     2506.,     2686.,     2691.,     2511.,     2507.,     2687.,     2692.,     2512.
     1954.,     2507.,     2687.,     2692.,     2512.,     2508.,     2688.,     2693.,     2513.
     1955.,     2508.,     2688.,     2693.,     2513.,     2509.,     2689.,     2694.,     2514.
     1956.,     2509.,     2689.,     2694.,     2514.,     2510.,     2690.,     2695.,     2515.
     1957.,     2511.,     2691.,     2696.,     2516.,     2512.,     2692.,     2697.,     2517.
     1958.,     2512.,     2692.,     2697.,     2517.,     2513.,     2693.,     2698.,     2518.
     1959.,     2513.,     2693.,     2698.,     2518.,     2514.,     2694.,     2699.,     2519.
     1960.,     2514.,     2694.,     2699.,     2519.,     2515.,     2695.,     2700.,     2520.
     1961.,     2521.,     2701.,     2706.,     2526.,     2522.,     2702.,     2707.,     2527.
     1962.,     2522.,     2702.,     2707.,     2527.,     2523.,     2703.,     2708.,     2528.
     1963.,     2523.,     2703.,     2708.,     2528.,     2524.,     2704.,     2709.,     2529.
     1964.,     2524.,     2704.,     2709.,     2529.,     2525.,     2705.,     2710.,     2530.
     1965.,     2526.,     2706.,     2711.,     2531.,     2527.,     2707.,     2712.,     2532.
     1966.,     2527.,     2707.,     2712.,     2532.,     2528.,     2708.,     2713.,     2533.
     1967.,     2528.,     2708.,     2713.,     2533.,     2529.,     2709.,     2714.,     2534.
     1968.,     2529.,     2709.,     2714.,     2534.,     2530.,     2710.,     2715.,     2535.
     1969.,     2531.,     2711.,     2716.,     2536.,     2532.,     2712.,     2717.,     2537.
     1970.,     2532.,     2712.,     2717.,     2537.,     2533.,     2713.,     2718.,     2538.
     1971.,     2533.,     2713.,     2718.,     2538.,     2534.,     2714.,     2719.,     2539.
     1972.,     2534.,     2714.,     2719.,     2539.,     2535.,     2715.,     2720.,     2540.
     1973.,     2536.,     2716.,     2721.,     2541.,     2537.,     2717.,     2722.,     2542.
     1974.,     2537.,     2717.,     2722.,     2542.,     2538.,     2718.,     2723.,     2543.
     1975.,     2538.,     2718.,     2723.,     2543.,     2539.,     2719.,     2724.,     2544.
     1976.,     2539.,     2719.,     2724.,     2544.,     2540.,     2720.,     2725.,     2545.
     1977.,     2541.,     2721.,     2726.,     2546.,     2542.,     2722.,     2727.,     2547.
     1978.,     2542.,     2722.,     2727.,     2547.,     2543.,     2723.,     2728.,     2548.
     1979.,     2543.,     2723.,     2728.,     2548.,     2544.,     2724.,     2729.,     2549.
     1980.,     2544.,     2724.,     2729.,     2549.,     2545.,     2725.,     2730.,     2550.
     1981.,     2546.,     2726.,     2731.,     2551.,     2547.,     2727.,     2732.,     2552.
     1982.,     2547.,     2727.,     2732.,     2552.,     2548.,     2728.,     2733.,     2553.
     1983.,     2548.,     2728.,     2733.,     2553.,     2549.,     2729.,     2734.,     2554.
     1984.,     2549.,     2729.,     2734.,     2554.,     2550.,     2730.,     2735.,     2555.
     1985.,     2551.,     2731.,     2736.,     2556.,     2552.,     2732.,     2737.,     2557.
     1986.,     2552.,     2732.,     2737.,     2557.,     2553.,     2733.,     2738.,     2558.
     1987.,     2553.,     2733.,     2738.,     2558.,     2554.,     2734.,     2739.,     2559.
     1988.,     2554.,     2734.,     2739.,     2559.,     2555.,     2735.,     2740.,     2560.
     1989.,     2556.,     2736.,     2741.,     2561.,     2557.,     2737.,     2742.,     2562.
     1990.,     2557.,     2737.,     2742.,     2562.,     2558.,     2738.,     2743.,     2563.
     1991.,     2558.,     2738.,     2743.,     2563.,     2559.,     2739.,     2744.,     2564.
     1992.,     2559.,     2739.,     2744.,     2564.,     2560.,     2740.,     2745.,     2565.
     1993.,     2561.,     2741.,     2746.,     2566.,     2562.,     2742.,     2747.,     2567.
     1994.,     2562.,     2742.,     2747.,     2567.,     2563.,     2743.,     2748.,     2568.
     1995.,     2563.,     2743.,     2748.,     2568.,     2564.,     2744.,     2749.,     2569.
     1996.,     2564.,     2744.,     2749.,     2569.,     2565.,     2745.,     2750.,     2570.
     1997.,     2566.,     2746.,     2751.,     2571.,     2567.,     2747.,     2752.,     2572.
     1998.,     2567.,     2747.,     2752.,     2572.,     2568.,     2748.,     2753.,     2573.
     1999.,     2568.,     2748.,     2753.,     2573.,     2569.,     2749.,     2754.,     2574.
     2000.,     2569.,     2749.,     2754.,     2574.,     2570.,     2750.,     2755.,     2575.
     2001.,     2571.,     2751.,     2756.,     2576.,     2572.,     2752.,     2757.,     2577.
     2002.,     2572.,     2752.,     2757.,     2577.,     2573.,     2753.,     2758.,     2578.
     2003.,     2573.,     2753.,     2758.,     2578.,     2574.,     2754.,     2759.,     2579.
     2004.,     2574.,     2754.,     2759.,     2579.,     2575.,     2755.,     2760.,     2580.
     2005.,     2576.,     2756.,     2761.,     2581.,     2577.,     2757.,     2762.,     2582.
     2006.,     2577.,     2757.,     2762.,     2582.,     2578.,     2758.,     2763.,     2583.
     2007.,     2578.,     2758.,     2763.,     2583.,     2579.,     2759.,     2764.,     2584.
     2008.,     2579.,     2759.,     2764.,     2584.,     2580.,     2760.,     2765.,     2585.
     2009.,     2581.,     2761.,     2766.,     2586.,     2582.,     2762.,     2767.,     2587.
     2010.,     2582.,     2762.,     2767.,     2587.,     2583.,     2763.,     2768.,     2588.
     2011.,     2583.,     2763.,     2768.,     2588.,     2584.,     2764.,     2769.,     2589.
     2012.,     2584.,     2764.,     2769.,     2589.,     2585.,     2765.,     2770.,     2590.
     2013.,     2586.,     2766.,     2771.,     2591.,     2587.,     2767.,     2772.,     2592.
     2014.,     2587.,     2767.,     2772.,     2592.,     2588.,     2768.,     2773.,     2593.
     2015.,     2588.,     2768.,     2773.,     2593.,     2589.,     2769.,     2774.,     2594.
     2016.,     2589.,     2769.,     2774.,     2594.,     2590.,     2770.,     2775.,     2595.
     2017.,     2591.,     2771.,     2776.,     2596.,     2592.,     2772.,     2777.,     2597.
     2018.,     2592.,     2772.,     2777.,     2597.,     2593.,     2773.,     2778.,     2598.
     2019.,     2593.,     2773.,     2778.,     2598.,     2594.,     2774.,     2779.,     2599.
     2020.,     2594.,     2774.,     2779.,     2599.,     2595.,     2775.,     2780.,     2600.
     2021.,     2596.,     2776.,     2781.,     2601.,     2597.,     2777.,     2782.,     2602.
     2022.,     2597.,     2777.,     2782.,     2602.,     2598.,     2778.,     2783.,     2603.
     2023.,     2598.,     2778.,     2783.,     2603.,     2599.,     2779.,     2784.,     2604.
     2024.,     2599.,     2779.,     2784.,     2604.,     2600.,     2780.,     2785.,     2605.
     2025.,     2601.,     2781.,     2786.,     2606.,     2602.,     2782.,     2787.,     2607.
     2026.,     2602.,     2782.,     2787.,     2607.,     2603.,     2783.,     2788.,     2608.
     2027.,     2603.,     2783.,     2788.,     2608.,     2604.,     2784.,     2789.,     2609.
     2028.,     2604.,     2784.,     2789.,     2609.,     2605.,     2785.,     2790.,     2610.
     2029.,     2606.,     2786.,     2791.,     2611.,     2607.,     2787.,     2792.,     2612.
     2030.,     2607.,     2787.,     2792.,     2612.,     2608.,     2788.,     2793.,     2613.
     2031.,     2608.,     2788.,     2793.,     2613.,     2609.,     2789.,     2794.,     2614.
     2032.,     2609.,     2789.,     2794.,     2614.,     2610.,     2790.,     2795.,     2615.
     2033.,     2611.,     2791.,     2796.,     2616.,     2612.,     2792.,     2797.,     2617.
     2034.,     2612.,     2792.,     2797.,     2617.,     2613.,     2793.,     2798.,     2618.
     2035.,     2613.,     2793.,     2798.,     2618.,     2614.,     2794.,     2799.,     2619.
     2036.,     2614.,     2794.,     2799.,     2619.,     2615.,     2795.,     2800.,     2620.
     2037.,     2616.,     2796.,     2801.,     2621.,     2617.,     2797.,     2802.,     2622.
     2038.,     2617.,     2797.,     2802.,     2622.,     2618.,     2798.,     2803.,     2623.
     2039.,     2618.,     2798.,     2803.,     2623.,     2619.,     2799.,     2804.,     2624.
     2040.,     2619.,     2799.,     2804.,     2624.,     2620.,     2800.,     2805.,     2625.
     2041.,     2621.,     2801.,     2806.,     2626.,     2622.,     2802.,     2807.,     2627.
     2042.,     2622.,     2802.,     2807.,     2627.,     2623.,     2803.,     2808.,     2628.
     2043.,     2623.,     2803.,     2808.,     2628.,     2624.,     2804.,     2809.,     2629.
     2044.,     2624.,     2804.,     2809.,     2629.,     2625.,     2805.,     2810.,     2630.
     2045.,     2626.,     2806.,     2811.,     2631.,     2627.,     2807.,     2812.,     2632.
     2046.,     2627.,     2807.,     2812.,     2632.,     2628.,     2808.,     2813.,     2633.
     2047.,     2628.,     2808.,     2813.,     2633.,     2629.,     2809.,     2814.,     2634.
     2048.,     2629.,     2809.,     2814.,     2634.,     2630.,     2810.,     2815.,     2635.
     2049.,     2631.,     2811.,     2816.,     2636.,     2632.,     2812.,     2817.,     2637.
     2050.,     2632.,     2812.,     2817.,     2637.,     2633.,     2813.,     2818.,     2638.
     2051.,     2633.,     2813.,     2818.,     2638.,     2634.,     2814.,     2819.,     2639.
     2052.,     2634.,     2814.,     2819.,     2639.,     2635.,     2815.,     2820.,     2640.
     2053.,     2636.,     2816.,     2821.,     2641.,     2637.,     2817.,     2822.,     2642.
     2054.,     2637.,     2817.,     2822.,     2642.,     2638.,     2818.,     2823.,     2643.
     2055.,     2638.,     2818.,     2823.,     2643.,     2639.,     2819.,     2824.,     2644.
     2056.,     2639.,     2819.,     2824.,     2644.,     2640.,     2820.,     2825.,     2645.
     2057.,     2641.,     2821.,     2826.,     2646.,     2642.,     2822.,     2827.,     2647.
     2058.,     2642.,     2822.,     2827.,     2647.,     2643.,     2823.,     2828.,     2648.
     2059.,     2643.,     2823.,     2828.,     2648.,     2644.,     2824.,     2829.,     2649.
     2060.,     2644.,     2824.,     2829.,     2649.,     2645.,     2825.,     2830.,     2650.
     2061.,     2646.,     2826.,     2831.,     2651.,     2647.,     2827.,     2832.,     2652.
     2062.,     2647.,     2827.,     2832.,     2652.,     2648.,     2828.,     2833.,     2653.
     2063.,     2648.,     2828.,     2833.,     2653.,     2649.,     2829.,     2834.,     2654.
     2064.,     2649.,     2829.,     2834.,     2654.,     2650.,     2830.,     2835.,     2655.
     2065.,     2651.,     2831.,     2836.,     2656.,     2652.,     2832.,     2837.,     2657.
     2066.,     2652.,     2832.,     2837.,     2657.,     2653.,     2833.,     2838.,     2658.
     2067.,     2653.,     2833.,     2838.,     2658.,     2654.,     2834.,     2839.,     2659.
     2068.,     2654.,     2834.,     2839.,     2659.,     2655.,     2835.,     2840.,     2660.
     2069.,     2656.,     2836.,     2841.,     2661.,     2657.,     2837.,     2842.,     2662.
     2070.,     2657.,     2837.,     2842.,     2662.,     2658.,     2838.,     2843.,     2663.
     2071.,     2658.,     2838.,     2843.,     2663.,     2659.,     2839.,     2844.,     2664.
     2072.,     2659.,     2839.,     2844.,     2664.,     2660.,     2840.,     2845.,     2665.
     2073.,     2661.,     2841.,     2846.,     2666.,     2662.,     2842.,     2847.,     2667.
     2074.,     2662.,     2842.,     2847.,     2667.,     2663.,     2843.,     2848.,     2668.
     2075.,     2663.,     2843.,     2848.,     2668.,     2664.,     2844.,     2849.,     2669.
     2076.,     2664.,     2844.,     2849.,     2669.,     2665.,     2845.,     2850.,     2670.
     2077.,     2666.,     2846.,     2851.,     2671.,     2667.,     2847.,     2852.,     2672.
     2078.,     2667.,     2847.,     2852.,     2672.,     2668.,     2848.,     2853.,     2673.
     2079.,     2668.,     2848.,     2853.,     2673.,     2669.,     2849.,     2854.,     2674.
     2080.,     2669.,     2849.,     2854.,     2674.,     2670.,     2850.,     2855.,     2675.
     2081.,     2671.,     2851.,     2856.,     2676.,     2672.,     2852.,     2857.,     2677.
     2082.,     2672.,     2852.,     2857.,     2677.,     2673.,     2853.,     2858.,     2678.
     2083.,     2673.,     2853.,     2858.,     2678.,     2674.,     2854.,     2859.,     2679.
     2084.,     2674.,     2854.,     2859.,     2679.,     2675.,     2855.,     2860.,     2680.
     2085.,     2676.,     2856.,     2861.,     2681.,     2677.,     2857.,     2862.,     2682.
     2086.,     2677.,     2857.,     2862.,     2682.,     2678.,     2858.,     2863.,     2683.
     2087.,     2678.,     2858.,     2863.,     2683.,     2679.,     2859.,     2864.,     2684.
     2088.,     2679.,     2859.,     2864.,     2684.,     2680.,     2860.,     2865.,     2685.
     2089.,     2681.,     2861.,     2866.,     2686.,     2682.,     2862.,     2867.,     2687.
     2090.,     2682.,     2862.,     2867.,     2687.,     2683.,     2863.,     2868.,     2688.
     2091.,     2683.,     2863.,     2868.,     2688.,     2684.,     2864.,     2869.,     2689.
     2092.,     2684.,     2864.,     2869.,     2689.,     2685.,     2865.,     2870.,     2690.
     2093.,     2686.,     2866.,     2871.,     2691.,     2687.,     2867.,     2872.,     2692.
     2094.,     2687.,     2867.,     2872.,     2692.,     2688.,     2868.,     2873.,     2693.
     2095.,     2688.,     2868.,     2873.,     2693.,     2689.,     2869.,     2874.,     2694.
     2096.,     2689.,     2869.,     2874.,     2694.,     2690.,     2870.,     2875.,     2695.
     2097.,     2691.,     2871.,     2876.,     2696.,     2692.,     2872.,     2877.,     2697.
     2098.,     2692.,     2872.,     2877.,     2697.,     2693.,     2873.,     2878.,     2698.
     2099.,     2693.,     2873.,     2878.,     2698.,     2694.,     2874.,     2879.,     2699.
     2100.,     2694.,     2874.,     2879.,     2699.,     2695.,     2875.,     2880.,     2700.
     2101.,     2701.,     2881.,     2886.,     2706.,     2702.,     2882.,     2887.,     2707.
     2102.,     2702.,     2882.,     2887.,     2707.,     2703.,     2883.,     2888.,     2708.
     2103.,     2703.,     2883.,     2888.,     2708.,     2704.,     2884.,     2889.,     2709.
     2104.,     2704.,     2884.,     2889.,     2709.,     2705.,     2885.,     2890.,     2710.
     2105.,     2706.,     2886.,     2891.,     2711.,     2707.,     2887.,     2892.,     2712.
     2106.,     2707.,     2887.,     2892.,     2712.,     2708.,     2888.,     2893.,     2713.
     2107.,     2708.,     2888.,     2893.,     2713.,     2709.,     2889.,     2894.,     2714.
     2108.,     2709.,     2889.,     2894.,     2714.,     2710.,     2890.,     2895.,     2715.
     2109.,     2711.,     2891.,     2896.,     2716.,     2712.,     2892.,     2897.,     2717.
     2110.,     2712.,     2892.,     2897.,     2717.,     2713.,     2893.,     2898.,     2718.
     2111.,     2713.,     2893.,     2898.,     2718.,     2714.,     2894.,     2899.,     2719.
     2112.,     2714.,     2894.,     2899.,     2719.,     2715.,     2895.,     2900.,     2720.
     2113.,     2716.,     2896.,     2901.,     2721.,     2717.,     2897.,     2902.,     2722.
     2114.,     2717.,     2897.,     2902.,     2722.,     2718.,     2898.,     2903.,     2723.
     2115.,     2718.,     2898.,     2903.,     2723.,     2719.,     2899.,     2904.,     2724.
     2116.,     2719.,     2899.,     2904.,     2724.,     2720.,     2900.,     2905.,     2725.
     2117.,     2721.,     2901.,     2906.,     2726.,     2722.,     2902.,     2907.,     2727.
     2118.,     2722.,     2902.,     2907.,     2727.,     2723.,     2903.,     2908.,     2728.
     2119.,     2723.,     2903.,     2908.,     2728.,     2724.,     2904.,     2909.,     2729.
     2120.,     2724.,     2904.,     2909.,     2729.,     2725.,     2905.,     2910.,     2730.
     2121.,     2726.,     2906.,     2911.,     2731.,     2727.,     2907.,     2912.,     2732.
     2122.,     2727.,     2907.,     2912.,     2732.,     2728.,     2908.,     2913.,     2733.
     2123.,     2728.,     2908.,     2913.,     2733.,     2729.,     2909.,     2914.,     2734.
     2124.,     2729.,     2909.,     2914.,     2734.,     2730.,     2910.,     2915.,     2735.
     2125.,     2731.,     2911.,     2916.,     2736.,     2732.,     2912.,     2917.,     2737.
     2126.,     2732.,     2912.,     2917.,     2737.,     2733.,     2913.,     2918.,     2738.
     2127.,     2733.,     2913.,     2918.,     2738.,     2734.,     2914.,     2919.,     2739.
     2128.,     2734.,     2914.,     2919.,     2739.,     2735.,     2915.,     2920.,     2740.
     2129.,     2736.,     2916.,     2921.,     2741.,     2737.,     2917.,     2922.,     2742.
     2130.,     2737.,     2917.,     2922.,     2742.,     2738.,     2918.,     2923.,     2743.
     2131.,     2738.,     2918.,     2923.,     2743.,     2739.,     2919.,     2924.,     2744.
     2132.,     2739.,     2919.,     2924.,     2744.,     2740.,     2920.,     2925.,     2745.
     2133.,     2741.,     2921.,     2926.,     2746.,     2742.,     2922.,     2927.,     2747.
     2134.,     2742.,     2922.,     2927.,     2747.,     2743.,     2923.,     2928.,     2748.
     2135.,     2743.,     2923.,     2928.,     2748.,     2744.,     2924.,     2929.,     2749.
     2136.,     2744.,     2924.,     2929.,     2749.,     2745.,     2925.,     2930.,     2750.
     2137.,     2746.,     2926.,     2931.,     2751.,     2747.,     2927.,     2932.,     2752.
     2138.,     2747.,     2927.,     2932.,     2752.,     2748.,     2928.,     2933.,     2753.
     2139.,     2748.,     2928.,     2933.,     2753.,     2749.,     2929.,     2934.,     2754.
     2140.,     2749.,     2929.,     2934.,     2754.,     2750.,     2930.,     2935.,     2755.
     2141.,     2751.,     2931.,     2936.,     2756.,     2752.,     2932.,     2937.,     2757.
     2142.,     2752.,     2932.,     2937.,     2757.,     2753.,     2933.,     2938.,     2758.
     2143.,     2753.,     2933.,     2938.,     2758.,     2754.,     2934.,     2939.,     2759.
     2144.,     2754.,     2934.,     2939.,     2759.,     2755.,     2935.,     2940.,     2760.
     2145.,     2756.,     2936.,     2941.,     2761.,     2757.,     2937.,     2942.,     2762.
     2146.,     2757.,     2937.,     2942.,     2762.,     2758.,     2938.,     2943.,     2763.
     2147.,     2758.,     2938.,     2943.,     2763.,     2759.,     2939.,     2944.,     2764.
     2148.,     2759.,     2939.,     2944.,     2764.,     2760.,     2940.,     2945.,     2765.
     2149.,     2761.,     2941.,     2946.,     2766.,     2762.,     2942.,     2947.,     2767.
     2150.,     2762.,     2942.,     2947.,     2767.,     2763.,     2943.,     2948.,     2768.
     2151.,     2763.,     2943.,     2948.,     2768.,     2764.,     2944.,     2949.,     2769.
     2152.,     2764.,     2944.,     2949.,     2769.,     2765.,     2945.,     2950.,     2770.
     2153.,     2766.,     2946.,     2951.,     2771.,     2767.,     2947.,     2952.,     2772.
     2154.,     2767.,     2947.,     2952.,     2772.,     2768.,     2948.,     2953.,     2773.
     2155.,     2768.,     2948.,     2953.,     2773.,     2769.,     2949.,     2954.,     2774.
     2156.,     2769.,     2949.,     2954.,     2774.,     2770.,     2950.,     2955.,     2775.
     2157.,     2771.,     2951.,     2956.,     2776.,     2772.,     2952.,     2957.,     2777.
     2158.,     2772.,     2952.,     2957.,     2777.,     2773.,     2953.,     2958.,     2778.
     2159.,     2773.,     2953.,     2958.,     2778.,     2774.,     2954.,     2959.,     2779.
     2160.,     2774.,     2954.,     2959.,     2779.,     2775.,     2955.,     2960.,     2780.
     2161.,     2776.,     2956.,     2961.,     2781.,     2777.,     2957.,     2962.,     2782.
     2162.,     2777.,     2957.,     2962.,     2782.,     2778.,     2958.,     2963.,     2783.
     2163.,     2778.,     2958.,     2963.,     2783.,     2779.,     2959.,     2964.,     2784.
     2164.,     2779.,     2959.,     2964.,     2784.,     2780.,     2960.,     2965.,     2785.
     2165.,     2781.,     2961.,     2966.,     2786.,     2782.,     2962.,     2967.,     2787.
     2166.,     2782.,     2962.,     2967.,     2787.,     2783.,     2963.,     2968.,     2788.
     2167.,     2783.,     2963.,     2968.,     2788.,     2784.,     2964.,     2969.,     2789.
     2168.,     2784.,     2964.,     2969.,     2789.,     2785.,     2965.,     2970.,     2790.
     2169.,     2786.,     2966.,     2971.,     2791.,     2787.,     2967.,     2972.,     2792.
     2170.,     2787.,     2967.,     2972.,     2792.,     2788.,     2968.,     2973.,     2793.
     2171.,     2788.,     2968.,     2973.,     2793.,     2789.,     2969.,     2974.,     2794.
     2172.,     2789.,     2969.,     2974.,     2794.,     2790.,     2970.,     2975.,     2795.
     2173.,     2791.,     2971.,     2976.,     2796.,     2792.,     2972.,     2977.,     2797.
     2174.,     2792.,     2972.,     2977.,     2797.,     2793.,     2973.,     2978.,     2798.
     2175.,     2793.,     2973.,     2978.,     2798.,     2794.,     2974.,     2979.,     2799.
     2176.,     2794.,     2974.,     2979.,     2799.,     2795.,     2975.,     2980.,     2800.
     2177.,     2796.,     2976.,     2981.,     2801.,     2797.,     2977.,     2982.,     2802.
     2178.,     2797.,     2977.,     2982.,     2802.,     2798.,     2978.,     2983.,     2803.
     2179.,     2798.,     2978.,     2983.,     2803.,     2799.,     2979.,     2984.,     2804.
     2180.,     2799.,     2979.,     2984.,     2804.,     2800.,     2980.,     2985.,     2805.
     2181.,     2801.,     2981.,     2986.,     2806.,     2802.,     2982.,     2987.,     2807.
     2182.,     2802.,     2982.,     2987.,     2807.,     2803.,     2983.,     2988.,     2808.
     2183.,     2803.,     2983.,     2988.,     2808.,     2804.,     2984.,     2989.,     2809.
     2184.,     2804.,     2984.,     2989.,     2809.,     2805.,     2985.,     2990.,     2810.
     2185.,     2806.,     2986.,     2991.,     2811.,     2807.,     2987.,     2992.,     2812.
     2186.,     2807.,     2987.,     2992.,     2812.,     2808.,     2988.,     2993.,     2813.
     2187.,     2808.,     2988.,     2993.,     2813.,     2809.,     2989.,     2994.,     2814.
     2188.,     2809.,     2989.,     2994.,     2814.,     2810.,     2990.,     2995.,     2815.
     2189.,     2811.,     2991.,     2996.,     2816.,     2812.,     2992.,     2997.,     2817.
     2190.,     2812.,     2992.,     2997.,     2817.,     2813.,     2993.,     2998.,     2818.
     2191.,     2813.,     2993.,     2998.,     2818.,     2814.,     2994.,     2999.,     2819.
     2192.,     2814.,     2994.,     2999.,     2819.,     2815.,     2995.,     3000.,     2820.
     2193.,     2816.,     2996.,     3001.,     2821.,     2817.,     2997.,     3002.,     2822.
     2194.,     2817.,     2997.,     3002.,     2822.,     2818.,     2998.,     3003.,     2823.
     2195.,     2818.,     2998.,     3003.,     2823.,     2819.,     2999.,     3004.,     2824.
     2196.,     2819.,     2999.,     3004.,     2824.,     2820.,     3000.,     3005.,     2825.
     2197.,     2821.,     3001.,     3006.,     2826.,     2822.,     3002.,     3007.,     2827.
     2198.,     2822.,     3002.,     3007.,     2827.,     2823.,     3003.,     3008.,     2828.
     2199.,     2823.,     3003.,     3008.,     2828.,     2824.,     3004.,     3009.,     2829.
     2200.,     2824.,     3004.,     3009.,     2829.,     2825.,     3005.,     3010.,     2830.
     2201.,     2826.,     3006.,     3011.,     2831.,     2827.,     3007.,     3012.,     2832.
     2202.,     2827.,     3007.,     3012.,     2832.,     2828.,     3008.,     3013.,     2833.
     2203.,     2828.,     3008.,     3013.,     2833.,     2829.,     3009.,     3014.,     2834.
     2204.,     2829.,     3009.,     3014.,     2834.,     2830.,     3010.,     3015.,     2835.
     2205.,     2831.,     3011.,     3016.,     2836.,     2832.,     3012.,     3017.,     2837.
     2206.,     2832.,     3012.,     3017.,     2837.,     2833.,     3013.,     3018.,     2838.
     2207.,     2833.,     3013.,     3018.,     2838.,     2834.,     3014.,     3019.,     2839.
     2208.,     2834.,     3014.,     3019.,     2839.,     2835.,     3015.,     3020.,     2840.
     2209.,     2836.,     3016.,     3021.,     2841.,     2837.,     3017.,     3022.,     2842.
     2210.,     2837.,     3017.,     3022.,     2842.,     2838.,     3018.,     3023.,     2843.
     2211.,     2838.,     3018.,     3023.,     2843.,     2839.,     3019.,     3024.,     2844.
     2212.,     2839.,     3019.,     3024.,     2844.,     2840.,     3020.,     3025.,     2845.
     2213.,     2841.,     3021.,     3026.,     2846.,     2842.,     3022.,     3027.,     2847.
     2214.,     2842.,     3022.,     3027.,     2847.,     2843.,     3023.,     3028.,     2848.
     2215.,     2843.,     3023.,     3028.,     2848.,     2844.,     3024.,     3029.,     2849.
     2216.,     2844.,     3024.,     3029.,     2849.,     2845.,     3025.,     3030.,     2850.
     2217.,     2846.,     3026.,     3031.,     2851.,     2847.,     3027.,     3032.,     2852.
     2218.,     2847.,     3027.,     3032.,     2852.,     2848.,     3028.,     3033.,     2853.
     2219.,     2848.,     3028.,     3033.,     2853.,     2849.,     3029.,     3034.,     2854.
     2220.,     2849.,     3029.,     3034.,     2854.,     2850.,     3030.,     3035.,     2855.
     2221.,     2851.,     3031.,     3036.,     2856.,     2852.,     3032.,     3037.,     2857.
     2222.,     2852.,     3032.,     3037.,     2857.,     2853.,     3033.,     3038.,     2858.
     2223.,     2853.,     3033.,     3038.,     2858.,     2854.,     3034.,     3039.,     2859.
     2224.,     2854.,     3034.,     3039.,     2859.,     2855.,     3035.,     3040.,     2860.
     2225.,     2856.,     3036.,     3041.,     2861.,     2857.,     3037.,     3042.,     2862.
     2226.,     2857.,     3037.,     3042.,     2862.,     2858.,     3038.,     3043.,     2863.
     2227.,     2858.,     3038.,     3043.,     2863.,     2859.,     3039.,     3044.,     2864.
     2228.,     2859.,     3039.,     3044.,     2864.,     2860.,     3040.,     3045.,     2865.
     2229.,     2861.,     3041.,     3046.,     2866.,     2862.,     3042.,     3047.,     2867.
     2230.,     2862.,     3042.,     3047.,     2867.,     2863.,     3043.,     3048.,     2868.
     2231.,     2863.,     3043.,     3048.,     2868.,     2864.,     3044.,     3049.,     2869.
     2232.,     2864.,     3044.,     3049.,     2869.,     2865.,     3045.,     3050.,     2870.
     2233.,     2866.,     3046.,     3051.,     2871.,     2867.,     3047.,     3052.,     2872.
     2234.,     2867.,     3047.,     3052.,     2872.,     2868.,     3048.,     3053.,     2873.
     2235.,     2868.,     3048.,     3053.,     2873.,     2869.,     3049.,     3054.,     2874.
     2236.,     2869.,     3049.,     3054.,     2874.,     2870.,     3050.,     3055.,     2875.
     2237.,     2871.,     3051.,     3056.,     2876.,     2872.,     3052.,     3057.,     2877.
     2238.,     2872.,     3052.,     3057.,     2877.,     2873.,     3053.,     3058.,     2878.
     2239.,     2873.,     3053.,     3058.,     2878.,     2874.,     3054.,     3059.,     2879.
     2240.,     2874.,     3054.,     3059.,     2879.,     2875.,     3055.,     3060.,     2880.
     2241.,     2881.,     3061.,     3066.,     2886.,     2882.,     3062.,     3067.,     2887.
     2242.,     2882.,     3062.,     3067.,     2887.,     2883.,     3063.,     3068.,     2888.
     2243.,     2883.,     3063.,     3068.,     2888.,     2884.,     3064.,     3069.,     2889.
     2244.,     2884.,     3064.,     3069.,     2889.,     2885.,     3065.,     3070.,     2890.
     2245.,     2886.,     3066.,     3071.,     2891.,     2887.,     3067.,     3072.,     2892.
     2246.,     2887.,     3067.,     3072.,     2892.,     2888.,     3068.,     3073.,     2893.
     2247.,     2888.,     3068.,     3073.,     2893.,     2889.,     3069.,     3074.,     2894.
     2248.,     2889.,     3069.,     3074.,     2894.,     2890.,     3070.,     3075.,     2895.
     2249.,     2891.,     3071.,     3076.,     2896.,     2892.,     3072.,     3077.,     2897.
     2250.,     2892.,     3072.,     3077.,     2897.,     2893.,     3073.,     3078.,     2898.
     2251.,     2893.,     3073.,     3078.,     2898.,     2894.,     3074.,     3079.,     2899.
     2252.,     2894.,     3074.,     3079.,     2899.,     2895.,     3075.,     3080.,     2900.
     2253.,     2896.,     3076.,     3081.,     2901.,     2897.,     3077.,     3082.,     2902.
     2254.,     2897.,     3077.,     3082.,     2902.,     2898.,     3078.,     3083.,     2903.
     2255.,     2898.,     3078.,     3083.,     2903.,     2899.,     3079.,     3084.,     2904.
     2256.,     2899.,     3079.,     3084.,     2904.,     2900.,     3080.,     3085.,     2905.
     2257.,     2901.,     3081.,     3086.,     2906.,     2902.,     3082.,     3087.,     2907.
     2258.,     2902.,     3082.,     3087.,     2907.,     2903.,     3083.,     3088.,     2908.
     2259.,     2903.,     3083.,     3088.,     2908.,     2904.,     3084.,     3089.,     2909.
     2260.,     2904.,     3084.,     3089.,     2909.,     2905.,     3085.,     3090.,     2910.
     2261.,     2906.,     3086.,     3091.,     2911.,     2907.,     3087.,     3092.,     2912.
     2262.,     2907.,     3087.,     3092.,     2912.,     2908.,     3088.,     3093.,     2913.
     2263.,     2908.,     3088.,     3093.,     2913.,     2909.,     3089.,     3094.,     2914.
     2264.,     2909.,     3089.,     3094.,     2914.,     2910.,     3090.,     3095.,     2915.
     2265.,     2911.,     3091.,     3096.,     2916.,     2912.,     3092.,     3097.,     2917.
     2266.,     2912.,     3092.,     3097.,     2917.,     2913.,     3093.,     3098.,     2918.
     2267.,     2913.,     3093.,     3098.,     2918.,     2914.,     3094.,     3099.,     2919.
     2268.,     2914.,     3094.,     3099.,     2919.,     2915.,     3095.,     3100.,     2920.
     2269.,     2916.,     3096.,     3101.,     2921.,     2917.,     3097.,     3102.,     2922.
     2270.,     2917.,     3097.,     3102.,     2922.,     2918.,     3098.,     3103.,     2923.
     2271.,     2918.,     3098.,     3103.,     2923.,     2919.,     3099.,     3104.,     2924.
     2272.,     2919.,     3099.,     3104.,     2924.,     2920.,     3100.,     3105.,     2925.
     2273.,     2921.,     3101.,     3106.,     2926.,     2922.,     3102.,     3107.,     2927.
     2274.,     2922.,     3102.,     3107.,     2927.,     2923.,     3103.,     3108.,     2928.
     2275.,     2923.,     3103.,     3108.,     2928.,     2924.,     3104.,     3109.,     2929.
     2276.,     2924.,     3104.,     3109.,     2929.,     2925.,     3105.,     3110.,     2930.
     2277.,     2926.,     3106.,     3111.,     2931.,     2927.,     3107.,     3112.,     2932.
     2278.,     2927.,     3107.,     3112.,     2932.,     2928.,     3108.,     3113.,     2933.
     2279.,     2928.,     3108.,     3113.,     2933.,     2929.,     3109.,     3114.,     2934.
     2280.,     2929.,     3109.,     3114.,     2934.,     2930.,     3110.,     3115.,     2935.
     2281.,     2931.,     3111.,     3116.,     2936.,     2932.,     3112.,     3117.,     2937.
     2282.,     2932.,     3112.,     3117.,     2937.,     2933.,     3113.,     3118.,     2938.
     2283.,     2933.,     3113.,     3118.,     2938.,     2934.,     3114.,     3119.,     2939.
     2284.,     2934.,     3114.,     3119.,     2939.,     2935.,     3115.,     3120.,     2940.
     2285.,     2936.,     3116.,     3121.,     2941.,     2937.,     3117.,     3122.,     2942.
     2286.,     2937.,     3117.,     3122.,     2942.,     2938.,     3118.,     3123.,     2943.
     2287.,     2938.,     3118.,     3123.,     2943.,     2939.,     3119.,     3124.,     2944.
     2288.,     2939.,     3119.,     3124.,     2944.,     2940.,     3120.,     3125.,     2945.
     2289.,     2941.,     3121.,     3126.,     2946.,     2942.,     3122.,     3127.,     2947.
     2290.,     2942.,     3122.,     3127.,     2947.,     2943.,     3123.,     3128.,     2948.
     2291.,     2943.,     3123.,     3128.,     2948.,     2944.,     3124.,     3129.,     2949.
     2292.,     2944.,     3124.,     3129.,     2949.,     2945.,     3125.,     3130.,     2950.
     2293.,     2946.,     3126.,     3131.,     2951.,     2947.,     3127.,     3132.,     2952.
     2294.,     2947.,     3127.,     3132.,     2952.,     2948.,     3128.,     3133.,     2953.
     2295.,     2948.,     3128.,     3133.,     2953.,     2949.,     3129.,     3134.,     2954.
     2296.,     2949.,     3129.,     3134.,     2954.,     2950.,     3130.,     3135.,     2955.
     2297.,     2951.,     3131.,     3136.,     2956.,     2952.,     3132.,     3137.,     2957.
     2298.,     2952.,     3132.,     3137.,     2957.,     2953.,     3133.,     3138.,     2958.
     2299.,     2953.,     3133.,     3138.,     2958.,     2954.,     3134.,     3139.,     2959.
     2300.,     2954.,     3134.,     3139.,     2959.,     2955.,     3135.,     3140.,     2960.
     2301.,     2956.,     3136.,     3141.,     2961.,     2957.,     3137.,     3142.,     2962.
     2302.,     2957.,     3137.,     3142.,     2962.,     2958.,     3138.,     3143.,     2963.
     2303.,     2958.,     3138.,     3143.,     2963.,     2959.,     3139.,     3144.,     2964.
     2304.,     2959.,     3139.,     3144.,     2964.,     2960.,     3140.,     3145.,     2965.
     2305.,     2961.,     3141.,     3146.,     2966.,     2962.,     3142.,     3147.,     2967.
     2306.,     2962.,     3142.,     3147.,     2967.,     2963.,     3143.,     3148.,     2968.
     2307.,     2963.,     3143.,     3148.,     2968.,     2964.,     3144.,     3149.,     2969.
     2308.,     2964.,     3144.,     3149.,     2969.,     2965.,     3145.,     3150.,     2970.
     2309.,     2966.,     3146.,     3151.,     2971.,     2967.,     3147.,     3152.,     2972.
     2310.,     2967.,     3147.,     3152.,     2972.,     2968.,     3148.,     3153.,     2973.
     2311.,     2968.,     3148.,     3153.,     2973.,     2969.,     3149.,     3154.,     2974.
     2312.,     2969.,     3149.,     3154.,     2974.,     2970.,     3150.,     3155.,     2975.
     2313.,     2971.,     3151.,     3156.,     2976.,     2972.,     3152.,     3157.,     2977.
     2314.,     2972.,     3152.,     3157.,     2977.,     2973.,     3153.,     3158.,     2978.
     2315.,     2973.,     3153.,     3158.,     2978.,     2974.,     3154.,     3159.,     2979.
     2316.,     2974.,     3154.,     3159.,     2979.,     2975.,     3155.,     3160.,     2980.
     2317.,     2976.,     3156.,     3161.,     2981.,     2977.,     3157.,     3162.,     2982.
     2318.,     2977.,     3157.,     3162.,     2982.,     2978.,     3158.,     3163.,     2983.
     2319.,     2978.,     3158.,     3163.,     2983.,     2979.,     3159.,     3164.,     2984.
     2320.,     2979.,     3159.,     3164.,     2984.,     2980.,     3160.,     3165.,     2985.
     2321.,     2981.,     3161.,     3166.,     2986.,     2982.,     3162.,     3167.,     2987.
     2322.,     2982.,     3162.,     3167.,     2987.,     2983.,     3163.,     3168.,     2988.
     2323.,     2983.,     3163.,     3168.,     2988.,     2984.,     3164.,     3169.,     2989.
     2324.,     2984.,     3164.,     3169.,     2989.,     2985.,     3165.,     3170.,     2990.
     2325.,     2986.,     3166.,     3171.,     2991.,     2987.,     3167.,     3172.,     2992.
     2326.,     2987.,     3167.,     3172.,     2992.,     2988.,     3168.,     3173.,     2993.
     2327.,     2988.,     3168.,     3173.,     2993.,     2989.,     3169.,     3174.,     2994.
     2328.,     2989.,     3169.,     3174.,     2994.,     2990.,     3170.,     3175.,     2995.
     2329.,     2991.,     3171.,     3176.,     2996.,     2992.,     3172.,     3177.,     2997.
     2330.,     2992.,     3172.,     3177.,     2997.,     2993.,     3173.,     3178.,     2998.
     2331.,     2993.,     3173.,     3178.,     2998.,     2994.,     3174.,     3179.,     2999.
     2332.,     2994.,     3174.,     3179.,     2999.,     2995.,     3175.,     3180.,     3000.
     2333.,     2996.,     3176.,     3181.,     3001.,     2997.,     3177.,     3182.,     3002.
     2334.,     2997.,     3177.,     3182.,     3002.,     2998.,     3178.,     3183.,     3003.
     2335.,     2998.,     3178.,     3183.,     3003.,     2999.,     3179.,     3184.,     3004.
     2336.,     2999.,     3179.,     3184.,     3004.,     3000.,     3180.,     3185.,     3005.
     2337.,     3001.,     3181.,     3186.,     3006.,     3002.,     3182.,     3187.,     3007.
     2338.,     3002.,     3182.,     3187.,     3007.,     3003.,     3183.,     3188.,     3008.
     2339.,     3003.,     3183.,     3188.,     3008.,     3004.,     3184.,     3189.,     3009.
     2340.,     3004.,     3184.,     3189.,     3009.,     3005.,     3185.,     3190.,     3010.
     2341.,     3006.,     3186.,     3191.,     3011.,     3007.,     3187.,     3192.,     3012.
     2342.,     3007.,     3187.,     3192.,     3012.,     3008.,     3188.,     3193.,     3013.
     2343.,     3008.,     3188.,     3193.,     3013.,     3009.,     3189.,     3194.,     3014.
     2344.,     3009.,     3189.,     3194.,     3014.,     3010.,     3190.,     3195.,     3015.
     2345.,     3011.,     3191.,     3196.,     3016.,     3012.,     3192.,     3197.,     3017.
     2346.,     3012.,     3192.,     3197.,     3017.,     3013.,     3193.,     3198.,     3018.
     2347.,     3013.,     3193.,     3198.,     3018.,     3014.,     3194.,     3199.,     3019.
     2348.,     3014.,     3194.,     3199.,     3019.,     3015.,     3195.,     3200.,     3020.
     2349.,     3016.,     3196.,     3201.,     3021.,     3017.,     3197.,     3202.,     3022.
     2350.,     3017.,     3197.,     3202.,     3022.,     3018.,     3198.,     3203.,     3023.
     2351.,     3018.,     3198.,     3203.,     3023.,     3019.,     3199.,     3204.,     3024.
     2352.,     3019.,     3199.,     3204.,     3024.,     3020.,     3200.,     3205.,     3025.
     2353.,     3021.,     3201.,     3206.,     3026.,     3022.,     3202.,     3207.,     3027.
     2354.,     3022.,     3202.,     3207.,     3027.,     3023.,     3203.,     3208.,     3028.
     2355.,     3023.,     3203.,     3208.,     3028.,     3024.,     3204.,     3209.,     3029.
     2356.,     3024.,     3204.,     3209.,     3029.,     3025.,     3205.,     3210.,     3030.
     2357.,     3026.,     3206.,     3211.,     3031.,     3027.,     3207.,     3212.,     3032.
     2358.,     3027.,     3207.,     3212.,     3032.,     3028.,     3208.,     3213.,     3033.
     2359.,     3028.,     3208.,     3213.,     3033.,     3029.,     3209.,     3214.,     3034.
     2360.,     3029.,     3209.,     3214.,     3034.,     3030.,     3210.,     3215.,     3035.
     2361.,     3031.,     3211.,     3216.,     3036.,     3032.,     3212.,     3217.,     3037.
     2362.,     3032.,     3212.,     3217.,     3037.,     3033.,     3213.,     3218.,     3038.
     2363.,     3033.,     3213.,     3218.,     3038.,     3034.,     3214.,     3219.,     3039.
     2364.,     3034.,     3214.,     3219.,     3039.,     3035.,     3215.,     3220.,     3040.
     2365.,     3036.,     3216.,     3221.,     3041.,     3037.,     3217.,     3222.,     3042.
     2366.,     3037.,     3217.,     3222.,     3042.,     3038.,     3218.,     3223.,     3043.
     2367.,     3038.,     3218.,     3223.,     3043.,     3039.,     3219.,     3224.,     3044.
     2368.,     3039.,     3219.,     3224.,     3044.,     3040.,     3220.,     3225.,     3045.
     2369.,     3041.,     3221.,     3226.,     3046.,     3042.,     3222.,     3227.,     3047.
     2370.,     3042.,     3222.,     3227.,     3047.,     3043.,     3223.,     3228.,     3048.
     2371.,     3043.,     3223.,     3228.,     3048.,     3044.,     3224.,     3229.,     3049.
     2372.,     3044.,     3224.,     3229.,     3049.,     3045.,     3225.,     3230.,     3050.
     2373.,     3046.,     3226.,     3231.,     3051.,     3047.,     3227.,     3232.,     3052.
     2374.,     3047.,     3227.,     3232.,     3052.,     3048.,     3228.,     3233.,     3053.
     2375.,     3048.,     3228.,     3233.,     3053.,     3049.,     3229.,     3234.,     3054.
     2376.,     3049.,     3229.,     3234.,     3054.,     3050.,     3230.,     3235.,     3055.
     2377.,     3051.,     3231.,     3236.,     3056.,     3052.,     3232.,     3237.,     3057.
     2378.,     3052.,     3232.,     3237.,     3057.,     3053.,     3233.,     3238.,     3058.
     2379.,     3053.,     3233.,     3238.,     3058.,     3054.,     3234.,     3239.,     3059.
     2380.,     3054.,     3234.,     3239.,     3059.,     3055.,     3235.,     3240.,     3060.
     2381.,     3061.,     3241.,     3246.,     3066.,     3062.,     3242.,     3247.,     3067.
     2382.,     3062.,     3242.,     3247.,     3067.,     3063.,     3243.,     3248.,     3068.
     2383.,     3063.,     3243.,     3248.,     3068.,     3064.,     3244.,     3249.,     3069.
     2384.,     3064.,     3244.,     3249.,     3069.,     3065.,     3245.,     3250.,     3070.
     2385.,     3066.,     3246.,     3251.,     3071.,     3067.,     3247.,     3252.,     3072.
     2386.,     3067.,     3247.,     3252.,     3072.,     3068.,     3248.,     3253.,     3073.
     2387.,     3068.,     3248.,     3253.,     3073.,     3069.,     3249.,     3254.,     3074.
     2388.,     3069.,     3249.,     3254.,     3074.,     3070.,     3250.,     3255.,     3075.
     2389.,     3071.,     3251.,     3256.,     3076.,     3072.,     3252.,     3257.,     3077.
     2390.,     3072.,     3252.,     3257.,     3077.,     3073.,     3253.,     3258.,     3078.
     2391.,     3073.,     3253.,     3258.,     3078.,     3074.,     3254.,     3259.,     3079.
     2392.,     3074.,     3254.,     3259.,     3079.,     3075.,     3255.,     3260.,     3080.
     2393.,     3076.,     3256.,     3261.,     3081.,     3077.,     3257.,     3262.,     3082.
     2394.,     3077.,     3257.,     3262.,     3082.,     3078.,     3258.,     3263.,     3083.
     2395.,     3078.,     3258.,     3263.,     3083.,     3079.,     3259.,     3264.,     3084.
     2396.,     3079.,     3259.,     3264.,     3084.,     3080.,     3260.,     3265.,     3085.
     2397.,     3081.,     3261.,     3266.,     3086.,     3082.,     3262.,     3267.,     3087.
     2398.,     3082.,     3262.,     3267.,     3087.,     3083.,     3263.,     3268.,     3088.
     2399.,     3083.,     3263.,     3268.,     3088.,     3084.,     3264.,     3269.,     3089.
     2400.,     3084.,     3264.,     3269.,     3089.,     3085.,     3265.,     3270.,     3090.
     2401.,     3086.,     3266.,     3271.,     3091.,     3087.,     3267.,     3272.,     3092.
     2402.,     3087.,     3267.,     3272.,     3092.,     3088.,     3268.,     3273.,     3093.
     2403.,     3088.,     3268.,     3273.,     3093.,     3089.,     3269.,     3274.,     3094.
     2404.,     3089.,     3269.,     3274.,     3094.,     3090.,     3270.,     3275.,     3095.
     2405.,     3091.,     3271.,     3276.,     3096.,     3092.,     3272.,     3277.,     3097.
     2406.,     3092.,     3272.,     3277.,     3097.,     3093.,     3273.,     3278.,     3098.
     2407.,     3093.,     3273.,     3278.,     3098.,     3094.,     3274.,     3279.,     3099.
     2408.,     3094.,     3274.,     3279.,     3099.,     3095.,     3275.,     3280.,     3100.
     2409.,     3096.,     3276.,     3281.,     3101.,     3097.,     3277.,     3282.,     3102.
     2410.,     3097.,     3277.,     3282.,     3102.,     3098.,     3278.,     3283.,     3103.
     2411.,     3098.,     3278.,     3283.,     3103.,     3099.,     3279.,     3284.,     3104.
     2412.,     3099.,     3279.,     3284.,     3104.,     3100.,     3280.,     3285.,     3105.
     2413.,     3101.,     3281.,     3286.,     3106.,     3102.,     3282.,     3287.,     3107.
     2414.,     3102.,     3282.,     3287.,     3107.,     3103.,     3283.,     3288.,     3108.
     2415.,     3103.,     3283.,     3288.,     3108.,     3104.,     3284.,     3289.,     3109.
     2416.,     3104.,     3284.,     3289.,     3109.,     3105.,     3285.,     3290.,     3110.
     2417.,     3106.,     3286.,     3291.,     3111.,     3107.,     3287.,     3292.,     3112.
     2418.,     3107.,     3287.,     3292.,     3112.,     3108.,     3288.,     3293.,     3113.
     2419.,     3108.,     3288.,     3293.,     3113.,     3109.,     3289.,     3294.,     3114.
     2420.,     3109.,     3289.,     3294.,     3114.,     3110.,     3290.,     3295.,     3115.
     2421.,     3111.,     3291.,     3296.,     3116.,     3112.,     3292.,     3297.,     3117.
     2422.,     3112.,     3292.,     3297.,     3117.,     3113.,     3293.,     3298.,     3118.
     2423.,     3113.,     3293.,     3298.,     3118.,     3114.,     3294.,     3299.,     3119.
     2424.,     3114.,     3294.,     3299.,     3119.,     3115.,     3295.,     3300.,     3120.
     2425.,     3116.,     3296.,     3301.,     3121.,     3117.,     3297.,     3302.,     3122.
     2426.,     3117.,     3297.,     3302.,     3122.,     3118.,     3298.,     3303.,     3123.
     2427.,     3118.,     3298.,     3303.,     3123.,     3119.,     3299.,     3304.,     3124.
     2428.,     3119.,     3299.,     3304.,     3124.,     3120.,     3300.,     3305.,     3125.
     2429.,     3121.,     3301.,     3306.,     3126.,     3122.,     3302.,     3307.,     3127.
     2430.,     3122.,     3302.,     3307.,     3127.,     3123.,     3303.,     3308.,     3128.
     2431.,     3123.,     3303.,     3308.,     3128.,     3124.,     3304.,     3309.,     3129.
     2432.,     3124.,     3304.,     3309.,     3129.,     3125.,     3305.,     3310.,     3130.
     2433.,     3126.,     3306.,     3311.,     3131.,     3127.,     3307.,     3312.,     3132.
     2434.,     3127.,     3307.,     3312.,     3132.,     3128.,     3308.,     3313.,     3133.
     2435.,     3128.,     3308.,     3313.,     3133.,     3129.,     3309.,     3314.,     3134.
     2436.,     3129.,     3309.,     3314.,     3134.,     3130.,     3310.,     3315.,     3135.
     2437.,     3131.,     3311.,     3316.,     3136.,     3132.,     3312.,     3317.,     3137.
     2438.,     3132.,     3312.,     3317.,     3137.,     3133.,     3313.,     3318.,     3138.
     2439.,     3133.,     3313.,     3318.,     3138.,     3134.,     3314.,     3319.,     3139.
     2440.,     3134.,     3314.,     3319.,     3139.,     3135.,     3315.,     3320.,     3140.
     2441.,     3136.,     3316.,     3321.,     3141.,     3137.,     3317.,     3322.,     3142.
     2442.,     3137.,     3317.,     3322.,     3142.,     3138.,     3318.,     3323.,     3143.
     2443.,     3138.,     3318.,     3323.,     3143.,     3139.,     3319.,     3324.,     3144.
     2444.,     3139.,     3319.,     3324.,     3144.,     3140.,     3320.,     3325.,     3145.
     2445.,     3141.,     3321.,     3326.,     3146.,     3142.,     3322.,     3327.,     3147.
     2446.,     3142.,     3322.,     3327.,     3147.,     3143.,     3323.,     3328.,     3148.
     2447.,     3143.,     3323.,     3328.,     3148.,     3144.,     3324.,     3329.,     3149.
     2448.,     3144.,     3324.,     3329.,     3149.,     3145.,     3325.,     3330.,     3150.
     2449.,     3146.,     3326.,     3331.,     3151.,     3147.,     3327.,     3332.,     3152.
     2450.,     3147.,     3327.,     3332.,     3152.,     3148.,     3328.,     3333.,     3153.
     2451.,     3148.,     3328.,     3333.,     3153.,     3149.,     3329.,     3334.,     3154.
     2452.,     3149.,     3329.,     3334.,     3154.,     3150.,     3330.,     3335.,     3155.
     2453.,     3151.,     3331.,     3336.,     3156.,     3152.,     3332.,     3337.,     3157.
     2454.,     3152.,     3332.,     3337.,     3157.,     3153.,     3333.,     3338.,     3158.
     2455.,     3153.,     3333.,     3338.,     3158.,     3154.,     3334.,     3339.,     3159.
     2456.,     3154.,     3334.,     3339.,     3159.,     3155.,     3335.,     3340.,     3160.
     2457.,     3156.,     3336.,     3341.,     3161.,     3157.,     3337.,     3342.,     3162.
     2458.,     3157.,     3337.,     3342.,     3162.,     3158.,     3338.,     3343.,     3163.
     2459.,     3158.,     3338.,     3343.,     3163.,     3159.,     3339.,     3344.,     3164.
     2460.,     3159.,     3339.,     3344.,     3164.,     3160.,     3340.,     3345.,     3165.
     2461.,     3161.,     3341.,     3346.,     3166.,     3162.,     3342.,     3347.,     3167.
     2462.,     3162.,     3342.,     3347.,     3167.,     3163.,     3343.,     3348.,     3168.
     2463.,     3163.,     3343.,     3348.,     3168.,     3164.,     3344.,     3349.,     3169.
     2464.,     3164.,     3344.,     3349.,     3169.,     3165.,     3345.,     3350.,     3170.
     2465.,     3166.,     3346.,     3351.,     3171.,     3167.,     3347.,     3352.,     3172.
     2466.,     3167.,     3347.,     3352.,     3172.,     3168.,     3348.,     3353.,     3173.
     2467.,     3168.,     3348.,     3353.,     3173.,     3169.,     3349.,     3354.,     3174.
     2468.,     3169.,     3349.,     3354.,     3174.,     3170.,     3350.,     3355.,     3175.
     2469.,     3171.,     3351.,     3356.,     3176.,     3172.,     3352.,     3357.,     3177.
     2470.,     3172.,     3352.,     3357.,     3177.,     3173.,     3353.,     3358.,     3178.
     2471.,     3173.,     3353.,     3358.,     3178.,     3174.,     3354.,     3359.,     3179.
     2472.,     3174.,     3354.,     3359.,     3179.,     3175.,     3355.,     3360.,     3180.
     2473.,     3176.,     3356.,     3361.,     3181.,     3177.,     3357.,     3362.,     3182.
     2474.,     3177.,     3357.,     3362.,     3182.,     3178.,     3358.,     3363.,     3183.
     2475.,     3178.,     3358.,     3363.,     3183.,     3179.,     3359.,     3364.,     3184.
     2476.,     3179.,     3359.,     3364.,     3184.,     3180.,     3360.,     3365.,     3185.
     2477.,     3181.,     3361.,     3366.,     3186.,     3182.,     3362.,     3367.,     3187.
     2478.,     3182.,     3362.,     3367.,     3187.,     3183.,     3363.,     3368.,     3188.
     2479.,     3183.,     3363.,     3368.,     3188.,     3184.,     3364.,     3369.,     3189.
     2480.,     3184.,     3364.,     3369.,     3189.,     3185.,     3365.,     3370.,     3190.
     2481.,     3186.,     3366.,     3371.,     3191.,     3187.,     3367.,     3372.,     3192.
     2482.,     3187.,     3367.,     3372.,     3192.,     3188.,     3368.,     3373.,     3193.
     2483.,     3188.,     3368.,     3373.,     3193.,     3189.,     3369.,     3374.,     3194.
     2484.,     3189.,     3369.,     3374.,     3194.,     3190.,     3370.,     3375.,     3195.
     2485.,     3191.,     3371.,     3376.,     3196.,     3192.,     3372.,     3377.,     3197.
     2486.,     3192.,     3372.,     3377.,     3197.,     3193.,     3373.,     3378.,     3198.
     2487.,     3193.,     3373.,     3378.,     3198.,     3194.,     3374.,     3379.,     3199.
     2488.,     3194.,     3374.,     3379.,     3199.,     3195.,     3375.,     3380.,     3200.
     2489.,     3196.,     3376.,     3381.,     3201.,     3197.,     3377.,     3382.,     3202.
     2490.,     3197.,     3377.,     3382.,     3202.,     3198.,     3378.,     3383.,     3203.
     2491.,     3198.,     3378.,     3383.,     3203.,     3199.,     3379.,     3384.,     3204.
     2492.,     3199.,     3379.,     3384.,     3204.,     3200.,     3380.,     3385.,     3205.
     2493.,     3201.,     3381.,     3386.,     3206.,     3202.,     3382.,     3387.,     3207.
     2494.,     3202.,     3382.,     3387.,     3207.,     3203.,     3383.,     3388.,     3208.
     2495.,     3203.,     3383.,     3388.,     3208.,     3204.,     3384.,     3389.,     3209.
     2496.,     3204.,     3384.,     3389.,     3209.,     3205.,     3385.,     3390.,     3210.
     2497.,     3206.,     3386.,     3391.,     3211.,     3207.,     3387.,     3392.,     3212.
     2498.,     3207.,     3387.,     3392.,     3212.,     3208.,     3388.,     3393.,     3213.
     2499.,     3208.,     3388.,     3393.,     3213.,     3209.,     3389.,     3394.,     3214.
     2500.,     3209.,     3389.,     3394.,     3214.,     3210.,     3390.,     3395.,     3215.
     2501.,     3211.,     3391.,     3396.,     3216.,     3212.,     3392.,     3397.,     3217.
     2502.,     3212.,     3392.,     3397.,     3217.,     3213.,     3393.,     3398.,     3218.
     2503.,     3213.,     3393.,     3398.,     3218.,     3214.,     3394.,     3399.,     3219.
     2504.,     3214.,     3394.,     3399.,     3219.,     3215.,     3395.,     3400.,     3220.
     2505.,     3216.,     3396.,     3401.,     3221.,     3217.,     3397.,     3402.,     3222.
     2506.,     3217.,     3397.,     3402.,     3222.,     3218.,     3398.,     3403.,     3223.
     2507.,     3218.,     3398.,     3403.,     3223.,     3219.,     3399.,     3404.,     3224.
     2508.,     3219.,     3399.,     3404.,     3224.,     3220.,     3400.,     3405.,     3225.
     2509.,     3221.,     3401.,     3406.,     3226.,     3222.,     3402.,     3407.,     3227.
     2510.,     3222.,     3402.,     3407.,     3227.,     3223.,     3403.,     3408.,     3228.
     2511.,     3223.,     3403.,     3408.,     3228.,     3224.,     3404.,     3409.,     3229.
     2512.,     3224.,     3404.,     3409.,     3229.,     3225.,     3405.,     3410.,     3230.
     2513.,     3226.,     3406.,     3411.,     3231.,     3227.,     3407.,     3412.,     3232.
     2514.,     3227.,     3407.,     3412.,     3232.,     3228.,     3408.,     3413.,     3233.
     2515.,     3228.,     3408.,     3413.,     3233.,     3229.,     3409.,     3414.,     3234.
     2516.,     3229.,     3409.,     3414.,     3234.,     3230.,     3410.,     3415.,     3235.
     2517.,     3231.,     3411.,     3416.,     3236.,     3232.,     3412.,     3417.,     3237.
     2518.,     3232.,     3412.,     3417.,     3237.,     3233.,     3413.,     3418.,     3238.
     2519.,     3233.,     3413.,     3418.,     3238.,     3234.,     3414.,     3419.,     3239.
     2520.,     3234.,     3414.,     3419.,     3239.,     3235.,     3415.,     3420.,     3240.
