        1.,         2.11077E+01,         5.23456E+01,        -2.00000E+02,         2.94905E+00,         2.49643E-01,         0.00000E+00
        2.,         9.30411E+00,         2.88640E+01,        -2.00000E+02,         1.47015E+01,        -2.55424E+00,         0.00000E+00
        3.,        -2.49945E+00,         5.38227E+00,        -2.00000E+02,         2.64358E+01,        -5.38227E+00,         0.00000E+00
        4.,        -1.43030E+01,        -1.80994E+01,        -2.00000E+02,         3.81737E+01,        -8.16871E+00,         0.00000E+00
        5.,        -2.61066E+01,        -4.15811E+01,        -2.00000E+02,         4.99382E+01,        -1.09752E+01,         0.00000E+00
        6.,         2.11077E+01,         5.23456E+01,        -1.75000E+02,         2.93560E+00,         2.50480E-01,         3.46945E-02
        7.,         9.36004E+00,         2.88358E+01,        -1.75000E+02,         1.46928E+01,        -2.52632E+00,         2.04813E-02
        8.,        -2.38757E+00,         5.32603E+00,        -1.75000E+02,         2.64285E+01,        -5.32603E+00,        -4.23701E-02
        9.,        -1.41352E+01,        -1.81838E+01,        -1.75000E+02,         3.81684E+01,        -8.08912E+00,        -9.77831E-02
       10.,        -2.58828E+01,        -4.16936E+01,        -1.75000E+02,         4.99385E+01,        -1.08688E+01,        -1.08792E-01
       11.,        -3.63835E+00,         6.47847E+01,        -1.75000E+02,        -1.66345E-02,        -1.21417E+01,        -1.97361E-02
       12.,        -1.53817E+01,         4.12728E+01,        -1.75000E+02,         1.17363E+01,        -1.49192E+01,        -2.94424E-02
       13.,        -2.71250E+01,         1.77608E+01,        -1.75000E+02,         2.34697E+01,        -1.77608E+01,        -8.42604E-02
       14.,        -3.88683E+01,        -5.75116E+00,        -1.75000E+02,         3.52089E+01,        -2.04894E+01,        -1.25247E-01
       15.,        -5.06116E+01,        -2.92631E+01,        -1.75000E+02,         4.69714E+01,        -2.32675E+01,        -1.26875E-01
       16.,        -3.63835E+00,         6.47847E+01,        -2.00000E+02,         0.00000E+00,        -1.21456E+01,         0.00000E+00
       17.,        -1.54419E+01,         4.13030E+01,        -2.00000E+02,         1.17440E+01,        -1.49525E+01,         0.00000E+00
       18.,        -2.72455E+01,         1.78214E+01,        -2.00000E+02,         2.34785E+01,        -1.78214E+01,         0.00000E+00
       19.,        -3.90490E+01,        -5.66032E+00,        -2.00000E+02,         3.52157E+01,        -2.05762E+01,         0.00000E+00
       20.,        -5.08526E+01,        -2.91420E+01,        -2.00000E+02,         4.69692E+01,        -2.33809E+01,         0.00000E+00
       21.,         2.11077E+01,         5.23456E+01,        -1.50000E+02,         2.87768E+00,         2.69524E-01,         5.29459E-02
       22.,         9.41598E+00,         2.88077E+01,        -1.50000E+02,         1.46568E+01,        -2.46517E+00,         7.68324E-02
       23.,        -2.27569E+00,         5.26980E+00,        -1.50000E+02,         2.63772E+01,        -5.26980E+00,        -9.83097E-02
       24.,        -1.39674E+01,        -1.82681E+01,        -1.50000E+02,         3.81079E+01,        -7.98202E+00,        -2.46068E-01
       25.,        -2.56590E+01,        -4.18060E+01,        -1.50000E+02,         4.99151E+01,        -1.07429E+01,        -1.78848E-01
       26.,        -3.63835E+00,         6.47847E+01,        -1.50000E+02,        -7.42748E-02,        -1.21362E+01,        -3.92451E-02
       27.,        -1.53214E+01,         4.12425E+01,        -1.50000E+02,         1.16953E+01,        -1.48732E+01,        -5.25390E-02
       28.,        -2.70045E+01,         1.77002E+01,        -1.50000E+02,         2.34209E+01,        -1.77002E+01,        -1.64173E-01
       29.,        -3.86876E+01,        -5.84201E+00,        -1.50000E+02,         3.51594E+01,        -2.03904E+01,        -2.43563E-01
       30.,        -5.03706E+01,        -2.93843E+01,        -1.50000E+02,         4.69503E+01,        -2.31449E+01,        -1.93685E-01
       31.,         2.15377E+01,         3.98657E+01,        -1.33333E+02,         8.35664E+00,         1.84281E+00,         1.51508E-01
       32.,         1.22525E+01,         2.11923E+01,        -1.33333E+02,         1.77218E+01,        -3.14396E-01,         2.24331E-01
       33.,         2.96735E+00,         2.51892E+00,        -1.33333E+02,         2.69808E+01,        -2.51892E+00,        -1.28580E-01
       34.,        -6.31783E+00,        -1.61545E+01,        -1.33334E+02,         3.62555E+01,        -4.71651E+00,        -4.29960E-01
       35.,        -1.56030E+01,        -3.48279E+01,        -1.33334E+02,         4.56611E+01,        -6.90994E+00,        -2.92602E-01
       36.,        -2.33050E+00,         5.18429E+01,        -1.33333E+02,         5.51510E+00,        -1.01592E+01,        -2.54130E-02
       37.,        -1.16099E+01,         3.31667E+01,        -1.33333E+02,         1.48670E+01,        -1.23167E+01,        -1.81835E-02
       38.,        -2.08894E+01,         1.44904E+01,        -1.33333E+02,         2.41447E+01,        -1.44904E+01,        -2.16670E-01
       39.,        -3.01688E+01,        -4.18583E+00,        -1.33333E+02,         3.34346E+01,        -1.67098E+01,        -3.67816E-01
       40.,        -3.94482E+01,        -2.28621E+01,        -1.33333E+02,         4.28202E+01,        -1.89010E+01,        -2.57070E-01
       41.,         2.19673E+01,         2.73850E+01,        -1.16666E+02,         1.38369E+01,         3.46164E+00,         5.42287E-01
       42.,         1.50887E+01,         1.35762E+01,        -1.16666E+02,         2.07825E+01,         1.86984E+00,         5.54393E-01
       43.,         8.21003E+00,        -2.32649E-01,        -1.16667E+02,         2.75268E+01,         2.32649E-01,        -1.66368E-01
       44.,         1.33139E+00,        -1.40415E+01,        -1.16667E+02,         3.43244E+01,        -1.38377E+00,        -7.51123E-01
       45.,        -5.54726E+00,        -2.78503E+01,        -1.16667E+02,         4.13104E+01,        -3.05556E+00,        -6.66751E-01
       46.,        -1.02266E+00,         3.89011E+01,        -1.16667E+02,         1.10800E+01,        -8.09681E+00,         1.12521E-01
       47.,        -7.89844E+00,         2.50909E+01,        -1.16667E+02,         1.80244E+01,        -9.66317E+00,         1.36948E-01
       48.,        -1.47742E+01,         1.12806E+01,        -1.16667E+02,         2.48112E+01,        -1.12806E+01,        -3.15641E-01
       49.,        -2.16500E+01,        -2.52965E+00,        -1.16667E+02,         3.16343E+01,        -1.29254E+01,        -6.78382E-01
       50.,        -2.85258E+01,        -1.63399E+01,        -1.16667E+02,         3.86111E+01,        -1.45821E+01,        -4.91009E-01
       51.,         2.23967E+01,         1.49036E+01,        -1.00000E+02,         1.95023E+01,         4.11146E+00,         1.83981E+00
       52.,         1.79245E+01,         5.95935E+00,        -1.00000E+02,         2.37702E+01,         3.32338E+00,         8.94252E-01
       53.,         1.34524E+01,        -2.98492E+00,        -1.00000E+02,         2.79643E+01,         2.98492E+00,        -1.51694E-01
       54.,         8.98024E+00,        -1.19292E+01,        -1.00000E+02,         3.22224E+01,         1.39846E+00,        -1.09205E+00
       55.,         4.50811E+00,        -2.08735E+01,        -1.00000E+02,         3.66822E+01,         2.52050E-01,        -1.68543E+00
       56.,         2.85192E-01,         2.59594E+01,        -1.00000E+02,         1.68672E+01,        -6.49355E+00,         9.01169E-01
       57.,        -4.18694E+00,         1.70151E+01,        -1.00000E+02,         2.11897E+01,        -7.36605E+00,         3.47198E-01
       58.,        -8.65908E+00,         8.07081E+00,        -1.00000E+02,         2.53756E+01,        -8.07081E+00,        -4.54800E-01
       59.,        -1.31312E+01,        -8.73466E-01,        -1.00000E+02,         2.96139E+01,        -9.39929E+00,        -1.17130E+00
       60.,        -1.76034E+01,        -9.81774E+00,        -1.00000E+02,         3.40578E+01,        -1.05497E+01,        -1.46499E+00
       61.,         2.36677E+01,         1.73270E+01,        -7.46740E+01,         1.92169E+01,        -9.18401E-01,         3.80189E+00
       62.,         2.08659E+01,         9.51419E+00,        -7.52111E+01,         2.19511E+01,        -1.16963E+00,         2.03260E+00
       63.,         1.80640E+01,         1.70138E+00,        -7.57481E+01,         2.48264E+01,        -1.70138E+00,         5.46965E-01
       64.,         1.52622E+01,        -6.11143E+00,        -7.62852E+01,         2.78531E+01,        -1.44836E+00,        -8.99889E-01
       65.,         1.24604E+01,        -1.39242E+01,        -7.68222E+01,         3.11060E+01,        -1.52264E+00,        -2.42663E+00
       66.,        -1.26912E-02,         2.54375E+01,        -7.46869E+01,         1.78650E+01,        -9.09199E+00,         1.66965E+00
       67.,        -2.59798E+00,         1.77117E+01,        -7.50124E+01,         2.05956E+01,        -9.45228E+00,         5.90172E-01
       68.,        -5.18328E+00,         9.98592E+00,        -7.53379E+01,         2.34409E+01,        -9.98592E+00,        -6.42352E-01
       69.,        -7.76857E+00,         2.26013E+00,        -7.56635E+01,         2.64122E+01,        -1.01139E+01,        -1.80928E+00
       70.,        -1.03539E+01,        -5.46565E+00,        -7.59890E+01,         2.94982E+01,        -1.03955E+01,        -2.76785E+00
       71.,         2.47257E+01,         2.00891E+01,        -4.96375E+01,         1.81086E+01,        -5.99357E+00,         3.84262E+00
       72.,         2.30601E+01,         1.29827E+01,        -5.03996E+01,         1.97634E+01,        -5.95224E+00,         2.58004E+00
       73.,         2.13946E+01,         5.87641E+00,        -5.11616E+01,         2.15459E+01,        -5.87641E+00,         1.34062E+00
       74.,         1.97290E+01,        -1.22993E+00,        -5.19237E+01,         2.34588E+01,        -5.84051E+00,         7.08066E-02
       75.,         1.80634E+01,        -8.33626E+00,        -5.26857E+01,         2.55109E+01,        -5.72361E+00,        -1.36134E+00
       76.,        -1.09160E-01,         2.52685E+01,        -4.93674E+01,         1.77265E+01,        -1.13135E+01,         8.56423E-01
       77.,        -1.40687E+00,         1.82888E+01,        -4.98240E+01,         1.93322E+01,        -1.13499E+01,         2.03395E-01
       78.,        -2.70457E+00,         1.13090E+01,        -5.02805E+01,         2.10020E+01,        -1.13090E+01,        -7.17685E-01
       79.,        -4.00228E+00,         4.32930E+00,        -5.07370E+01,         2.27748E+01,        -1.15001E+01,        -1.69429E+00
       80.,        -5.29999E+00,        -2.65042E+00,        -5.11936E+01,         2.46407E+01,        -1.15711E+01,        -2.46564E+00
       81.,         2.56077E+01,         2.29560E+01,        -2.46915E+01,         1.62819E+01,        -9.62006E+00,         3.97050E+00
       82.,         2.46372E+01,         1.61984E+01,        -2.54930E+01,         1.71531E+01,        -9.53308E+00,         3.04187E+00
       83.,         2.36668E+01,         9.44081E+00,        -2.62944E+01,         1.81365E+01,        -9.44081E+00,         2.08293E+00
       84.,         2.26963E+01,         2.68319E+00,        -2.70959E+01,         1.92085E+01,        -9.31207E+00,         1.10679E+00
       85.,         2.17258E+01,        -4.07443E+00,        -2.78973E+01,         2.03511E+01,        -9.20367E+00,         1.32271E-01
       86.,        -3.36647E-03,         2.54538E+01,        -2.40481E+01,         1.63993E+01,        -1.22925E+01,         4.58205E-01
       87.,        -5.12713E-01,         1.88413E+01,        -2.45340E+01,         1.71775E+01,        -1.22784E+01,         8.13705E-02
       88.,        -1.02206E+00,         1.22287E+01,        -2.50199E+01,         1.80522E+01,        -1.22287E+01,        -5.56617E-01
       89.,        -1.53141E+00,         5.61613E+00,        -2.55057E+01,         1.89883E+01,        -1.22669E+01,        -1.21746E+00
       90.,        -2.04075E+00,        -9.96429E-01,        -2.59916E+01,         1.99358E+01,        -1.22644E+01,        -1.64710E+00
       91.,         2.63223E+01,         2.57563E+01,         2.65539E-01,         1.40737E+01,        -1.26332E+01,         4.41337E+00
       92.,         2.57307E+01,         1.90801E+01,        -4.94392E-01,         1.43643E+01,        -1.25181E+01,         3.60756E+00
       93.,         2.51392E+01,         1.24040E+01,        -1.25432E+00,         1.47390E+01,        -1.24040E+01,         2.81948E+00
       94.,         2.45476E+01,         5.72791E+00,        -2.01425E+00,         1.51708E+01,        -1.22774E+01,         2.03278E+00
       95.,         2.39560E+01,        -9.48208E-01,        -2.77418E+00,         1.56309E+01,        -1.21422E+01,         1.24225E+00
       96.,         3.05543E-01,         2.59950E+01,         1.26440E+00,         1.43638E+01,        -1.30418E+01,         7.92137E-01
       97.,         2.01899E-01,         1.94750E+01,         7.95126E-01,         1.45517E+01,        -1.30123E+01,         4.44433E-01
       98.,         9.82541E-02,         1.29551E+01,         3.25849E-01,         1.48053E+01,        -1.29551E+01,        -6.18594E-02
       99.,        -5.39023E-03,         6.43508E+00,        -1.43429E-01,         1.51018E+01,        -1.29697E+01,        -5.75649E-01
      100.,        -1.09035E-01,        -8.48990E-02,        -6.12706E-01,         1.54069E+01,        -1.29448E+01,        -9.24837E-01
      101.,         2.70736E+01,         2.83841E+01,         2.51478E+01,         1.17891E+01,        -1.51520E+01,         5.09340E+00
      102.,         2.65940E+01,         2.16363E+01,         2.45302E+01,         1.16199E+01,        -1.50215E+01,         4.34558E+00
      103.,         2.61143E+01,         1.48886E+01,         2.39125E+01,         1.15125E+01,        -1.48886E+01,         3.61821E+00
      104.,         2.56346E+01,         8.14079E+00,         2.32949E+01,         1.14349E+01,        -1.47573E+01,         2.90744E+00
      105.,         2.51549E+01,         1.39303E+00,         2.26772E+01,         1.13545E+01,        -1.46266E+01,         2.21476E+00
      106.,         8.18365E-01,         2.68934E+01,         2.65635E+01,         1.20248E+01,        -1.38150E+01,         1.64924E+00
      107.,         8.56404E-01,         2.02973E+01,         2.61296E+01,         1.17633E+01,        -1.37708E+01,         1.26136E+00
      108.,         8.94442E-01,         1.37011E+01,         2.56958E+01,         1.15548E+01,        -1.37011E+01,         7.63805E-01
      109.,         9.32481E-01,         7.10501E+00,         2.52620E+01,         1.13718E+01,        -1.36968E+01,         2.74332E-01
      110.,         9.70520E-01,         5.08880E-01,         2.48281E+01,         1.11876E+01,        -1.36674E+01,        -8.01751E-02
      111.,         2.78379E+01,         3.08846E+01,         5.01259E+01,         9.61247E+00,        -1.74492E+01,         5.96178E+00
      112.,         2.73725E+01,         2.40009E+01,         4.96358E+01,         9.08994E+00,        -1.72837E+01,         5.22591E+00
      113.,         2.69071E+01,         1.71172E+01,         4.91457E+01,         8.61257E+00,        -1.71172E+01,         4.51601E+00
      114.,         2.64417E+01,         1.02336E+01,         4.86556E+01,         8.14751E+00,        -1.69514E+01,         3.82622E+00
      115.,         2.59763E+01,         3.34989E+00,         4.81654E+01,         7.66215E+00,        -1.67835E+01,         3.15921E+00
      116.,         1.53549E+00,         2.81498E+01,         5.18423E+01,         9.72479E+00,        -1.48406E+01,         2.88793E+00
      117.,         1.55671E+00,         2.14042E+01,         5.14522E+01,         9.12290E+00,        -1.47607E+01,         2.41286E+00
      118.,         1.57792E+00,         1.46587E+01,         5.10621E+01,         8.56133E+00,        -1.46587E+01,         1.87307E+00
      119.,         1.59913E+00,         7.91315E+00,         5.06720E+01,         8.01645E+00,        -1.46159E+01,         1.34818E+00
      120.,         1.62035E+00,         1.16762E+00,         5.02819E+01,         7.46964E+00,        -1.45524E+01,         9.26040E-01
      121.,         2.88111E+01,         3.33353E+01,         7.52194E+01,         7.67995E+00,        -1.96811E+01,         6.96991E+00
      122.,         2.82257E+01,         2.62899E+01,         7.48240E+01,         6.90076E+00,        -1.94643E+01,         6.22835E+00
      123.,         2.76402E+01,         1.92444E+01,         7.44286E+01,         6.15406E+00,        -1.92444E+01,         5.50839E+00
      124.,         2.70547E+01,         1.21990E+01,         7.40333E+01,         5.40698E+00,        -1.90249E+01,         4.80748E+00
      125.,         2.64693E+01,         5.15358E+00,         7.36379E+01,         4.62814E+00,        -1.88041E+01,         4.12778E+00
      126.,         2.45635E+00,         2.97630E+01,         7.70945E+01,         7.67884E+00,        -1.62072E+01,         4.36159E+00
      127.,         2.35109E+00,         2.28391E+01,         7.67542E+01,         6.82623E+00,        -1.60725E+01,         3.79412E+00
      128.,         2.24583E+00,         1.59152E+01,         7.64139E+01,         6.00524E+00,        -1.59152E+01,         3.19299E+00
      129.,         2.14057E+00,         8.99122E+00,         7.60736E+01,         5.19359E+00,        -1.58185E+01,         2.60826E+00
      130.,         2.03531E+00,         2.06729E+00,         7.57333E+01,         4.37932E+00,        -1.57043E+01,         2.09545E+00
      131.,         3.00810E+01,         3.57930E+01,         1.00305E+02,         6.08242E+00,        -2.19369E+01,         8.06158E+00
      132.,         2.92795E+01,         2.85852E+01,         9.99887E+01,         5.13746E+00,        -2.16600E+01,         7.30985E+00
      133.,         2.84780E+01,         2.13775E+01,         9.96725E+01,         4.21474E+00,        -2.13775E+01,         6.57105E+00
      134.,         2.76765E+01,         1.41697E+01,         9.93563E+01,         3.28157E+00,        -2.10952E+01,         5.84557E+00
      135.,         2.68750E+01,         6.96191E+00,         9.90402E+01,         2.30837E+00,        -2.08097E+01,         5.13670E+00
      136.,         3.58084E+00,         3.17330E+01,         1.02313E+02,         6.00364E+00,        -1.79545E+01,         5.96614E+00
      137.,         3.27600E+00,         2.46338E+01,         1.02027E+02,         4.98730E+00,        -1.77559E+01,         5.31157E+00
      138.,         2.97116E+00,         1.75345E+01,         1.01742E+02,         3.99504E+00,        -1.75345E+01,         4.64728E+00
      139.,         2.66632E+00,         1.04352E+01,         1.01456E+02,         3.00631E+00,        -1.73738E+01,         3.99587E+00
      140.,         2.36148E+00,         3.33598E+00,         1.01170E+02,         2.01303E+00,        -1.71961E+01,         3.38474E+00
      141.,         3.15990E+01,         3.82867E+01,         1.25336E+02,         4.85452E+00,        -2.42597E+01,         9.17368E+00
      142.,         3.05313E+01,         3.09400E+01,         1.25103E+02,         3.83118E+00,        -2.39309E+01,         8.41723E+00
      143.,         2.94635E+01,         2.35933E+01,         1.24869E+02,         2.82095E+00,        -2.35933E+01,         7.66122E+00
      144.,         2.83958E+01,         1.62466E+01,         1.24636E+02,         1.79156E+00,        -2.32555E+01,         6.90978E+00
      145.,         2.73281E+01,         8.89991E+00,         1.24402E+02,         7.15424E-01,        -2.29125E+01,         6.16585E+00
      146.,         4.90862E+00,         3.40592E+01,         1.27492E+02,         4.74761E+00,        -2.00974E+01,         7.61368E+00
      147.,         4.35889E+00,         2.68092E+01,         1.27264E+02,         3.65247E+00,        -1.98397E+01,         6.88267E+00
      148.,         3.80915E+00,         1.95593E+01,         1.27036E+02,         2.57548E+00,        -1.95593E+01,         6.16026E+00
      149.,         3.25941E+00,         1.23093E+01,         1.26809E+02,         1.49607E+00,        -1.93363E+01,         5.44418E+00
      150.,         2.70967E+00,         5.05935E+00,         1.26581E+02,         4.08350E-01,        -1.90973E+01,         4.73600E+00
      151.,         3.32714E+01,         4.08417E+01,         1.50478E+02,         3.98384E+00,        -2.66681E+01,         1.02617E+01
      152.,         3.19060E+01,         3.33848E+01,         1.50295E+02,         2.96785E+00,        -2.63042E+01,         9.50436E+00
      153.,         3.05407E+01,         2.59278E+01,         1.50112E+02,         1.95672E+00,        -2.59278E+01,         8.73256E+00
      154.,         2.91753E+01,         1.84709E+01,         1.49929E+02,         9.18571E-01,        -2.55523E+01,         7.95428E+00
      155.,         2.78100E+01,         1.10140E+01,         1.49746E+02,        -1.72635E-01,        -2.51689E+01,         7.17245E+00
      156.,         6.43898E+00,         3.67402E+01,         1.52623E+02,         3.90494E+00,        -2.26318E+01,         9.23335E+00
      157.,         5.61239E+00,         2.93725E+01,         1.52456E+02,         2.81498E+00,        -2.23296E+01,         8.43463E+00
      158.,         4.78579E+00,         2.20047E+01,         1.52288E+02,         1.73742E+00,        -2.20047E+01,         7.65890E+00
      159.,         3.95920E+00,         1.46370E+01,         1.52120E+02,         6.51555E-01,        -2.17335E+01,         6.88086E+00
      160.,         3.13261E+00,         7.26923E+00,         1.51953E+02,        -4.48810E-01,        -2.14459E+01,         6.07912E+00
      161.,         3.50214E+01,         4.34687E+01,         1.75748E+02,         3.43691E+00,        -2.91685E+01,         1.12957E+01
      162.,         3.33751E+01,         3.59444E+01,         1.75608E+02,         2.51061E+00,        -2.88027E+01,         1.05368E+01
      163.,         3.17288E+01,         2.84200E+01,         1.75468E+02,         1.58196E+00,        -2.84200E+01,         9.74787E+00
      164.,         3.00825E+01,         2.08956E+01,         1.75327E+02,         6.19040E-01,        -2.80417E+01,         8.94086E+00
      165.,         2.84362E+01,         1.33713E+01,         1.75187E+02,        -4.03076E-01,        -2.76519E+01,         8.11836E+00
      166.,         8.17086E+00,         3.97743E+01,         1.77701E+02,         3.42339E+00,        -2.55539E+01,         1.07703E+01
      167.,         7.05683E+00,         3.23323E+01,         1.77593E+02,         2.42276E+00,        -2.52326E+01,         9.90692E+00
      168.,         5.94281E+00,         2.48902E+01,         1.77485E+02,         1.42871E+00,        -2.48902E+01,         9.07924E+00
      169.,         4.82878E+00,         1.74482E+01,         1.77377E+02,         4.19946E-01,        -2.45937E+01,         8.23990E+00
      170.,         3.71475E+00,         1.00062E+01,         1.77269E+02,        -6.11377E-01,        -2.42807E+01,         7.34600E+00
      171.,         3.70258E+01,         4.61909E+01,         2.00884E+02,         3.15116E+00,        -3.17818E+01,         1.22534E+01
      172.,         3.51084E+01,         3.86460E+01,         2.00809E+02,         2.39415E+00,        -3.14520E+01,         1.14841E+01
      173.,         3.31910E+01,         3.11011E+01,         2.00733E+02,         1.62877E+00,        -3.11011E+01,         1.06703E+01
      174.,         3.12736E+01,         2.35561E+01,         2.00658E+02,         8.22471E-01,        -3.07603E+01,         9.82748E+00
      175.,         2.93562E+01,         1.60112E+01,         2.00583E+02,        -4.91986E-02,        -3.04039E+01,         8.95715E+00
      176.,         1.01032E+01,         4.31595E+01,         2.02720E+02,         3.21948E+00,        -2.88609E+01,         1.21847E+01
      177.,         8.70484E+00,         3.56912E+01,         2.02669E+02,         2.38882E+00,        -2.85514E+01,         1.12523E+01
      178.,         7.30651E+00,         2.82230E+01,         2.02618E+02,         1.55865E+00,        -2.82230E+01,         1.03685E+01
      179.,         5.90817E+00,         2.07547E+01,         2.02566E+02,         7.07083E-01,        -2.79312E+01,         9.46431E+00
      180.,         4.50984E+00,         1.32864E+01,         2.02515E+02,        -1.76370E-01,        -2.76228E+01,         8.47666E+00
      181.,         3.92084E+01,         4.90164E+01,         2.25931E+02,         3.03232E+00,        -3.45180E+01,         1.31231E+01
      182.,         3.70312E+01,         4.14967E+01,         2.25910E+02,         2.51971E+00,        -3.42596E+01,         1.23270E+01
      183.,         3.48539E+01,         3.39769E+01,         2.25889E+02,         1.99360E+00,        -3.39769E+01,         1.14741E+01
      184.,         3.26767E+01,         2.64572E+01,         2.25869E+02,         1.42049E+00,        -3.37095E+01,         1.05827E+01
      185.,         3.04995E+01,         1.89375E+01,         2.25848E+02,         7.75539E-01,        -3.34230E+01,         9.65334E+00
      186.,         1.22347E+01,         4.68937E+01,         2.27673E+02,         3.17980E+00,        -3.25544E+01,         1.34533E+01
      187.,         1.05699E+01,         3.94505E+01,         2.27673E+02,         2.59536E+00,        -3.22889E+01,         1.24408E+01
      188.,         8.90520E+00,         3.20073E+01,         2.27673E+02,         2.00478E+00,        -3.20073E+01,         1.14913E+01
      189.,         7.24047E+00,         2.45642E+01,         2.27673E+02,         1.38554E+00,        -3.17515E+01,         1.05147E+01
      190.,         5.57574E+00,         1.71210E+01,         2.27673E+02,         7.23716E-01,        -3.14789E+01,         9.42883E+00
      191.,         4.15120E+01,         5.19487E+01,         2.50906E+02,         2.97199E+00,        -3.73985E+01,         1.39079E+01
      192.,         3.91061E+01,         4.45057E+01,         2.50934E+02,         2.77280E+00,        -3.72442E+01,         1.30635E+01
      193.,         3.67003E+01,         3.70628E+01,         2.50963E+02,         2.55566E+00,        -3.70628E+01,         1.21535E+01
      194.,         3.42945E+01,         2.96198E+01,         2.50991E+02,         2.28612E+00,        -3.69039E+01,         1.11985E+01
      195.,         3.18886E+01,         2.21769E+01,         2.51020E+02,         1.93878E+00,        -3.67221E+01,         1.01978E+01
      196.,         1.45639E+01,         5.09742E+01,         2.52553E+02,         3.17048E+00,        -3.66395E+01,         1.45696E+01
      197.,         1.26644E+01,         4.36074E+01,         2.52596E+02,         2.90179E+00,        -3.64462E+01,         1.34608E+01
      198.,         1.07650E+01,         3.62407E+01,         2.52639E+02,         2.61983E+00,        -3.62407E+01,         1.24319E+01
      199.,         8.86563E+00,         2.88739E+01,         2.52682E+02,         2.30181E+00,        -3.60489E+01,         1.13726E+01
      200.,         6.96622E+00,         2.15071E+01,         2.52725E+02,         1.92971E+00,        -3.58409E+01,         1.01821E+01
      201.,         4.39651E+01,         5.50121E+01,         2.75831E+02,         2.85374E+00,        -4.04599E+01,         1.46236E+01
      202.,         4.13511E+01,         4.76964E+01,         2.75897E+02,         3.02891E+00,        -4.04349E+01,         1.37063E+01
      203.,         3.87372E+01,         4.03807E+01,         2.75964E+02,         3.18181E+00,        -4.03807E+01,         1.27192E+01
      204.,         3.61233E+01,         3.30650E+01,         2.76030E+02,         3.27764E+00,        -4.03549E+01,         1.16844E+01
      205.,         3.35093E+01,         2.57493E+01,         2.76096E+02,         3.29052E+00,        -4.03035E+01,         1.06006E+01
      206.,         1.70893E+01,         5.53985E+01,         2.77356E+02,         3.04520E+00,        -4.11277E+01,         1.55457E+01
      207.,         1.49948E+01,         4.81575E+01,         2.77430E+02,         3.15381E+00,        -4.10261E+01,         1.43217E+01
      208.,         1.29002E+01,         4.09165E+01,         2.77505E+02,         3.24101E+00,        -4.09165E+01,         1.31977E+01
      209.,         1.08057E+01,         3.36755E+01,         2.77579E+02,         3.28415E+00,        -4.08072E+01,         1.20441E+01
      210.,         8.71125E+00,         2.64346E+01,         2.77654E+02,         3.26185E+00,        -4.06840E+01,         1.07436E+01
      211.,         4.65610E+01,         5.82252E+01,         3.00739E+02,         2.56314E+00,        -4.37483E+01,         1.52943E+01
      212.,         4.37946E+01,         5.10871E+01,         3.00824E+02,         3.16219E+00,        -4.38631E+01,         1.42785E+01
      213.,         4.10281E+01,         4.39490E+01,         3.00909E+02,         3.73431E+00,        -4.39490E+01,         1.31965E+01
      214.,         3.82617E+01,         3.68109E+01,         3.00995E+02,         4.24538E+00,        -4.40681E+01,         1.20696E+01
      215.,         3.54953E+01,         2.96727E+01,         3.01080E+02,         4.66943E+00,        -4.41597E+01,         1.08944E+01
      216.,         1.98092E+01,         6.01635E+01,         3.02074E+02,         2.66094E+00,        -4.60374E+01,         1.64144E+01
      217.,         1.75678E+01,         5.30931E+01,         3.02167E+02,         3.19535E+00,        -4.60308E+01,         1.50566E+01
      218.,         1.53265E+01,         4.60227E+01,         3.02259E+02,         3.69955E+00,        -4.60227E+01,         1.38216E+01
      219.,         1.30852E+01,         3.89523E+01,         3.02351E+02,         4.15289E+00,        -4.60034E+01,         1.25635E+01
      220.,         1.08438E+01,         3.18820E+01,         3.02443E+02,         4.53012E+00,        -4.59720E+01,         1.11482E+01
      221.,         4.92053E+01,         6.16137E+01,         3.25601E+02,         2.00510E+00,        -4.73189E+01,         1.59485E+01
      222.,         4.63534E+01,         5.46978E+01,         3.25679E+02,         3.05850E+00,        -4.75651E+01,         1.48161E+01
      223.,         4.35015E+01,         4.77820E+01,         3.25757E+02,         4.08097E+00,        -4.77820E+01,         1.36248E+01
      224.,         4.06496E+01,         4.08662E+01,         3.25835E+02,         5.04023E+00,        -4.80354E+01,         1.23963E+01
      225.,         3.77978E+01,         3.39504E+01,         3.25913E+02,         5.91099E+00,        -4.82633E+01,         1.11319E+01
      226.,         2.27218E+01,         6.52661E+01,         3.26703E+02,         1.89420E+00,        -5.13833E+01,         1.72222E+01
      227.,         2.03863E+01,         5.84053E+01,         3.26798E+02,         2.88862E+00,        -5.14646E+01,         1.57258E+01
      228.,         1.80507E+01,         5.15445E+01,         3.26892E+02,         3.84045E+00,        -5.15445E+01,         1.43681E+01
      229.,         1.57152E+01,         4.46836E+01,         3.26987E+02,         4.73307E+00,        -5.16049E+01,         1.29963E+01
      230.,         1.33797E+01,         3.78228E+01,         3.27081E+02,         5.54467E+00,        -5.16601E+01,         1.14712E+01
      231.,         5.19426E+01,         6.52064E+01,         3.50396E+02,         1.12230E+00,        -5.12287E+01,         1.66200E+01
      232.,         4.90479E+01,         5.85586E+01,         3.50454E+02,         2.64327E+00,        -5.15778E+01,         1.53530E+01
      233.,         4.61531E+01,         5.19107E+01,         3.50512E+02,         4.12576E+00,        -5.19107E+01,         1.40496E+01
      234.,         4.32583E+01,         4.52629E+01,         3.50570E+02,         5.54023E+00,        -5.22665E+01,         1.27224E+01
      235.,         4.03636E+01,         3.86151E+01,         3.50628E+02,         6.86449E+00,        -5.26025E+01,         1.13668E+01
      236.,         2.58252E+01,         7.07029E+01,         3.51238E+02,         6.68413E-01,        -5.71775E+01,         1.80780E+01
      237.,         2.34507E+01,         6.40833E+01,         3.51317E+02,         2.12907E+00,        -5.73092E+01,         1.64195E+01
      238.,         2.10762E+01,         5.74637E+01,         3.51397E+02,         3.54539E+00,        -5.74637E+01,         1.49329E+01
      239.,         1.87017E+01,         5.08441E+01,         3.51477E+02,         4.89782E+00,        -5.75756E+01,         1.34495E+01
      240.,         1.63272E+01,         4.42245E+01,         3.51557E+02,         6.15614E+00,        -5.76878E+01,         1.18102E+01
      241.,         5.46821E+01,         6.90681E+01,         3.75155E+02,        -7.14701E-02,        -5.56058E+01,         1.72942E+01
      242.,         5.18013E+01,         6.27309E+01,         3.75182E+02,         1.89010E+00,        -5.60173E+01,         1.59115E+01
      243.,         4.89205E+01,         5.63937E+01,         3.75209E+02,         3.81988E+00,        -5.63937E+01,         1.45089E+01
      244.,         4.60398E+01,         5.00565E+01,         3.75236E+02,         5.69490E+00,        -5.68455E+01,         1.30926E+01
      245.,         4.31590E+01,         4.37192E+01,         3.75264E+02,         7.48237E+00,        -5.72657E+01,         1.16625E+01
      246.,         2.91173E+01,         7.64704E+01,         3.75671E+02,        -9.56535E-01,        -6.34962E+01,         1.90443E+01
      247.,         2.67594E+01,         7.01157E+01,         3.75720E+02,         9.44827E-01,        -6.36439E+01,         1.72786E+01
      248.,         2.44016E+01,         6.37609E+01,         3.75768E+02,         2.78915E+00,        -6.37609E+01,         1.56528E+01
      249.,         2.20438E+01,         5.74062E+01,         3.75817E+02,         4.57543E+00,        -6.39262E+01,         1.40405E+01
      250.,         1.96859E+01,         5.10514E+01,         3.75865E+02,         6.29070E+00,        -6.40801E+01,         1.23108E+01
      251.,         5.73666E+01,         7.33185E+01,         4.00000E+02,        -8.88636E-01,        -6.04350E+01,         1.78164E+01
      252.,         5.46091E+01,         6.73132E+01,         4.00000E+02,         1.30690E+00,        -6.08711E+01,         1.64133E+01
      253.,         5.18516E+01,         6.13080E+01,         4.00000E+02,         3.35647E+00,        -6.13080E+01,         1.50265E+01
      254.,         4.90940E+01,         5.53027E+01,         4.00000E+02,         5.35966E+00,        -6.17224E+01,         1.36362E+01
      255.,         4.63365E+01,         4.92974E+01,         4.00000E+02,         7.42012E+00,        -6.21376E+01,         1.22168E+01
      256.,         3.25960E+01,         8.25649E+01,         4.00000E+02,        -2.34714E+00,        -6.98602E+01,         1.99838E+01
      257.,         3.03094E+01,         7.64908E+01,         4.00000E+02,        -2.30124E-01,        -7.00578E+01,         1.82313E+01
      258.,         2.80227E+01,         7.04167E+01,         4.00000E+02,         1.79975E+00,        -7.04167E+01,         1.65593E+01
      259.,         2.57361E+01,         6.43427E+01,         4.00000E+02,         3.78811E+00,        -7.03525E+01,         1.49016E+01
      260.,         2.34494E+01,         5.82686E+01,         4.00000E+02,         5.76035E+00,        -7.04423E+01,         1.31926E+01
      261.,         4.58537E+01,         3.99065E+01,        -2.00000E+02,         5.89681E+00,         1.26714E+01,         0.00000E+00
      262.,         3.40501E+01,         1.64249E+01,        -2.00000E+02,         1.76639E+01,         9.87966E+00,         0.00000E+00
      263.,         2.22466E+01,        -7.05682E+00,        -2.00000E+02,         2.93946E+01,         7.05682E+00,         0.00000E+00
      264.,         1.04430E+01,        -3.05385E+01,        -2.00000E+02,         4.11284E+01,         4.27738E+00,         0.00000E+00
      265.,        -1.36055E+00,        -5.40202E+01,        -2.00000E+02,         5.29090E+01,         1.46890E+00,         0.00000E+00
      266.,         4.58537E+01,         3.99065E+01,        -1.75000E+02,         5.88676E+00,         1.26622E+01,         1.13884E-01
      267.,         3.41018E+01,         1.63989E+01,        -1.75000E+02,         1.76554E+01,         9.90373E+00,         8.79945E-02
      268.,         2.23498E+01,        -7.10874E+00,        -1.75000E+02,         2.93878E+01,         7.10874E+00,        -6.61317E-03
      269.,         1.05979E+01,        -3.06164E+01,        -1.75000E+02,         4.11245E+01,         4.35054E+00,        -1.00638E-01
      270.,        -1.15400E+00,        -5.41240E+01,        -1.75000E+02,         5.29074E+01,         1.56000E+00,        -1.29009E-01
      271.,         4.58537E+01,         3.99065E+01,        -1.50000E+02,         5.83408E+00,         1.26792E+01,         1.93747E-01
      272.,         3.41534E+01,         1.63729E+01,        -1.50000E+02,         1.76193E+01,         9.95607E+00,         2.57893E-01
      273.,         2.24531E+01,        -7.16065E+00,        -1.50000E+02,         2.93353E+01,         7.16065E+00,        -1.13514E-02
      274.,         1.07528E+01,        -3.06942E+01,        -1.50000E+02,         4.10656E+01,         4.44462E+00,        -2.75937E-01
      275.,        -9.47460E-01,        -5.42278E+01,        -1.50000E+02,         5.28838E+01,         1.66917E+00,        -2.17597E-01
      276.,         4.54057E+01,         2.78881E+01,        -1.33332E+02,         1.12085E+01,         1.38149E+01,         3.79132E-01
      277.,         3.61148E+01,         9.21766E+00,        -1.33333E+02,         2.05692E+01,         1.16649E+01,         5.24994E-01
      278.,         2.68239E+01,        -9.45282E+00,        -1.33333E+02,         2.98195E+01,         9.45282E+00,         1.46934E-04
      279.,         1.75330E+01,        -2.81233E+01,        -1.33334E+02,         3.90969E+01,         7.25851E+00,        -4.82655E-01
      280.,         8.24213E+00,        -4.67938E+01,        -1.33334E+02,         4.85114E+01,         5.05976E+00,        -3.61550E-01
      281.,         4.49572E+01,         1.58686E+01,        -1.16666E+02,         1.65773E+01,         1.49887E+01,         9.87273E-01
      282.,         3.80757E+01,         2.06125E+00,        -1.16666E+02,         2.35093E+01,         1.33793E+01,         1.05699E+00
      283.,         3.11942E+01,        -1.17461E+01,        -1.16667E+02,         3.02354E+01,         1.17461E+01,        -1.69972E-02
      284.,         2.43127E+01,        -2.55534E+01,        -1.16667E+02,         3.70446E+01,         1.01389E+01,        -8.52227E-01
      285.,         1.74312E+01,        -3.93607E+01,        -1.16667E+02,         4.40435E+01,         8.44950E+00,        -8.03222E-01
      286.,         4.45081E+01,         3.84789E+00,        -1.00000E+02,         2.21211E+01,         1.45968E+01,         3.06615E+00
      287.,         4.00360E+01,        -5.09638E+00,        -1.00000E+02,         2.63668E+01,         1.40180E+01,         1.54363E+00
      288.,         3.55638E+01,        -1.40407E+01,        -1.00000E+02,         3.05546E+01,         1.40407E+01,        -9.29503E-03
      289.,         3.10917E+01,        -2.29849E+01,        -1.00000E+02,         3.48310E+01,         1.23095E+01,        -1.34789E+00
      290.,         2.66196E+01,        -3.19292E+01,        -1.00000E+02,         3.93543E+01,         1.11822E+01,        -2.14365E+00
      291.,         4.70071E+01,         9.29474E+00,        -7.51030E+01,         2.04870E+01,         6.91050E+00,         6.63843E+00
      292.,         4.40282E+01,         1.28298E+00,        -7.57763E+01,         2.32927E+01,         7.01172E+00,         3.78800E+00
      293.,         4.10493E+01,        -6.72879E+00,        -7.64496E+01,         2.63241E+01,         6.72879E+00,         1.42471E+00
      294.,         3.80705E+01,        -1.47406E+01,        -7.71228E+01,         2.95606E+01,         7.44842E+00,        -8.30668E-01
      295.,         3.50916E+01,        -2.27523E+01,        -7.77961E+01,         3.30749E+01,         7.72962E+00,        -3.07306E+00
      296.,         4.93256E+01,         1.48681E+01,        -5.04683E+01,         1.83490E+01,        -7.74735E-01,         7.22566E+00
      297.,         4.73225E+01,         7.47326E+00,        -5.14443E+01,         2.01934E+01,        -4.47785E-01,         5.12588E+00
      298.,         4.53194E+01,         7.83957E-02,        -5.24203E+01,         2.22309E+01,        -7.83957E-02,         3.02302E+00
      299.,         4.33163E+01,        -7.31647E+00,        -5.33963E+01,         2.44539E+01,         2.16919E-01,         8.64544E-01
      300.,         4.13132E+01,        -1.47113E+01,        -5.43723E+01,         2.68733E+01,         6.78914E-01,        -1.54864E+00
      301.,         5.10960E+01,         2.03242E+01,        -2.59920E+01,         1.59630E+01,        -6.72042E+00,         7.69533E+00
      302.,         4.96975E+01,         1.32415E+01,        -2.69894E+01,         1.70723E+01,        -6.45144E+00,         6.03970E+00
      303.,         4.82990E+01,         6.15868E+00,        -2.79868E+01,         1.83457E+01,        -6.15868E+00,         4.33522E+00
      304.,         4.69004E+01,        -9.24097E-01,        -2.89842E+01,         1.97510E+01,        -5.83242E+00,         2.58307E+00
      305.,         4.55019E+01,        -8.00687E+00,        -2.99816E+01,         2.12663E+01,        -5.52211E+00,         7.93204E-01
      306.,         5.23975E+01,         2.53505E+01,        -1.49377E+00,         1.35467E+01,        -1.17971E+01,         8.17404E+00
      307.,         5.13412E+01,         1.83343E+01,        -2.37179E+00,         1.40903E+01,        -1.15605E+01,         6.76766E+00
      308.,         5.02850E+01,         1.13182E+01,        -3.24981E+00,         1.47475E+01,        -1.13182E+01,         5.35880E+00
      309.,         4.92288E+01,         4.30204E+00,        -4.12783E+00,         1.54848E+01,        -1.10565E+01,         3.93152E+00
      310.,         4.81725E+01,        -2.71411E+00,        -5.00585E+00,         1.62677E+01,        -1.07668E+01,         2.47909E+00
      311.,         5.35122E+01,         2.97568E+01,         2.31030E+01,         1.12456E+01,        -1.59805E+01,         8.64748E+00
      312.,         5.25349E+01,         2.26634E+01,         2.24272E+01,         1.13307E+01,        -1.57840E+01,         7.42407E+00
      313.,         5.15576E+01,         1.55700E+01,         2.17513E+01,         1.14905E+01,        -1.55700E+01,         6.20441E+00
      314.,         5.05803E+01,         8.47659E+00,         2.10754E+01,         1.16811E+01,        -1.53580E+01,         4.99212E+00
      315.,         4.96030E+01,         1.38319E+00,         2.03995E+01,         1.18561E+01,        -1.51345E+01,         3.78863E+00
      316.,         5.45288E+01,         3.35983E+01,         4.79314E+01,         9.13760E+00,        -1.95488E+01,         9.15647E+00
      317.,         5.35446E+01,         2.63635E+01,         4.74320E+01,         8.86452E+00,        -1.93476E+01,         8.06013E+00
      318.,         5.25605E+01,         1.91287E+01,         4.69326E+01,         8.63526E+00,        -1.91287E+01,         6.97824E+00
      319.,         5.15764E+01,         1.18939E+01,         4.64332E+01,         8.40199E+00,        -1.89101E+01,         5.91261E+00
      320.,         5.05923E+01,         4.65915E+00,         4.59338E+01,         8.11348E+00,        -1.86738E+01,         4.86948E+00
      321.,         5.56397E+01,         3.69636E+01,         7.28472E+01,         7.29529E+00,        -2.26552E+01,         9.70028E+00
      322.,         5.45391E+01,         2.95744E+01,         7.25258E+01,         6.75863E+00,        -2.24323E+01,         8.70880E+00
      323.,         5.34384E+01,         2.21852E+01,         7.22045E+01,         6.24182E+00,        -2.21852E+01,         7.73109E+00
      324.,         5.23378E+01,         1.47960E+01,         7.18831E+01,         5.69383E+00,        -2.19380E+01,         6.77065E+00
      325.,         5.12371E+01,         7.40681E+00,         7.15617E+01,         5.06177E+00,        -2.16711E+01,         5.83089E+00
      326.,         5.69904E+01,         3.99686E+01,         9.79055E+01,         5.75134E+00,        -2.54344E+01,         1.02737E+01
      327.,         5.57016E+01,         3.24275E+01,         9.76943E+01,         5.05039E+00,        -2.51753E+01,         9.37669E+00
      328.,         5.44127E+01,         2.48864E+01,         9.74832E+01,         4.35068E+00,        -2.48864E+01,         8.48634E+00
      329.,         5.31239E+01,         1.73453E+01,         9.72720E+01,         3.59966E+00,        -2.45967E+01,         7.60640E+00
      330.,         5.18351E+01,         9.80424E+00,         9.70608E+01,         2.74386E+00,        -2.42816E+01,         6.74145E+00
      331.,         5.86168E+01,         4.26905E+01,         1.23040E+02,         4.53036E+00,        -2.79618E+01,         1.08535E+01
      332.,         5.70561E+01,         3.50154E+01,         1.22909E+02,         3.75862E+00,        -2.76686E+01,         1.00458E+01
      333.,         5.54954E+01,         2.73403E+01,         1.22777E+02,         2.97266E+00,        -2.73403E+01,         9.23300E+00
      334.,         5.39347E+01,         1.96652E+01,         1.22646E+02,         2.11862E+00,        -2.70072E+01,         8.41925E+00
      335.,         5.23740E+01,         1.19901E+01,         1.22515E+02,         1.14370E+00,        -2.66446E+01,         7.60871E+00
      336.,         6.02865E+01,         4.51450E+01,         1.48223E+02,         3.63361E+00,        -3.02510E+01,         1.14026E+01
      337.,         5.84266E+01,         3.73689E+01,         1.48151E+02,         2.87687E+00,        -2.99413E+01,         1.06841E+01
      338.,         5.65667E+01,         2.95927E+01,         1.48079E+02,         2.09373E+00,        -2.95927E+01,         9.94488E+00
      339.,         5.47067E+01,         2.18165E+01,         1.48006E+02,         1.22944E+00,        -2.92349E+01,         9.18962E+00
      340.,         5.28468E+01,         1.40403E+01,         1.47934E+02,         2.31650E-01,        -2.88441E+01,         8.42302E+00
      341.,         6.21374E+01,         4.74013E+01,         1.73523E+02,         3.02683E+00,        -3.23560E+01,         1.19215E+01
      342.,         5.99745E+01,         3.95614E+01,         1.73496E+02,         2.36861E+00,        -3.20598E+01,         1.12870E+01
      343.,         5.78116E+01,         3.17215E+01,         1.73469E+02,         1.67537E+00,        -3.17215E+01,         1.06138E+01
      344.,         5.56487E+01,         2.38816E+01,         1.73442E+02,         8.90798E-01,        -3.13719E+01,         9.90772E+00
      345.,         5.34858E+01,         1.60416E+01,         1.73416E+02,        -3.73803E-02,        -3.09865E+01,         9.17417E+00
      346.,         6.42522E+01,         4.94921E+01,         1.98779E+02,         2.65927E+00,        -3.43059E+01,         1.24019E+01
      347.,         6.18068E+01,         4.16346E+01,         1.98810E+02,         2.18018E+00,        -3.40628E+01,         1.18397E+01
      348.,         5.93613E+01,         3.37771E+01,         1.98840E+02,         1.66143E+00,        -3.37771E+01,         1.12208E+01
      349.,         5.69159E+01,         2.59196E+01,         1.98870E+02,         1.04448E+00,        -3.34772E+01,         1.05520E+01
      350.,         5.44704E+01,         1.80621E+01,         1.98901E+02,         2.76068E-01,        -3.31410E+01,         9.83905E+00
      351.,         6.64395E+01,         5.14216E+01,         2.23991E+02,         2.46466E+00,        -3.61173E+01,         1.28392E+01
      352.,         6.37302E+01,         4.35929E+01,         2.24049E+02,         2.23801E+00,        -3.59621E+01,         1.23290E+01
      353.,         6.10208E+01,         3.57643E+01,         2.24107E+02,         1.96984E+00,        -3.57643E+01,         1.17451E+01
      354.,         5.83115E+01,         2.79356E+01,         2.24164E+02,         1.59959E+00,        -3.55530E+01,         1.10954E+01
      355.,         5.56021E+01,         2.01070E+01,         2.24222E+02,         1.07258E+00,        -3.53051E+01,         1.03868E+01
      356.,         6.87281E+01,         5.32256E+01,         2.49179E+02,         2.36022E+00,        -3.78375E+01,         1.32436E+01
      357.,         6.57571E+01,         4.54779E+01,         2.49258E+02,         2.45269E+00,        -3.78042E+01,         1.27593E+01
      358.,         6.27861E+01,         3.77302E+01,         2.49336E+02,         2.50431E+00,        -3.77302E+01,         1.21867E+01
      359.,         5.98152E+01,         2.99825E+01,         2.49415E+02,         2.45279E+00,        -3.76432E+01,         1.15353E+01
      360.,         5.68442E+01,         2.22348E+01,         2.49493E+02,         2.24193E+00,        -3.75208E+01,         1.08127E+01
      361.,         7.10392E+01,         5.49334E+01,         2.74317E+02,         2.26086E+00,        -3.95166E+01,         1.36283E+01
      362.,         6.78513E+01,         4.73242E+01,         2.74411E+02,         2.72795E+00,        -3.96340E+01,         1.31390E+01
      363.,         6.46634E+01,         3.97150E+01,         2.74506E+02,         3.15808E+00,        -3.97150E+01,         1.25513E+01
      364.,         6.14755E+01,         3.21057E+01,         2.74601E+02,         3.48787E+00,        -3.97836E+01,         1.18767E+01
      365.,         5.82876E+01,         2.44965E+01,         2.74696E+02,         3.66005E+00,        -3.98196E+01,         1.11237E+01
      366.,         7.34353E+01,         5.65942E+01,         2.99511E+02,         2.08093E+00,        -4.12309E+01,         1.40101E+01
      367.,         7.00759E+01,         4.91802E+01,         2.99592E+02,         2.96797E+00,        -4.15140E+01,         1.34802E+01
      368.,         6.67165E+01,         4.17662E+01,         2.99672E+02,         3.82295E+00,        -4.17662E+01,         1.28503E+01
      369.,         6.33571E+01,         3.43522E+01,         2.99752E+02,         4.58309E+00,        -4.20071E+01,         1.21329E+01
      370.,         5.99977E+01,         2.69381E+01,         2.99833E+02,         5.19097E+00,        -4.22184E+01,         1.13355E+01
      371.,         7.57633E+01,         5.82539E+01,         3.24603E+02,         1.75397E+00,        -4.30643E+01,         1.43988E+01
      372.,         7.23018E+01,         5.10929E+01,         3.24663E+02,         3.08635E+00,        -4.35117E+01,         1.37952E+01
      373.,         6.88403E+01,         4.39319E+01,         3.24722E+02,         4.39076E+00,        -4.39319E+01,         1.30969E+01
      374.,         6.53787E+01,         3.67709E+01,         3.24782E+02,         5.60900E+00,        -4.43434E+01,         1.23183E+01
      375.,         6.19172E+01,         2.96100E+01,         3.24841E+02,         6.68717E+00,        -4.47303E+01,         1.14703E+01
      376.,         7.80546E+01,         5.99909E+01,         3.49686E+02,         1.23463E+00,        -4.51237E+01,         1.48007E+01
      377.,         7.45463E+01,         5.31407E+01,         3.49712E+02,         3.02046E+00,        -4.57151E+01,         1.40904E+01
      378.,         7.10379E+01,         4.62905E+01,         3.49738E+02,         4.78068E+00,        -4.62905E+01,         1.33047E+01
      379.,         6.75295E+01,         3.94403E+01,         3.49764E+02,         6.46122E+00,        -4.68505E+01,         1.24531E+01
      380.,         6.40211E+01,         3.25901E+01,         3.49790E+02,         8.01144E+00,        -4.73896E+01,         1.15397E+01
      381.,         8.02078E+01,         6.19218E+01,         3.74816E+02,         4.99310E-01,        -4.75763E+01,         1.52065E+01
      382.,         7.67230E+01,         5.54392E+01,         3.74814E+02,         2.72342E+00,        -4.82817E+01,         1.43682E+01
      383.,         7.32382E+01,         4.89567E+01,         3.74812E+02,         4.92421E+00,        -4.89567E+01,         1.34851E+01
      384.,         6.97534E+01,         4.24741E+01,         3.74810E+02,         7.06497E+00,        -4.96575E+01,         1.25586E+01
      385.,         6.62686E+01,         3.59915E+01,         3.74809E+02,         9.09833E+00,        -5.03330E+01,         1.15862E+01
      386.,         8.21796E+01,         6.41850E+01,         4.00000E+02,         1.77524E-01,        -5.04736E+01,         1.54625E+01
      387.,         7.88861E+01,         5.80865E+01,         4.00000E+02,         2.63247E+00,        -5.12211E+01,         1.45742E+01
      388.,         7.55927E+01,         5.19881E+01,         4.00000E+02,         4.89921E+00,        -5.19881E+01,         1.36699E+01
      389.,         7.22993E+01,         4.58897E+01,         4.00000E+02,         7.12225E+00,        -5.26537E+01,         1.27391E+01
      390.,         6.90058E+01,         3.97913E+01,         4.00000E+02,         9.43828E+00,        -5.33393E+01,         1.17768E+01
      391.,         7.05997E+01,         2.74674E+01,        -2.00000E+02,         8.84938E+00,         2.51090E+01,         0.00000E+00
      392.,         5.87961E+01,         3.98576E+00,        -2.00000E+02,         2.06236E+01,         2.23211E+01,         0.00000E+00
      393.,         4.69926E+01,        -1.94959E+01,        -2.00000E+02,         3.23580E+01,         1.94959E+01,         0.00000E+00
      394.,         3.51890E+01,        -4.29776E+01,        -2.00000E+02,         4.40953E+01,         1.67297E+01,         0.00000E+00
      395.,         2.33855E+01,        -6.64593E+01,        -2.00000E+02,         5.58795E+01,         1.39241E+01,         0.00000E+00
      396.,         7.05997E+01,         2.74674E+01,        -1.75000E+02,         8.84059E+00,         2.50880E+01,         1.96524E-01
      397.,         5.88435E+01,         3.96197E+00,        -1.75000E+02,         2.06144E+01,         2.23388E+01,         1.50964E-01
      398.,         4.70872E+01,        -1.95435E+01,        -1.75000E+02,         3.23500E+01,         1.95435E+01,         2.08538E-02
      399.,         3.53310E+01,        -4.30490E+01,        -1.75000E+02,         4.40915E+01,         1.67932E+01,        -1.14076E-01
      400.,         2.35748E+01,        -6.65545E+01,        -1.75000E+02,         5.58770E+01,         1.39974E+01,        -1.66081E-01
      401.,         7.05997E+01,         2.74674E+01,        -1.50000E+02,         8.79550E+00,         2.50906E+01,         3.42237E-01
      402.,         5.88908E+01,         3.93818E+00,        -1.50000E+02,         2.05770E+01,         2.23768E+01,         4.25732E-01
      403.,         4.71819E+01,        -1.95911E+01,        -1.50000E+02,         3.22937E+01,         1.95911E+01,         4.98533E-02
      404.,         3.54730E+01,        -4.31204E+01,        -1.50000E+02,         4.40340E+01,         1.68669E+01,        -3.30474E-01
      405.,         2.37641E+01,        -6.66496E+01,        -1.50000E+02,         5.58578E+01,         1.40800E+01,        -2.84445E-01
      406.,         6.92735E+01,         1.59101E+01,        -1.33333E+02,         1.40642E+01,         2.57832E+01,         5.93832E-01
      407.,         5.99769E+01,        -2.75740E+00,        -1.33333E+02,         2.34112E+01,         2.36439E+01,         7.85913E-01
      408.,         5.06804E+01,        -2.14249E+01,        -1.33333E+02,         3.26625E+01,         2.14249E+01,         6.15102E-02
      409.,         4.13838E+01,        -4.00923E+01,        -1.33334E+02,         4.19561E+01,         1.92252E+01,        -5.90315E-01
      410.,         3.20872E+01,        -5.87598E+01,        -1.33334E+02,         5.13801E+01,         1.70252E+01,        -4.58307E-01
      411.,         6.79470E+01,         4.35200E+00,        -1.16666E+02,         1.93237E+01,         2.65035E+01,         1.39273E+00
      412.,         6.10626E+01,        -9.45386E+00,        -1.16666E+02,         2.62325E+01,         2.48833E+01,         1.45743E+00
      413.,         5.41783E+01,        -2.32597E+01,        -1.16667E+02,         3.29726E+01,         2.32597E+01,        -1.24178E-02
      414.,         4.72939E+01,        -3.70656E+01,        -1.16667E+02,         3.98117E+01,         2.16580E+01,        -1.07537E+00
      415.,         4.04095E+01,        -5.08714E+01,        -1.16668E+02,         4.68221E+01,         1.99567E+01,        -1.01128E+00
      416.,         6.66196E+01,        -7.20784E+00,        -1.00000E+02,         2.47345E+01,         2.50672E+01,         4.03228E+00
      417.,         6.21474E+01,        -1.61521E+01,        -1.00000E+02,         2.89773E+01,         2.47233E+01,         1.92848E+00
      418.,         5.76753E+01,        -2.50964E+01,        -1.00000E+02,         3.32152E+01,         2.50964E+01,        -9.87603E-02
      419.,         5.32032E+01,        -3.40407E+01,        -1.00000E+02,         3.75533E+01,         2.32747E+01,        -1.76830E+00
      420.,         4.87310E+01,        -4.29849E+01,        -1.00000E+02,         4.21014E+01,         2.21621E+01,        -2.65298E+00
      421.,         7.01745E+01,         8.68659E-01,        -7.59002E+01,         2.17850E+01,         1.50663E+01,         8.94171E+00
      422.,         6.70114E+01,        -7.35468E+00,        -7.66202E+01,         2.48133E+01,         1.55542E+01,         5.15695E+00
      423.,         6.38482E+01,        -1.55780E+01,        -7.73401E+01,         2.80785E+01,         1.55780E+01,         2.03001E+00
      424.,         6.06851E+01,        -2.38014E+01,        -7.80600E+01,         3.15604E+01,         1.67927E+01,        -8.99089E-01
      425.,         5.75219E+01,        -3.20247E+01,        -7.87800E+01,         3.53098E+01,         1.74186E+01,        -3.65325E+00
      426.,         7.35913E+01,         8.92827E+00,        -5.18552E+01,         1.86322E+01,         5.19594E+00,         1.01212E+01
      427.,         7.12842E+01,         1.20611E+00,        -5.29091E+01,         2.08314E+01,         5.82040E+00,         7.29806E+00
      428.,         6.89772E+01,        -6.51606E+00,        -5.39630E+01,         2.32273E+01,         6.51606E+00,         4.41858E+00
      429.,         6.66701E+01,        -1.42382E+01,        -5.50169E+01,         2.58270E+01,         7.15135E+00,         1.46739E+00
      430.,         6.43631E+01,        -2.19604E+01,        -5.60709E+01,         2.86511E+01,         8.01916E+00,        -1.79558E+00
      431.,         7.63164E+01,         1.67153E+01,        -2.78468E+01,         1.55691E+01,        -2.78200E+00,         1.10032E+01
      432.,         7.45410E+01,         9.25260E+00,        -2.89173E+01,         1.71013E+01,        -2.31183E+00,         8.70237E+00
      433.,         7.27656E+01,         1.78991E+00,        -2.99877E+01,         1.88005E+01,        -1.78991E+00,         6.31828E+00
      434.,         7.09901E+01,        -5.67279E+00,        -3.10582E+01,         2.06532E+01,        -1.20709E+00,         3.83819E+00
      435.,         6.92147E+01,        -1.31355E+01,        -3.21287E+01,         2.26548E+01,        -6.38703E-01,         1.26187E+00
      436.,         7.83989E+01,         2.38411E+01,        -3.71044E+00,         1.27574E+01,        -9.71910E+00,         1.16261E+01
      437.,         7.69078E+01,         1.64231E+01,        -4.61350E+00,         1.37586E+01,        -9.37067E+00,         9.66935E+00
      438.,         7.54167E+01,         9.00508E+00,        -5.51655E+00,         1.48760E+01,        -9.00508E+00,         7.67412E+00
      439.,         7.39256E+01,         1.58708E+00,        -6.41960E+00,         1.60877E+01,        -8.58663E+00,         5.61737E+00
      440.,         7.24345E+01,        -5.83093E+00,        -7.32265E+00,         1.73728E+01,        -8.12343E+00,         3.48214E+00
      441.,         8.00752E+01,         3.00183E+01,         2.06775E+01,         1.02594E+01,        -1.54654E+01,         1.20008E+01
      442.,         7.86307E+01,         2.25052E+01,         2.00197E+01,         1.08292E+01,        -1.52445E+01,         1.03247E+01
      443.,         7.71863E+01,         1.49921E+01,         1.93619E+01,         1.14675E+01,        -1.49921E+01,         8.62124E+00
      444.,         7.57419E+01,         7.47898E+00,         1.87041E+01,         1.21354E+01,        -1.47185E+01,         6.89000E+00
      445.,         7.42975E+01,        -3.41372E-02,         1.80463E+01,         1.27910E+01,        -1.44215E+01,         5.12685E+00
      446.,         8.15236E+01,         3.52415E+01,         4.53632E+01,         8.07495E+00,        -2.02563E+01,         1.22311E+01
      447.,         8.00236E+01,         2.75685E+01,         4.49288E+01,         8.30852E+00,        -2.00916E+01,         1.07765E+01
      448.,         7.85237E+01,         1.98955E+01,         4.44943E+01,         8.56877E+00,        -1.98955E+01,         9.31327E+00
      449.,         7.70237E+01,         1.22225E+01,         4.40599E+01,         8.80453E+00,        -1.96810E+01,         7.84140E+00
      450.,         7.55237E+01,         4.54948E+00,         4.36254E+01,         8.95885E+00,        -1.94326E+01,         6.36847E+00
      451.,         8.28748E+01,         3.96101E+01,         7.03063E+01,         6.20559E+00,        -2.42528E+01,         1.23681E+01
      452.,         8.12476E+01,         3.17681E+01,         7.00606E+01,         6.19501E+00,        -2.41105E+01,         1.11147E+01
      453.,         7.96203E+01,         2.39262E+01,         6.98149E+01,         6.17597E+00,        -2.39262E+01,         9.85917E+00
      454.,         7.79930E+01,         1.60842E+01,         6.95692E+01,         6.08798E+00,        -2.37253E+01,         8.60424E+00
      455.,         7.63657E+01,         8.24223E+00,         6.93235E+01,         5.86449E+00,        -2.34846E+01,         7.35483E+00
      456.,         8.43714E+01,         4.32386E+01,         9.54093E+01,         4.64688E+00,        -2.75677E+01,         1.24570E+01
      457.,         8.25439E+01,         3.52367E+01,         9.53013E+01,         4.48997E+00,        -2.74268E+01,         1.13937E+01
      458.,         8.07164E+01,         2.72348E+01,         9.51932E+01,         4.29600E+00,        -2.72348E+01,         1.03263E+01
      459.,         7.88889E+01,         1.92329E+01,         9.50851E+01,         3.99750E+00,        -2.70257E+01,         9.25861E+00
      460.,         7.70614E+01,         1.12311E+01,         9.49770E+01,         3.52208E+00,        -2.67663E+01,         8.19664E+00
      461.,         8.60568E+01,         4.62242E+01,         1.20628E+02,         3.39671E+00,        -3.02971E+01,         1.25117E+01
      462.,         8.39714E+01,         3.80905E+01,         1.20625E+02,         3.18934E+00,        -3.01573E+01,         1.16324E+01
      463.,         8.18860E+01,         2.99567E+01,         1.20622E+02,         2.92100E+00,        -2.99567E+01,         1.07417E+01
      464.,         7.98006E+01,         2.18229E+01,         1.20619E+02,         2.51933E+00,        -2.97365E+01,         9.84388E+00
      465.,         7.77152E+01,         1.36892E+01,         1.20616E+02,         1.90762E+00,        -2.94574E+01,         8.94387E+00
      466.,         8.77409E+01,         4.86258E+01,         1.45920E+02,         2.45702E+00,        -3.24914E+01,         1.25294E+01
      467.,         8.53587E+01,         4.03964E+01,         1.45991E+02,         2.28546E+00,        -3.23636E+01,         1.18294E+01
      468.,         8.29765E+01,         3.21669E+01,         1.46061E+02,         2.03419E+00,        -3.21669E+01,         1.11056E+01
      469.,         8.05943E+01,         2.39374E+01,         1.46132E+02,         1.62745E+00,        -3.19493E+01,         1.03632E+01
      470.,         7.82121E+01,         1.57080E+01,         1.46202E+02,         9.85877E-01,        -3.16645E+01,         9.60668E+00
      471.,         8.95923E+01,         5.05317E+01,         1.71363E+02,         1.79159E+00,        -3.42163E+01,         1.25318E+01
      472.,         8.69026E+01,         4.22447E+01,         1.71463E+02,         1.74097E+00,        -3.41244E+01,         1.20016E+01
      473.,         8.42128E+01,         3.39577E+01,         1.71562E+02,         1.59765E+00,        -3.39577E+01,         1.14321E+01
      474.,         8.15231E+01,         2.56708E+01,         1.71662E+02,         1.28318E+00,        -3.37688E+01,         1.08294E+01
      475.,         7.88333E+01,         1.73838E+01,         1.71762E+02,         7.15296E-01,        -3.35072E+01,         1.01977E+01
      476.,         9.16944E+01,         5.19886E+01,         1.96764E+02,         1.36068E+00,        -3.55104E+01,         1.25282E+01
      477.,         8.87009E+01,         4.36899E+01,         1.96910E+02,         1.51181E+00,        -3.54895E+01,         1.21518E+01
      478.,         8.57073E+01,         3.53912E+01,         1.97057E+02,         1.56351E+00,        -3.53912E+01,         1.17193E+01
      479.,         8.27137E+01,         2.70924E+01,         1.97204E+02,         1.43517E+00,        -3.52705E+01,         1.12381E+01
      480.,         7.97201E+01,         1.87937E+01,         1.97351E+02,         1.04132E+00,        -3.50744E+01,         1.07121E+01
      481.,         9.38926E+01,         5.30327E+01,         2.22208E+02,         1.12380E+00,        -3.64219E+01,         1.25253E+01
      482.,         9.05890E+01,         4.47734E+01,         2.22366E+02,         1.54712E+00,        -3.65064E+01,         1.22797E+01
      483.,         8.72854E+01,         3.65141E+01,         2.22524E+02,         1.86981E+00,        -3.65141E+01,         1.19604E+01
      484.,         8.39818E+01,         2.82547E+01,         2.22682E+02,         2.00933E+00,        -3.64984E+01,         1.15766E+01
      485.,         8.06782E+01,         1.99954E+01,         2.22840E+02,         1.87726E+00,        -3.64075E+01,         1.11329E+01
      486.,         9.60925E+01,         5.37058E+01,         2.47693E+02,         1.03115E+00,        -3.70101E+01,         1.25403E+01
      487.,         9.25032E+01,         4.55455E+01,         2.47833E+02,         1.78509E+00,        -3.72339E+01,         1.23936E+01
      488.,         8.89140E+01,         3.73853E+01,         2.47972E+02,         2.44277E+00,        -3.73853E+01,         1.21576E+01
      489.,         8.53247E+01,         2.92250E+01,         2.48112E+02,         2.92090E+00,        -3.75121E+01,         1.18436E+01
      490.,         8.17355E+01,         2.10648E+01,         2.48251E+02,         3.12851E+00,        -3.75673E+01,         1.14568E+01
      491.,         9.81283E+01,         5.40678E+01,         2.73163E+02,         1.03412E+00,        -3.73672E+01,         1.25955E+01
      492.,         9.43196E+01,         4.60708E+01,         2.73267E+02,         2.15972E+00,        -3.77537E+01,         1.25063E+01
      493.,         9.05109E+01,         3.80738E+01,         2.73372E+02,         3.20000E+00,        -3.80738E+01,         1.23162E+01
      494.,         8.67022E+01,         3.00768E+01,         2.73477E+02,         4.07281E+00,        -3.83727E+01,         1.20394E+01
      495.,         8.28935E+01,         2.20798E+01,         2.73582E+02,         4.68692E+00,        -3.86060E+01,         1.16832E+01
      496.,         1.00223E+02,         5.41795E+01,         2.98566E+02,         1.06161E+00,        -3.75685E+01,         1.26969E+01
      497.,         9.62220E+01,         4.64134E+01,         2.98638E+02,         2.59411E+00,        -3.81363E+01,         1.26197E+01
      498.,         9.22211E+01,         3.86472E+01,         2.98710E+02,         4.05507E+00,        -3.86472E+01,         1.24372E+01
      499.,         8.82202E+01,         3.08811E+01,         2.98782E+02,         5.36556E+00,        -3.91387E+01,         1.21655E+01
      500.,         8.42193E+01,         2.31150E+01,         2.98854E+02,         6.43679E+00,        -3.95725E+01,         1.18123E+01
      501.,         1.02128E+02,         5.41434E+01,         3.23913E+02,         1.07582E+00,        -3.77583E+01,         1.28519E+01
      502.,         9.80168E+01,         4.66731E+01,         3.23942E+02,         3.02638E+00,        -3.85047E+01,         1.27382E+01
      503.,         9.39055E+01,         3.92027E+01,         3.23971E+02,         4.92135E+00,        -3.92027E+01,         1.25214E+01
      504.,         8.97942E+01,         3.17323E+01,         3.24000E+02,         6.68809E+00,        -3.98849E+01,         1.22204E+01
      505.,         8.56830E+01,         2.42620E+01,         3.24029E+02,         8.24482E+00,        -4.05201E+01,         1.18477E+01
      506.,         1.03863E+02,         5.40700E+01,         3.49296E+02,         1.03224E+00,        -3.80757E+01,         1.30572E+01
      507.,         9.97196E+01,         4.69587E+01,         3.49279E+02,         3.39543E+00,        -3.89776E+01,         1.28557E+01
      508.,         9.55767E+01,         3.98475E+01,         3.49263E+02,         5.72068E+00,        -3.98475E+01,         1.25675E+01
      509.,         9.14337E+01,         3.27363E+01,         3.49246E+02,         7.94072E+00,        -4.06983E+01,         1.22074E+01
      510.,         8.72908E+01,         2.56250E+01,         3.49229E+02,         9.98135E+00,        -4.15113E+01,         1.17813E+01
      511.,         1.05407E+02,         5.40940E+01,         3.74704E+02,         8.74248E-01,        -3.87051E+01,         1.32844E+01
      512.,         1.01312E+02,         4.74039E+01,         3.74664E+02,         3.63070E+00,        -3.97298E+01,         1.29564E+01
      513.,         9.72177E+01,         4.07139E+01,         3.74623E+02,         6.36143E+00,        -4.07139E+01,         1.25711E+01
      514.,         9.31231E+01,         3.40238E+01,         3.74582E+02,         9.01757E+00,        -4.17231E+01,         1.21357E+01
      515.,         8.90285E+01,         2.73337E+01,         3.74541E+02,         1.15389E+01,        -4.26941E+01,         1.16508E+01
      516.,         1.06732E+02,         5.43775E+01,         4.00000E+02,         1.10958E+00,        -3.97290E+01,         1.33870E+01
      517.,         1.02864E+02,         4.81205E+01,         4.00000E+02,         4.03610E+00,        -4.07926E+01,         1.29905E+01
      518.,         9.89952E+01,         4.18634E+01,         4.00000E+02,         6.78046E+00,        -4.18634E+01,         1.25638E+01
      519.,         9.51268E+01,         3.56064E+01,         4.00000E+02,         9.47446E+00,        -4.28451E+01,         1.21027E+01
      520.,         9.12585E+01,         2.93493E+01,         4.00000E+02,         1.22515E+01,        -4.38266E+01,         1.16090E+01
      521.,         9.53457E+01,         1.50284E+01,        -2.00000E+02,         1.18069E+01,         3.75497E+01,         0.00000E+00
      522.,         8.35421E+01,        -8.45333E+00,        -2.00000E+02,         2.35870E+01,         3.47658E+01,         0.00000E+00
      523.,         7.17386E+01,        -3.19350E+01,        -2.00000E+02,         3.53312E+01,         3.19350E+01,         0.00000E+00
      524.,         5.99350E+01,        -5.54167E+01,        -2.00000E+02,         4.70774E+01,         2.91797E+01,         0.00000E+00
      525.,         4.81315E+01,        -7.88984E+01,        -2.00000E+02,         5.88624E+01,         2.63753E+01,         0.00000E+00
      526.,         9.53457E+01,         1.50284E+01,        -1.75000E+02,         1.17989E+01,         3.75191E+01,         2.61305E-01
      527.,         8.35852E+01,        -8.47496E+00,        -1.75000E+02,         2.35783E+01,         3.47779E+01,         1.94293E-01
      528.,         7.18246E+01,        -3.19783E+01,        -1.75000E+02,         3.53232E+01,         3.19783E+01,         2.91288E-02
      529.,         6.00641E+01,        -5.54816E+01,        -1.75000E+02,         4.70747E+01,         2.92324E+01,        -1.40632E-01
      530.,         4.83036E+01,        -7.89849E+01,        -1.75000E+02,         5.88614E+01,         2.64289E+01,        -2.14004E-01
      531.,         9.53457E+01,         1.50284E+01,        -1.50000E+02,         1.17643E+01,         3.75068E+01,         4.59824E-01
      532.,         8.36282E+01,        -8.49659E+00,        -1.50000E+02,         2.35431E+01,         3.48027E+01,         5.40814E-01
      533.,         7.19107E+01,        -3.20215E+01,        -1.50000E+02,         3.52703E+01,         3.20215E+01,         5.66407E-02
      534.,         6.01932E+01,        -5.55465E+01,        -1.50000E+02,         4.70264E+01,         2.92833E+01,        -4.17086E-01
      535.,         4.84757E+01,        -7.90714E+01,        -1.50000E+02,         5.88505E+01,         2.64848E+01,        -3.68817E-01
      536.,         9.31409E+01,         3.93118E+00,        -1.33333E+02,         1.69331E+01,         3.77501E+01,         7.52240E-01
      537.,         8.38387E+01,        -1.47331E+01,        -1.33334E+02,         2.62696E+01,         3.56262E+01,         9.50702E-01
      538.,         7.45366E+01,        -3.33973E+01,        -1.33334E+02,         3.55379E+01,         3.33973E+01,         3.68481E-02
      539.,         6.52344E+01,        -5.20616E+01,        -1.33334E+02,         4.48539E+01,         3.11864E+01,        -7.43011E-01
      540.,         5.59323E+01,        -7.07259E+01,        -1.33335E+02,         5.42758E+01,         2.89857E+01,        -5.81157E-01
      541.,         9.09367E+01,        -7.16465E+00,        -1.16665E+02,         2.20948E+01,         3.80128E+01,         1.66708E+00
      542.,         8.40494E+01,        -2.09692E+01,        -1.16666E+02,         2.89872E+01,         3.63828E+01,         1.68404E+00
      543.,         7.71622E+01,        -3.47737E+01,        -1.16666E+02,         3.57633E+01,         3.47737E+01,        -1.19902E-01
      544.,         7.02749E+01,        -4.85782E+01,        -1.16667E+02,         4.26345E+01,         3.31722E+01,        -1.33860E+00
      545.,         6.33876E+01,        -6.23827E+01,        -1.16667E+02,         4.96376E+01,         3.14632E+01,        -1.23253E+00
      546.,         8.87310E+01,        -1.82636E+01,        -1.00000E+02,         2.73700E+01,         3.55902E+01,         4.69116E+00
      547.,         8.42589E+01,        -2.72078E+01,        -1.00000E+02,         3.16459E+01,         3.54768E+01,         2.08523E+00
      548.,         7.97868E+01,        -3.61521E+01,        -1.00000E+02,         3.59433E+01,         3.61521E+01,        -3.16084E-01
      549.,         7.53146E+01,        -4.50964E+01,        -1.00000E+02,         4.03326E+01,         3.42755E+01,        -2.20931E+00
      550.,         7.08425E+01,        -5.40407E+01,        -1.00000E+02,         4.48865E+01,         3.31911E+01,        -3.11785E+00
      551.,         9.31705E+01,        -8.21124E+00,        -7.68468E+01,         2.32764E+01,         2.38415E+01,         1.06626E+01
      552.,         8.98181E+01,        -1.65903E+01,        -7.75399E+01,         2.65911E+01,         2.46701E+01,         6.14080E+00
      553.,         8.64657E+01,        -2.49693E+01,        -7.82330E+01,         3.01167E+01,         2.49693E+01,         2.40368E+00
      554.,         8.31132E+01,        -3.33483E+01,        -7.89261E+01,         3.38292E+01,         2.65868E+01,        -1.04589E+00
      555.,         7.97608E+01,        -4.17273E+01,        -7.96192E+01,         3.77644E+01,         2.74908E+01,        -4.15492E+00
      556.,         9.75219E+01,         1.80991E+00,        -5.34432E+01,         1.91476E+01,         1.22950E+01,         1.24346E+01
      557.,         9.49056E+01,        -6.17766E+00,        -5.44839E+01,         2.17905E+01,         1.31804E+01,         9.01409E+00
      558.,         9.22894E+01,        -1.41652E+01,        -5.55246E+01,         2.46140E+01,         1.41652E+01,         5.48852E+00
      559.,         8.96731E+01,        -2.21528E+01,        -5.65652E+01,         2.76227E+01,         1.50932E+01,         1.88195E+00
      560.,         8.70569E+01,        -3.01404E+01,        -5.76059E+01,         3.08350E+01,         1.63182E+01,        -2.06508E+00
      561.,         1.01201E+02,         1.14841E+01,        -2.99157E+01,         1.52975E+01,         2.70683E+00,         1.37658E+01
      562.,         9.90429E+01,         3.69824E+00,        -3.09684E+01,         1.73832E+01,         3.35504E+00,         1.09120E+01
      563.,         9.68846E+01,        -4.08760E+00,        -3.20212E+01,         1.96252E+01,         4.08760E+00,         7.94131E+00
      564.,         9.47263E+01,        -1.18734E+01,        -3.30739E+01,         2.20181E+01,         4.89486E+00,         4.82744E+00
      565.,         9.25680E+01,        -1.96593E+01,        -3.41266E+01,         2.45656E+01,         5.70306E+00,         1.56417E+00
      566.,         1.04211E+02,         2.04071E+01,        -6.10171E+00,         1.18687E+01,        -5.75184E+00,         1.46216E+01
      567.,         1.02268E+02,         1.26317E+01,        -6.96796E+00,         1.35104E+01,        -5.32293E+00,         1.21741E+01
      568.,         1.00325E+02,         4.85623E+00,        -7.83420E+00,         1.52634E+01,        -4.85623E+00,         9.64748E+00
      569.,         9.83820E+01,        -2.91919E+00,        -8.70045E+00,         1.71154E+01,        -4.30596E+00,         7.01008E+00
      570.,         9.64390E+01,        -1.06946E+01,        -9.56669E+00,         1.90590E+01,        -3.68435E+00,         4.23170E+00
      571.,         1.06587E+02,         2.81986E+01,         1.80979E+01,         8.92509E+00,        -1.28312E+01,         1.49897E+01
      572.,         1.04669E+02,         2.02985E+01,         1.75182E+01,         1.02124E+01,        -1.26403E+01,         1.28963E+01
      573.,         1.02750E+02,         1.23984E+01,         1.69385E+01,         1.15606E+01,        -1.23984E+01,         1.07374E+01
      574.,         1.00832E+02,         4.49832E+00,         1.63587E+01,         1.29407E+01,        -1.21074E+01,         8.50398E+00
      575.,         9.89139E+01,        -3.40177E+00,         1.57790E+01,         1.43209E+01,        -1.17738E+01,         6.17716E+00
      576.,         1.08592E+02,         3.47331E+01,         4.26573E+01,         6.43763E+00,        -1.86835E+01,         1.50187E+01
      577.,         1.06587E+02,         2.66460E+01,         4.23585E+01,         7.45865E+00,        -1.86462E+01,         1.32235E+01
      578.,         1.04583E+02,         1.85589E+01,         4.20596E+01,         8.49008E+00,        -1.85589E+01,         1.13895E+01
      579.,         1.02578E+02,         1.04718E+01,         4.17608E+01,         9.48696E+00,        -1.84293E+01,         9.50988E+00
      580.,         1.00574E+02,         2.38475E+00,         4.14619E+01,         1.03931E+01,        -1.82475E+01,         7.58517E+00
      581.,         1.10401E+02,         4.01079E+01,         6.76282E+01,         4.35267E+00,        -2.34777E+01,         1.48105E+01
      582.,         1.08221E+02,         3.18243E+01,         6.75502E+01,         5.19411E+00,        -2.35392E+01,         1.32983E+01
      583.,         1.06042E+02,         2.35407E+01,         6.74721E+01,         5.99948E+00,        -2.35407E+01,         1.17629E+01
      584.,         1.03862E+02,         1.52571E+01,         6.73941E+01,         6.70887E+00,        -2.34968E+01,         1.02022E+01
      585.,         1.01683E+02,         6.97357E+00,         6.73161E+01,         7.24511E+00,        -2.33950E+01,         8.61645E+00
      586.,         1.12142E+02,         4.43845E+01,         9.28053E+01,         2.64581E+00,        -2.72819E+01,         1.44444E+01
      587.,         1.09767E+02,         3.59193E+01,         9.29052E+01,         3.39459E+00,        -2.74051E+01,         1.32131E+01
      588.,         1.07392E+02,         2.74542E+01,         9.30052E+01,         4.06889E+00,        -2.74542E+01,         1.19645E+01
      589.,         1.05017E+02,         1.89890E+01,         9.31051E+01,         4.59721E+00,        -2.74630E+01,         1.06993E+01
      590.,         1.02641E+02,         1.05238E+01,         9.32050E+01,         4.88489E+00,        -2.73979E+01,         9.42155E+00
      591.,         1.13975E+02,         4.76767E+01,         1.18215E+02,         1.27947E+00,        -3.01972E+01,         1.39862E+01
      592.,         1.11321E+02,         3.90668E+01,         1.18429E+02,         2.02857E+00,        -3.03700E+01,         1.30305E+01
      593.,         1.08667E+02,         3.04568E+01,         1.18643E+02,         2.66944E+00,        -3.04568E+01,         1.20567E+01
      594.,         1.06013E+02,         2.18469E+01,         1.18857E+02,         3.12190E+00,        -3.04977E+01,         1.10682E+01
      595.,         1.03359E+02,         1.32369E+01,         1.19072E+02,         3.27942E+00,        -3.04536E+01,         1.00694E+01
      596.,         1.15793E+02,         5.00644E+01,         1.43723E+02,         2.51529E-01,        -3.22935E+01,         1.34736E+01
      597.,         1.12819E+02,         4.13541E+01,         1.44005E+02,         1.08286E+00,        -3.25171E+01,         1.27889E+01
      598.,         1.09845E+02,         3.26437E+01,         1.44287E+02,         1.77871E+00,        -3.26437E+01,         1.20789E+01
      599.,         1.06871E+02,         2.39334E+01,         1.44569E+02,         2.25335E+00,        -3.27207E+01,         1.13494E+01
      600.,         1.03897E+02,         1.52231E+01,         1.44851E+02,         2.39216E+00,        -3.27018E+01,         1.06058E+01
      601.,         1.17655E+02,         5.16342E+01,         1.69365E+02,        -4.67646E-01,        -3.36355E+01,         1.29500E+01
      602.,         1.14344E+02,         4.28723E+01,         1.69664E+02,         5.22935E-01,        -3.39249E+01,         1.25250E+01
      603.,         1.11033E+02,         3.41103E+01,         1.69962E+02,         1.35885E+00,        -3.41103E+01,         1.20626E+01
      604.,         1.07722E+02,         2.53484E+01,         1.70261E+02,         1.95136E+00,        -3.42415E+01,         1.15715E+01
      605.,         1.04412E+02,         1.65865E+01,         1.70560E+02,         2.18095E+00,        -3.42704E+01,         1.10576E+01
      606.,         1.19667E+02,         5.24520E+01,         1.95027E+02,        -9.11697E-01,        -3.42759E+01,         1.24518E+01
      607.,         1.16009E+02,         4.36940E+01,         1.95328E+02,         3.10789E-01,        -3.46589E+01,         1.22659E+01
      608.,         1.12352E+02,         3.49359E+01,         1.95629E+02,         1.36786E+00,        -3.49359E+01,         1.20281E+01
      609.,         1.08694E+02,         2.61779E+01,         1.95930E+02,         2.16996E+00,        -3.51528E+01,         1.17498E+01
      610.,         1.05037E+02,         1.74198E+01,         1.96232E+02,         2.59513E+00,        -3.52662E+01,         1.14373E+01
      611.,         1.21648E+02,         5.25909E+01,         2.20759E+02,        -1.09412E+00,        -3.43031E+01,         1.20059E+01
      612.,         1.17662E+02,         4.38996E+01,         2.21030E+02,         4.15835E-01,        -3.48075E+01,         1.20300E+01
      613.,         1.13675E+02,         3.52082E+01,         2.21301E+02,         1.75876E+00,        -3.52082E+01,         1.19862E+01
      614.,         1.09689E+02,         2.65168E+01,         2.21571E+02,         2.84656E+00,        -3.55459E+01,         1.18888E+01
      615.,         1.05703E+02,         1.78254E+01,         2.21842E+02,         3.55763E+00,        -3.57828E+01,         1.17458E+01
      616.,         1.23562E+02,         5.21242E+01,         2.46527E+02,        -1.04362E+00,        -3.38030E+01,         1.16426E+01
      617.,         1.19275E+02,         4.35691E+01,         2.46741E+02,         7.95531E-01,        -3.44568E+01,         1.18364E+01
      618.,         1.14988E+02,         3.50139E+01,         2.46955E+02,         2.47524E+00,        -3.50139E+01,         1.19471E+01
      619.,         1.10700E+02,         2.64588E+01,         2.47169E+02,         3.91055E+00,        -3.55069E+01,         1.19924E+01
      620.,         1.06413E+02,         1.79037E+01,         2.47383E+02,         4.98316E+00,        -3.59066E+01,         1.19820E+01
      621.,         1.25310E+02,         5.11478E+01,         2.72248E+02,        -7.88551E-01,        -3.28965E+01,         1.13873E+01
      622.,         1.20776E+02,         4.28009E+01,         2.72394E+02,         1.40286E+00,        -3.37179E+01,         1.16998E+01
      623.,         1.16241E+02,         3.44541E+01,         2.72541E+02,         3.45231E+00,        -3.44541E+01,         1.19169E+01
      624.,         1.11707E+02,         2.61072E+01,         2.72687E+02,         5.27894E+00,        -3.51276E+01,         1.20597E+01
      625.,         1.07172E+02,         1.77603E+01,         2.72833E+02,         6.77102E+00,        -3.57193E+01,         1.21412E+01
      626.,         1.26955E+02,         4.97482E+01,         2.97950E+02,        -3.72786E-01,        -3.16882E+01,         1.12485E+01
      627.,         1.22220E+02,         4.16862E+01,         2.98018E+02,         2.18479E+00,        -3.26917E+01,         1.16217E+01
      628.,         1.17486E+02,         3.36241E+01,         2.98086E+02,         4.62344E+00,        -3.36241E+01,         1.18929E+01
      629.,         1.12751E+02,         2.55621E+01,         2.98154E+02,         6.86787E+00,        -3.44972E+01,         1.20860E+01
      630.,         1.08016E+02,         1.75000E+01,         2.98222E+02,         8.81587E+00,        -3.53014E+01,         1.22156E+01
      631.,         1.28282E+02,         4.80899E+01,         3.23566E+02,         1.72568E-01,        -3.03770E+01,         1.12335E+01
      632.,         1.23444E+02,         4.03788E+01,         3.23563E+02,         3.08645E+00,        -3.15510E+01,         1.16025E+01
      633.,         1.18606E+02,         3.26676E+01,         3.23560E+02,         5.90934E+00,        -3.26676E+01,         1.18702E+01
      634.,         1.13768E+02,         2.49565E+01,         3.23556E+02,         8.57380E+00,        -3.37340E+01,         1.20624E+01
      635.,         1.08930E+02,         1.72453E+01,         3.23553E+02,         1.09911E+01,        -3.47453E+01,         1.21981E+01
      636.,         1.29188E+02,         4.63675E+01,         3.49100E+02,         7.90882E-01,        -2.91811E+01,         1.13342E+01
      637.,         1.24378E+02,         3.90550E+01,         3.49064E+02,         4.03266E+00,        -3.04815E+01,         1.16318E+01
      638.,         1.19567E+02,         3.17424E+01,         3.49029E+02,         7.21894E+00,        -3.17424E+01,         1.18402E+01
      639.,         1.14757E+02,         2.44299E+01,         3.48994E+02,         1.02888E+01,        -3.29614E+01,         1.19828E+01
      640.,         1.09946E+02,         1.71174E+01,         3.48958E+02,         1.31657E+01,        -3.41387E+01,         1.20743E+01
      641.,         1.30011E+02,         4.46317E+01,         3.74606E+02,         1.38539E+00,        -2.81734E+01,         1.14977E+01
      642.,         1.25301E+02,         3.77760E+01,         3.74568E+02,         4.93654E+00,        -2.95677E+01,         1.16690E+01
      643.,         1.20591E+02,         3.09203E+01,         3.74530E+02,         8.45211E+00,        -3.09203E+01,         1.17826E+01
      644.,         1.15880E+02,         2.40646E+01,         3.74491E+02,         1.18913E+01,        -3.22751E+01,         1.18503E+01
      645.,         1.11170E+02,         1.72090E+01,         3.74453E+02,         1.52022E+01,        -3.35904E+01,         1.18767E+01
      646.,         1.30636E+02,         4.30914E+01,         4.00000E+02,         2.34332E+00,        -2.75128E+01,         1.15921E+01
      647.,         1.26179E+02,         3.67013E+01,         4.00000E+02,         5.97930E+00,        -2.89164E+01,         1.16751E+01
      648.,         1.21722E+02,         3.03111E+01,         4.00000E+02,         9.43138E+00,        -3.03111E+01,         1.17181E+01
      649.,         1.17265E+02,         2.39209E+01,         4.00000E+02,         1.28374E+01,        -3.16340E+01,         1.17287E+01
      650.,         1.12808E+02,         1.75307E+01,         4.00000E+02,         1.63399E+01,        -3.29410E+01,         1.17217E+01
      651.,         1.20092E+02,         2.58926E+00,        -2.00000E+02,         1.47761E+01,         4.99931E+01,         0.00000E+00
      652.,         1.08288E+02,        -2.08924E+01,        -2.00000E+02,         2.65628E+01,         4.72114E+01,         0.00000E+00
      653.,         9.64846E+01,        -4.43741E+01,        -2.00000E+02,         3.83205E+01,         4.43741E+01,         0.00000E+00
      654.,         8.46810E+01,        -6.78558E+01,        -2.00000E+02,         5.00792E+01,         4.16254E+01,         0.00000E+00
      655.,         7.28775E+01,        -9.13375E+01,        -2.00000E+02,         6.18666E+01,         3.88212E+01,         0.00000E+00
      656.,         1.20092E+02,         2.58926E+00,        -1.75000E+02,         1.47702E+01,         4.99560E+01,         3.02247E-01
      657.,         1.08327E+02,        -2.09119E+01,        -1.75000E+02,         2.65567E+01,         4.72193E+01,         2.15790E-01
      658.,         9.65620E+01,        -4.44130E+01,        -1.75000E+02,         3.83154E+01,         4.44130E+01,         2.07510E-02
      659.,         8.47972E+01,        -6.79142E+01,        -1.75000E+02,         5.00800E+01,         4.16671E+01,        -1.74402E-01
      660.,         7.30324E+01,        -9.14153E+01,        -1.75000E+02,         6.18694E+01,         3.88555E+01,        -2.64063E-01
      661.,         1.20092E+02,         2.58926E+00,        -1.50000E+02,         1.47483E+01,         4.99298E+01,         5.35009E-01
      662.,         1.08366E+02,        -2.09314E+01,        -1.50000E+02,         2.65304E+01,         4.72324E+01,         5.98832E-01
      663.,         9.66395E+01,        -4.44520E+01,        -1.50000E+02,         3.82767E+01,         4.44520E+01,         2.47340E-02
      664.,         8.49134E+01,        -6.79726E+01,        -1.50000E+02,         5.00486E+01,         4.16957E+01,        -5.12567E-01
      665.,         7.31873E+01,        -9.14932E+01,        -1.50000E+02,         6.18684E+01,         3.88865E+01,        -4.55718E-01
      666.,         1.17008E+02,        -8.04833E+00,        -1.33334E+02,         1.98220E+01,         4.97203E+01,         8.46387E-01
      667.,         1.07700E+02,        -2.67092E+01,        -1.33334E+02,         2.91588E+01,         4.76086E+01,         1.02804E+00
      668.,         9.83926E+01,        -4.53702E+01,        -1.33335E+02,         3.84527E+01,         4.53702E+01,        -3.35553E-02
      669.,         8.90850E+01,        -6.40311E+01,        -1.33335E+02,         4.77872E+01,         4.31458E+01,        -8.95166E-01
      670.,         7.97773E+01,        -8.26920E+01,        -1.33335E+02,         5.71961E+01,         4.09448E+01,        -7.00173E-01
      671.,         1.13926E+02,        -1.86814E+01,        -1.16665E+02,         2.48893E+01,         4.95208E+01,         1.82975E+00
      672.,         1.07036E+02,        -3.24848E+01,        -1.16666E+02,         3.17808E+01,         4.78832E+01,         1.78431E+00
      673.,         1.00146E+02,        -4.62882E+01,        -1.16666E+02,         3.86019E+01,         4.62882E+01,        -2.65798E-01
      674.,         9.32555E+01,        -6.00915E+01,        -1.16666E+02,         4.54959E+01,         4.46849E+01,        -1.58006E+00
      675.,         8.63652E+01,        -7.38949E+01,        -1.16667E+02,         5.24803E+01,         4.29725E+01,        -1.42792E+00
      676.,         1.10842E+02,        -2.93193E+01,        -1.00000E+02,         3.00280E+01,         4.62336E+01,         5.08322E+00
      677.,         1.06370E+02,        -3.82636E+01,        -1.00000E+02,         3.43627E+01,         4.63078E+01,         2.10625E+00
      678.,         1.01898E+02,        -4.72078E+01,        -1.00000E+02,         3.87229E+01,         4.72078E+01,        -5.56843E-01
      679.,         9.74261E+01,        -5.61521E+01,        -1.00000E+02,         4.31539E+01,         4.53079E+01,        -2.58793E+00
      680.,         9.29539E+01,        -6.50964E+01,        -1.00000E+02,         4.76943E+01,         4.42474E+01,        -3.48798E+00
      681.,         1.15994E+02,        -1.79286E+01,        -7.75431E+01,         2.49940E+01,         3.32825E+01,         1.17977E+01
      682.,         1.12459E+02,        -2.63992E+01,        -7.82107E+01,         2.86279E+01,         3.43636E+01,         6.77084E+00
      683.,         1.08925E+02,        -3.48697E+01,        -7.88783E+01,         3.24095E+01,         3.48697E+01,         2.60408E+00
      684.,         1.05390E+02,        -4.33403E+01,        -7.95459E+01,         3.63247E+01,         3.67755E+01,        -1.20162E+00
      685.,         1.01856E+02,        -5.18108E+01,        -8.02135E+01,         4.03941E+01,         3.78665E+01,        -4.52591E+00
      686.,         1.21084E+02,        -6.61785E+00,        -5.47435E+01,         2.00185E+01,         2.06564E+01,         1.40393E+01
      687.,         1.18172E+02,        -1.47601E+01,        -5.57433E+01,         2.31518E+01,         2.17189E+01,         1.01941E+01
      688.,         1.15260E+02,        -2.29024E+01,        -5.67432E+01,         2.64159E+01,         2.29024E+01,         6.20504E+00
      689.,         1.12348E+02,        -3.10446E+01,        -5.77430E+01,         2.98178E+01,         2.40375E+01,         2.13283E+00
      690.,         1.09435E+02,        -3.91869E+01,        -5.87429E+01,         3.33731E+01,         2.55080E+01,        -2.28129E+00
      691.,         1.25674E+02,         4.31860E+00,        -3.16462E+01,         1.53662E+01,         1.00012E+01,         1.57572E+01
      692.,         1.23122E+02,        -3.66136E+00,        -3.26630E+01,         1.80912E+01,         1.07675E+01,         1.24957E+01
      693.,         1.20570E+02,        -1.16413E+01,        -3.36797E+01,         2.09340E+01,         1.16413E+01,         9.08935E+00
      694.,         1.18019E+02,        -1.96213E+01,        -3.46965E+01,         2.38995E+01,         1.26103E+01,         5.50586E+00
      695.,         1.15467E+02,        -2.76012E+01,        -3.57132E+01,         2.69972E+01,         1.35864E+01,         1.74119E+00
      696.,         1.29624E+02,         1.45046E+01,        -8.12476E+00,         1.11864E+01,         5.05734E-01,         1.68510E+01
      697.,         1.27218E+02,         6.50928E+00,        -8.94379E+00,         1.36012E+01,         9.69127E-01,         1.40336E+01
      698.,         1.24812E+02,        -1.48604E+00,        -9.76283E+00,         1.61043E+01,         1.48604E+00,         1.10996E+01
      699.,         1.22406E+02,        -9.48136E+00,        -1.05819E+01,         1.86976E+01,         2.12856E+00,         8.01237E+00
      700.,         1.20001E+02,        -1.74767E+01,        -1.14009E+01,         2.13896E+01,         2.85939E+00,         4.73428E+00
      701.,         1.32864E+02,         2.34917E+01,         1.58772E+01,         7.59212E+00,        -7.49150E+00,         1.72781E+01
      702.,         1.30438E+02,         1.53459E+01,         1.53766E+01,         9.78028E+00,        -7.37559E+00,         1.48629E+01
      703.,         1.28012E+02,         7.20002E+00,         1.48759E+01,         1.20183E+01,        -7.20002E+00,         1.23421E+01
      704.,         1.25585E+02,        -9.45829E-01,         1.43753E+01,         1.42964E+01,        -6.91933E+00,         9.69922E+00
      705.,         1.23159E+02,        -9.09168E+00,         1.38747E+01,         1.66070E+01,        -6.58725E+00,         6.90138E+00
      706.,         1.35608E+02,         3.10678E+01,         4.03799E+01,         4.57225E+00,        -1.40952E+01,         1.71901E+01
      707.,         1.33056E+02,         2.27040E+01,         4.02032E+01,         6.61463E+00,        -1.42407E+01,         1.51280E+01
      708.,         1.30504E+02,         1.43402E+01,         4.00265E+01,         8.66278E+00,        -1.43402E+01,         1.29918E+01
      709.,         1.27952E+02,         5.97635E+00,         3.98498E+01,         1.06934E+01,        -1.43262E+01,         1.07674E+01
      710.,         1.25400E+02,        -2.38745E+00,         3.96731E+01,         1.26774E+01,        -1.42610E+01,         8.44331E+00
      711.,         1.37919E+02,         3.72551E+01,         6.53218E+01,         2.08411E+00,        -1.94388E+01,         1.67132E+01
      712.,         1.35162E+02,         2.86668E+01,         6.54091E+01,         4.05318E+00,        -1.97817E+01,         1.49977E+01
      713.,         1.32405E+02,         2.00784E+01,         6.54964E+01,         5.98277E+00,        -2.00784E+01,         1.32322E+01
      714.,         1.29649E+02,         1.14900E+01,         6.55838E+01,         7.83562E+00,        -2.02423E+01,         1.14090E+01
      715.,         1.26892E+02,         2.90164E+00,         6.56711E+01,         9.55918E+00,        -2.03591E+01,         9.51831E+00
      716.,         1.40038E+02,         4.20700E+01,         9.05599E+01,         7.96643E-02,        -2.35587E+01,         1.59707E+01
      717.,         1.37036E+02,         3.32767E+01,         9.08666E+01,         2.04928E+00,        -2.40463E+01,         1.46053E+01
      718.,         1.34034E+02,         2.44833E+01,         9.11734E+01,         3.93876E+00,        -2.44833E+01,         1.32060E+01
      719.,         1.31032E+02,         1.56899E+01,         9.14801E+01,         5.69860E+00,        -2.47744E+01,         1.17701E+01
      720.,         1.28031E+02,         6.89651E+00,         9.17869E+01,         7.25452E+00,        -2.50105E+01,         1.02949E+01
      721.,         1.42041E+02,         4.55989E+01,         1.16062E+02,        -1.48059E+00,        -2.65435E+01,         1.50619E+01
      722.,         1.38767E+02,         3.66409E+01,         1.16517E+02,         5.62189E-01,        -2.71413E+01,         1.40493E+01
      723.,         1.35493E+02,         2.76830E+01,         1.16973E+02,         2.49180E+00,        -2.76830E+01,         1.30122E+01
      724.,         1.32219E+02,         1.87250E+01,         1.17429E+02,         4.24944E+00,        -2.80625E+01,         1.19527E+01
      725.,         1.28945E+02,         9.76705E+00,         1.17885E+02,         5.74287E+00,        -2.83810E+01,         1.08729E+01
      726.,         1.44005E+02,         4.79194E+01,         1.41781E+02,        -2.62404E+00,        -2.84567E+01,         1.40696E+01
      727.,         1.40382E+02,         3.88578E+01,         1.42304E+02,        -4.36022E-01,        -2.91575E+01,         1.34075E+01
      728.,         1.36760E+02,         2.97962E+01,         1.42827E+02,         1.60958E+00,        -2.97962E+01,         1.27227E+01
      729.,         1.33137E+02,         2.07346E+01,         1.43351E+02,         3.44745E+00,        -3.02582E+01,         1.20222E+01
      730.,         1.29515E+02,         1.16730E+01,         1.43874E+02,         4.97191E+00,        -3.06521E+01,         1.13127E+01
      731.,         1.45845E+02,         4.91326E+01,         1.67690E+02,        -3.35899E+00,        -2.93870E+01,         1.30666E+01
      732.,         1.41866E+02,         4.00289E+01,         1.68202E+02,        -9.69875E-01,        -3.01888E+01,         1.27441E+01
      733.,         1.37886E+02,         3.09252E+01,         1.68713E+02,         1.25721E+00,        -3.09252E+01,         1.23942E+01
      734.,         1.33907E+02,         2.18215E+01,         1.69225E+02,         3.25341E+00,        -3.14742E+01,         1.20290E+01
      735.,         1.29927E+02,         1.27179E+01,         1.69736E+02,         4.90547E+00,        -3.19514E+01,         1.16592E+01
      736.,         1.47642E+02,         4.93106E+01,         1.93639E+02,        -3.70884E+00,        -2.93942E+01,         1.21221E+01
      737.,         1.43291E+02,         4.02398E+01,         1.94108E+02,        -1.06886E+00,        -3.03144E+01,         1.21143E+01
      738.,         1.38939E+02,         3.11691E+01,         1.94577E+02,         1.39730E+00,        -3.11691E+01,         1.20704E+01
      739.,         1.34588E+02,         2.20983E+01,         1.95047E+02,         3.62065E+00,        -3.18281E+01,         1.20069E+01
      740.,         1.30237E+02,         1.30276E+01,         1.95516E+02,         5.48630E+00,        -3.24149E+01,         1.19379E+01
      741.,         1.49328E+02,         4.85599E+01,         2.19687E+02,        -3.68349E+00,        -2.85889E+01,         1.12856E+01
      742.,         1.44612E+02,         3.96028E+01,         2.20072E+02,        -7.59159E-01,        -2.96483E+01,         1.15569E+01
      743.,         1.39895E+02,         3.06457E+01,         2.20458E+02,         1.98898E+00,        -3.06457E+01,         1.17805E+01
      744.,         1.35178E+02,         2.16887E+01,         2.20844E+02,         4.49357E+00,        -3.14440E+01,         1.19768E+01
      745.,         1.30461E+02,         1.27316E+01,         2.21229E+02,         6.64300E+00,        -3.21735E+01,         1.21630E+01
      746.,         1.50844E+02,         4.69938E+01,         2.45743E+02,        -3.29814E+00,        -2.70907E+01,         1.06013E+01
      747.,         1.45802E+02,         3.82310E+01,         2.46027E+02,        -7.16918E-02,        -2.83075E+01,         1.11028E+01
      748.,         1.40761E+02,         2.94681E+01,         2.46310E+02,         2.98629E+00,        -2.94681E+01,         1.15444E+01
      749.,         1.35719E+02,         2.07053E+01,         2.46594E+02,         5.81251E+00,        -3.04334E+01,         1.19497E+01
      750.,         1.30677E+02,         1.19424E+01,         2.46877E+02,         8.30258E+00,        -3.13368E+01,         1.23387E+01
      751.,         1.52092E+02,         4.47608E+01,         2.71720E+02,        -2.57467E+00,        -2.50611E+01,         1.01009E+01
      752.,         1.46791E+02,         3.62692E+01,         2.71895E+02,         9.54326E-01,        -2.64433E+01,         1.07718E+01
      753.,         1.41490E+02,         2.77777E+01,         2.72071E+02,         4.33192E+00,        -2.77777E+01,         1.13717E+01
      754.,         1.36189E+02,         1.92862E+01,         2.72247E+02,         7.50083E+00,        -2.89289E+01,         1.19271E+01
      755.,         1.30888E+02,         1.07947E+01,         2.72422E+02,         1.03678E+01,        -3.00270E+01,         1.24610E+01
      756.,         1.53060E+02,         4.20014E+01,         2.97661E+02,        -1.54745E+00,        -2.26486E+01,         9.79625E+00
      757.,         1.47576E+02,         3.38549E+01,         2.97720E+02,         2.27249E+00,        -2.41978E+01,         1.05668E+01
      758.,         1.42092E+02,         2.57084E+01,         2.97779E+02,         5.96498E+00,        -2.57084E+01,         1.12593E+01
      759.,         1.36608E+02,         1.75619E+01,         2.97838E+02,         9.47997E+00,        -2.70547E+01,         1.19022E+01
      760.,         1.31124E+02,         9.41543E+00,         2.97897E+02,         1.27380E+01,        -2.83576E+01,         1.25200E+01
      761.,         1.53590E+02,         3.89396E+01,         3.23513E+02,        -2.63064E-01,        -2.00968E+01,         9.69002E+00
      762.,         1.48045E+02,         3.11898E+01,         3.23461E+02,         3.81802E+00,        -2.17838E+01,         1.04837E+01
      763.,         1.42500E+02,         2.34400E+01,         3.23408E+02,         7.80220E+00,        -2.34400E+01,         1.11982E+01
      764.,         1.36955E+02,         1.56902E+01,         3.23356E+02,         1.16481E+01,        -2.49595E+01,         1.18627E+01
      765.,         1.31411E+02,         7.94043E+00,         3.23303E+02,         1.52921E+01,        -2.64452E+01,         1.25045E+01
      766.,         1.53619E+02,         3.58263E+01,         3.49155E+02,         1.18414E+00,        -1.76658E+01,         9.76353E+00
      767.,         1.48158E+02,         2.84951E+01,         3.49064E+02,         5.48666E+00,        -1.94256E+01,         1.05038E+01
      768.,         1.42698E+02,         2.11639E+01,         3.48972E+02,         9.73217E+00,        -2.11639E+01,         1.11718E+01
      769.,         1.37238E+02,         1.38327E+01,         3.48881E+02,         1.38863E+01,        -2.27928E+01,         1.17958E+01
      770.,         1.31778E+02,         6.50148E+00,         3.48789E+02,         1.79002E+01,        -2.43973E+01,         1.23991E+01
      771.,         1.53586E+02,         3.26301E+01,         3.74666E+02,         2.69244E+00,        -1.53295E+01,         9.95120E+00
      772.,         1.48277E+02,         2.57676E+01,         3.74596E+02,         7.19223E+00,        -1.71288E+01,         1.05730E+01
      773.,         1.42968E+02,         1.89051E+01,         3.74526E+02,         1.16579E+01,        -1.89051E+01,         1.11513E+01
      774.,         1.37659E+02,         1.20426E+01,         3.74455E+02,         1.60702E+01,        -2.06196E+01,         1.16990E+01
      775.,         1.32351E+02,         5.18009E+00,         3.74385E+02,         2.04073E+01,        -2.23105E+01,         1.22252E+01
      776.,         1.53363E+02,         2.96022E+01,         4.00000E+02,         4.51915E+00,        -1.33130E+01,         1.01356E+01
      777.,         1.48352E+02,         2.32003E+01,         4.00000E+02,         9.00920E+00,        -1.50629E+01,         1.06551E+01
      778.,         1.43342E+02,         1.67984E+01,         4.00000E+02,         1.33356E+01,        -1.67984E+01,         1.11367E+01
      779.,         1.38331E+02,         1.03965E+01,         4.00000E+02,         1.76405E+01,        -1.84556E+01,         1.15968E+01
      780.,         1.33321E+02,         3.99464E+00,         4.00000E+02,         2.20731E+01,        -2.00922E+01,         1.20604E+01
      781.,         1.44838E+02,        -9.84983E+00,        -2.00000E+02,         1.77610E+01,         6.24370E+01,         0.00000E+00
      782.,         1.33034E+02,        -3.33315E+01,        -2.00000E+02,         2.95540E+01,         5.96565E+01,         0.00000E+00
      783.,         1.21231E+02,        -5.68132E+01,        -2.00000E+02,         4.13273E+01,         5.68132E+01,         0.00000E+00
      784.,         1.09427E+02,        -8.02949E+01,        -2.00000E+02,         5.31009E+01,         5.40679E+01,         0.00000E+00
      785.,         9.76235E+01,        -1.03777E+02,        -2.00000E+02,         6.48928E+01,         5.12632E+01,         0.00000E+00
      786.,         1.44838E+02,        -9.84984E+00,        -1.75000E+02,         1.77588E+01,         6.23955E+01,         3.24726E-01
      787.,         1.33069E+02,        -3.33488E+01,        -1.75000E+02,         2.95523E+01,         5.96609E+01,         2.23090E-01
      788.,         1.21299E+02,        -5.68478E+01,        -1.75000E+02,         4.13278E+01,         5.68478E+01,         7.01882E-03
      789.,         1.09530E+02,        -8.03468E+01,        -1.75000E+02,         5.31066E+01,         5.40991E+01,        -2.04071E-01
      790.,         9.77612E+01,        -1.03846E+02,        -1.75000E+02,         6.49004E+01,         5.12803E+01,        -3.05160E-01
      791.,         1.44838E+02,        -9.84983E+00,        -1.50000E+02,         1.77501E+01,         6.23575E+01,         5.77027E-01
      792.,         1.33103E+02,        -3.33661E+01,        -1.50000E+02,         2.95407E+01,         5.96627E+01,         6.21063E-01
      793.,         1.21368E+02,        -5.68824E+01,        -1.50000E+02,         4.13104E+01,         5.68824E+01,        -1.46420E-02
      794.,         1.09634E+02,        -8.03987E+01,        -1.50000E+02,         5.30953E+01,         5.41082E+01,        -5.89773E-01
      795.,         9.78989E+01,        -1.03915E+02,        -1.50000E+02,         6.49076E+01,         5.12896E+01,        -5.25783E-01
      796.,         1.40875E+02,        -2.00271E+01,        -1.33335E+02,         2.27276E+01,         6.16937E+01,         8.96356E-01
      797.,         1.31562E+02,        -3.86849E+01,        -1.33335E+02,         3.20745E+01,         5.95894E+01,         1.05557E+00
      798.,         1.22249E+02,        -5.73427E+01,        -1.33335E+02,         4.13981E+01,         5.73427E+01,        -1.02786E-01
      799.,         1.12936E+02,        -7.60005E+01,        -1.33335E+02,         5.07454E+01,         5.51076E+01,        -1.01130E+00
      800.,         1.03622E+02,        -9.46583E+01,        -1.33335E+02,         6.01346E+01,         5.29054E+01,        -7.92541E-01
      801.,         1.36916E+02,        -3.01983E+01,        -1.16665E+02,         2.77016E+01,         6.10313E+01,         1.91269E+00
      802.,         1.30023E+02,        -4.40005E+01,        -1.16665E+02,         3.46045E+01,         5.93892E+01,         1.81396E+00
      803.,         1.23129E+02,        -5.78028E+01,        -1.16666E+02,         4.14736E+01,         5.78028E+01,        -3.86073E-01
      804.,         1.16236E+02,        -7.16050E+01,        -1.16666E+02,         4.83822E+01,         5.61980E+01,        -1.75292E+00
      805.,         1.09343E+02,        -8.54072E+01,        -1.16666E+02,         5.53393E+01,         5.44849E+01,        -1.56831E+00
      806.,         1.32954E+02,        -4.03750E+01,        -1.00000E+02,         3.27110E+01,         5.70415E+01,         5.27202E+00
      807.,         1.28482E+02,        -4.93193E+01,        -1.00000E+02,         3.71155E+01,         5.72336E+01,         2.07519E+00
      808.,         1.24010E+02,        -5.82636E+01,        -1.00000E+02,         4.15347E+01,         5.82636E+01,        -7.38626E-01
      809.,         1.19538E+02,        -6.72078E+01,        -1.00000E+02,         4.59959E+01,         5.63576E+01,        -2.84200E+00
      810.,         1.15065E+02,        -7.61521E+01,        -1.00000E+02,         5.05103E+01,         5.53142E+01,        -3.73078E+00
      811.,         1.38641E+02,        -2.83091E+01,        -7.79292E+01,         2.70204E+01,         4.34579E+01,         1.23796E+01
      812.,         1.34948E+02,        -3.67913E+01,        -7.85740E+01,         3.09470E+01,         4.46649E+01,         7.08349E+00
      813.,         1.31255E+02,        -4.52735E+01,        -7.92188E+01,         3.49475E+01,         4.52735E+01,         2.67708E+00
      814.,         1.27562E+02,        -5.37557E+01,        -7.98636E+01,         3.90157E+01,         4.73153E+01,        -1.32246E+00
      815.,         1.23868E+02,        -6.22379E+01,        -8.05083E+01,         4.31629E+01,         4.84840E+01,        -4.75577E+00
      816.,         1.44257E+02,        -1.63268E+01,        -5.54458E+01,         2.13906E+01,         3.02582E+01,         1.48926E+01
      817.,         1.41077E+02,        -2.44970E+01,        -5.64176E+01,         2.49830E+01,         3.13957E+01,         1.08136E+01
      818.,         1.37896E+02,        -3.26673E+01,        -5.73895E+01,         2.86426E+01,         3.26673E+01,         6.56879E+00
      819.,         1.34716E+02,        -4.08375E+01,        -5.83613E+01,         3.23763E+01,         3.38774E+01,         2.24212E+00
      820.,         1.31536E+02,        -4.90077E+01,        -5.93332E+01,         3.61936E+01,         3.54466E+01,        -2.41622E+00
      821.,         1.49655E+02,        -4.82839E+00,        -3.25760E+01,         1.60595E+01,         1.91159E+01,         1.68336E+01
      822.,         1.46715E+02,        -1.28404E+01,        -3.35920E+01,         1.94101E+01,         1.99222E+01,         1.33435E+01
      823.,         1.43775E+02,        -2.08525E+01,        -3.46081E+01,         2.28244E+01,         2.08525E+01,         9.69350E+00
      824.,         1.40836E+02,        -2.88645E+01,        -3.56241E+01,         2.63115E+01,         2.18654E+01,         5.85028E+00
      825.,         1.37896E+02,        -3.68766E+01,        -3.66402E+01,         2.98805E+01,         2.28932E+01,         1.81490E+00
      826.,         1.54453E+02,         5.90687E+00,        -9.23487E+00,         1.11746E+01,         9.16596E+00,         1.80671E+01
      827.,         1.51572E+02,        -2.11506E+00,        -1.00639E+01,         1.43770E+01,         9.61434E+00,         1.50427E+01
      828.,         1.48691E+02,        -1.01370E+01,        -1.08930E+01,         1.76310E+01,         1.01370E+01,         1.18795E+01
      829.,         1.45809E+02,        -1.81589E+01,        -1.17221E+01,         2.09465E+01,         1.07718E+01,         8.53907E+00
      830.,         1.42928E+02,        -2.61809E+01,        -1.25511E+01,         2.43374E+01,         1.15162E+01,         4.98250E+00
      831.,         1.58550E+02,         1.54225E+01,         1.46522E+01,         6.90045E+00,         7.84741E-01,         1.85341E+01
      832.,         1.55589E+02,         7.25600E+00,         1.41579E+01,         1.00354E+01,         8.06770E-01,         1.59420E+01
      833.,         1.52627E+02,        -9.10541E-01,         1.36636E+01,         1.32043E+01,         9.10541E-01,         1.32194E+01
      834.,         1.49666E+02,        -9.07708E+00,         1.31693E+01,         1.64123E+01,         1.10300E+00,         1.03445E+01
      835.,         1.46705E+02,        -1.72436E+01,         1.26750E+01,         1.96705E+01,         1.37014E+00,         7.27528E+00
      836.,         1.62072E+02,         2.34485E+01,         3.91103E+01,         3.28619E+00,        -6.09414E+00,         1.83710E+01
      837.,         1.58929E+02,         1.50665E+01,         3.89742E+01,         6.42493E+00,        -6.42218E+00,         1.61684E+01
      838.,         1.55786E+02,         6.68456E+00,         3.88381E+01,         9.57524E+00,        -6.68456E+00,         1.38689E+01
      839.,         1.52644E+02,        -1.69740E+00,         3.87020E+01,         1.27349E+01,        -6.85428E+00,         1.14516E+01
      840.,         1.49501E+02,        -1.00794E+01,         3.85659E+01,         1.59067E+01,        -6.95187E+00,         8.89447E+00
      841.,         1.64999E+02,         2.99845E+01,         6.40531E+01,         3.16575E-01,        -1.16046E+01,         1.77179E+01
      842.,         1.61612E+02,         2.13769E+01,         6.42306E+01,         3.51251E+00,        -1.22158E+01,         1.59044E+01
      843.,         1.58224E+02,         1.27693E+01,         6.44080E+01,         6.69562E+00,        -1.27693E+01,         1.40237E+01
      844.,         1.54837E+02,         4.16163E+00,         6.45854E+01,         9.85418E+00,        -1.32068E+01,         1.20621E+01
      845.,         1.51449E+02,        -4.44599E+00,         6.47628E+01,         1.29785E+01,        -1.35827E+01,         9.99958E+00
      846.,         1.67546E+02,         3.49831E+01,         8.93400E+01,        -2.03412E+00,        -1.57445E+01,         1.67133E+01
      847.,         1.63867E+02,         2.61673E+01,         8.97612E+01,         1.27422E+00,        -1.65757E+01,         1.52981E+01
      848.,         1.60189E+02,         1.73514E+01,         9.01824E+01,         4.54573E+00,        -1.73514E+01,         1.38393E+01
      849.,         1.56511E+02,         8.53560E+00,         9.06037E+01,         7.75966E+00,        -1.79948E+01,         1.23297E+01
      850.,         1.52833E+02,        -2.80242E-01,         9.10249E+01,         1.08927E+01,        -1.85742E+01,         1.07588E+01
      851.,         1.69758E+02,         3.85088E+01,         1.14913E+02,        -3.79587E+00,        -1.85983E+01,         1.54864E+01
      852.,         1.65778E+02,         2.95248E+01,         1.15503E+02,        -3.28837E-01,        -1.95959E+01,         1.44762E+01
      853.,         1.61799E+02,         2.05407E+01,         1.16093E+02,         3.08181E+00,        -2.05407E+01,         1.34404E+01
      854.,         1.57820E+02,         1.15567E+01,         1.16682E+02,         6.40867E+00,        -2.13304E+01,         1.23792E+01
      855.,         1.53841E+02,         2.57259E+00,         1.17272E+02,         9.61748E+00,        -2.20563E+01,         1.12909E+01
      856.,         1.71746E+02,         4.06026E+01,         1.40734E+02,        -4.99146E+00,        -2.02096E+01,         1.41496E+01
      857.,         1.67407E+02,         3.15265E+01,         1.41402E+02,        -1.32273E+00,        -2.13566E+01,         1.35455E+01
      858.,         1.63068E+02,         2.24504E+01,         1.42071E+02,         2.27049E+00,        -2.24504E+01,         1.29259E+01
      859.,         1.58730E+02,         1.33743E+01,         1.42739E+02,         5.75568E+00,        -2.33760E+01,         1.22991E+01
      860.,         1.54391E+02,         4.29815E+00,         1.43407E+02,         9.09091E+00,        -2.42344E+01,         1.16724E+01
      861.,         1.73423E+02,         4.13978E+01,         1.66790E+02,        -5.63228E+00,        -2.06970E+01,         1.28076E+01
      862.,         1.68733E+02,         3.22967E+01,         1.67429E+02,        -1.73422E+00,        -2.19733E+01,         1.25986E+01
      863.,         1.64042E+02,         2.31956E+01,         1.68068E+02,         2.07523E+00,        -2.31956E+01,         1.23768E+01
      864.,         1.59352E+02,         1.40946E+01,         1.68707E+02,         5.76123E+00,        -2.42435E+01,         1.21578E+01
      865.,         1.54662E+02,         4.99347E+00,         1.69347E+02,         9.27851E+00,        -2.52220E+01,         1.19577E+01
      866.,         1.74893E+02,         4.09533E+01,         1.92938E+02,        -5.73434E+00,        -2.01129E+01,         1.15530E+01
      867.,         1.69822E+02,         3.19272E+01,         1.93509E+02,        -1.58806E+00,        -2.15345E+01,         1.17115E+01
      868.,         1.64750E+02,         2.29011E+01,         1.94080E+02,         2.45843E+00,        -2.29011E+01,         1.18547E+01
      869.,         1.59678E+02,         1.38751E+01,         1.94651E+02,         6.36925E+00,        -2.40954E+01,         1.20041E+01
      870.,         1.54607E+02,         4.84903E+00,         1.95222E+02,         1.00973E+01,        -2.52177E+01,         1.21826E+01
      871.,         1.76095E+02,         3.94119E+01,         2.19184E+02,        -5.31215E+00,        -1.85925E+01,         1.04551E+01
      872.,         1.70651E+02,         3.05573E+01,         2.19650E+02,        -9.13113E-01,        -2.01757E+01,         1.09408E+01
      873.,         1.65207E+02,         2.17027E+01,         2.20116E+02,         3.37851E+00,        -2.17027E+01,         1.14038E+01
      874.,         1.59762E+02,         1.28480E+01,         2.20582E+02,         7.52827E+00,        -2.30676E+01,         1.18706E+01
      875.,         1.54318E+02,         3.99339E+00,         2.21047E+02,         1.14899E+01,        -2.43597E+01,         1.23693E+01
      876.,         1.76975E+02,         3.69350E+01,         2.45457E+02,        -4.38870E+00,        -1.62883E+01,         9.56959E+00
      877.,         1.71214E+02,         2.83344E+01,         2.45786E+02,         2.53940E-01,        -1.80390E+01,         1.03273E+01
      878.,         1.65453E+02,         1.97338E+01,         2.46116E+02,         4.78840E+00,        -1.97338E+01,         1.10524E+01
      879.,         1.59692E+02,         1.11331E+01,         2.46445E+02,         9.18395E+00,        -2.12830E+01,         1.17750E+01
      880.,         1.53931E+02,         2.53252E+00,         2.46774E+02,         1.33996E+01,        -2.27613E+01,         1.25266E+01
      881.,         1.77488E+02,         3.37109E+01,         2.71628E+02,        -3.00141E+00,        -1.33839E+01,         8.93209E+00
      882.,         1.71489E+02,         2.54355E+01,         2.71815E+02,         1.86242E+00,        -1.52985E+01,         9.89380E+00
      883.,         1.65490E+02,         1.71601E+01,         2.72002E+02,         6.62545E+00,        -1.71601E+01,         1.08127E+01
      884.,         1.59491E+02,         8.88463E+00,         2.72189E+02,         1.12621E+01,        -1.88970E+01,         1.17213E+01
      885.,         1.53491E+02,         6.09195E-01,         2.72376E+02,         1.57390E+01,        -2.05677E+01,         1.26532E+01
      886.,         1.77618E+02,         2.99255E+01,         2.97690E+02,        -1.20024E+00,        -1.00631E+01,         8.55276E+00
      887.,         1.71474E+02,         2.20344E+01,         2.97743E+02,         3.85415E+00,        -1.21278E+01,         9.64215E+00
      888.,         1.65331E+02,         1.41433E+01,         2.97796E+02,         8.82246E+00,        -1.41433E+01,         1.06810E+01
      889.,         1.59188E+02,         6.25214E+00,         2.97848E+02,         1.36848E+01,        -1.60580E+01,         1.17023E+01
      890.,         1.53045E+02,        -1.63898E+00,         2.97901E+02,         1.84168E+01,        -1.79128E+01,         1.27406E+01
      891.,         1.77185E+02,         2.58985E+01,         3.23594E+02,         9.23138E-01,        -6.64560E+00,         8.42882E+00
      892.,         1.71049E+02,         1.84050E+01,         3.23531E+02,         6.13047E+00,        -8.79956E+00,         9.56402E+00
      893.,         1.64913E+02,         1.09115E+01,         3.23468E+02,         1.12746E+01,        -1.09115E+01,         1.06446E+01
      894.,         1.58778E+02,         3.41807E+00,         3.23405E+02,         1.63435E+01,        -1.29443E+01,         1.17040E+01
      895.,         1.52642E+02,        -4.07539E+00,         3.23343E+02,         2.13234E+01,        -1.49275E+01,         1.27776E+01
      896.,         1.76427E+02,         2.17112E+01,         3.49264E+02,         3.28317E+00,        -3.21768E+00,         8.52443E+00
      897.,         1.70401E+02,         1.46398E+01,         3.49157E+02,         8.60360E+00,        -5.41066E+00,         9.62768E+00
      898.,         1.64375E+02,         7.56845E+00,         3.49050E+02,         1.38913E+01,        -7.56845E+00,         1.06789E+01
      899.,         1.58350E+02,         4.97063E-01,         3.48943E+02,         1.91389E+01,        -9.66720E+00,         1.17095E+01
      900.,         1.52324E+02,        -6.57432E+00,         3.48835E+02,         2.43393E+01,        -1.17256E+01,         1.27504E+01
      901.,         1.75443E+02,         1.75002E+01,         3.74751E+02,         5.75370E+00,         7.63087E-02,         8.78702E+00
      902.,         1.69631E+02,         1.08645E+01,         3.74666E+02,         1.11613E+01,        -2.09266E+00,         9.78609E+00
      903.,         1.63819E+02,         4.22869E+00,         3.74582E+02,         1.65517E+01,        -4.22869E+00,         1.07560E+01
      904.,         1.58007E+02,        -2.40706E+00,         3.74498E+02,         2.19284E+01,        -6.33488E+00,         1.17116E+01
      905.,         1.52195E+02,        -9.04282E+00,         3.74413E+02,         2.73048E+01,        -8.40601E+00,         1.26675E+01
      906.,         1.74276E+02,         1.34483E+01,         4.00000E+02,         8.49127E+00,         3.07045E+00,         9.09985E+00
      907.,         1.68814E+02,         7.22124E+00,         4.00000E+02,         1.38131E+01,         1.02163E+00,         9.99039E+00
      908.,         1.63351E+02,         9.94166E-01,         4.00000E+02,         1.90085E+01,        -9.94166E-01,         1.08504E+01
      909.,         1.57889E+02,        -5.23290E+00,         4.00000E+02,         2.42175E+01,        -2.98320E+00,         1.17017E+01
      910.,         1.52426E+02,        -1.14600E+01,         4.00000E+02,         2.95892E+01,        -4.93299E+00,         1.25727E+01
      911.,         1.69584E+02,        -2.22889E+01,        -2.00000E+02,         2.07578E+01,         7.48797E+01,         0.00000E+00
      912.,         1.57780E+02,        -4.57706E+01,        -2.00000E+02,         3.25566E+01,         7.20993E+01,         0.00000E+00
      913.,         1.45977E+02,        -6.92523E+01,        -2.00000E+02,         4.43463E+01,         6.92523E+01,         0.00000E+00
      914.,         1.34173E+02,        -9.27340E+01,        -2.00000E+02,         5.61357E+01,         6.65085E+01,         0.00000E+00
      915.,         1.22369E+02,        -1.16216E+02,        -2.00000E+02,         6.79333E+01,         6.37030E+01,         0.00000E+00
      916.,         1.69584E+02,        -2.22889E+01,        -1.75000E+02,         2.07602E+01,         7.48348E+01,         3.37112E-01
      917.,         1.57810E+02,        -4.57858E+01,        -1.75000E+02,         3.25603E+01,         7.21000E+01,         2.25599E-01
      918.,         1.46037E+02,        -6.92826E+01,        -1.75000E+02,         4.43534E+01,         6.92826E+01,        -1.41504E-03
      919.,         1.34263E+02,        -9.27794E+01,        -1.75000E+02,         5.61466E+01,         6.65308E+01,        -2.20528E-01
      920.,         1.22490E+02,        -1.16276E+02,        -1.75000E+02,         6.79456E+01,         6.37064E+01,        -3.29090E-01
      921.,         1.69584E+02,        -2.22889E+01,        -1.50000E+02,         2.07637E+01,         7.47870E+01,         6.00467E-01
      922.,         1.57840E+02,        -4.58009E+01,        -1.50000E+02,         3.25657E+01,         7.20913E+01,         6.30009E-01
      923.,         1.46097E+02,        -6.93129E+01,        -1.50000E+02,         4.43601E+01,         6.93129E+01,        -3.66153E-02
      924.,         1.34354E+02,        -9.28248E+01,        -1.50000E+02,         5.61560E+01,         6.65232E+01,        -6.30676E-01
      925.,         1.22610E+02,        -1.16337E+02,        -1.50000E+02,         6.79596E+01,         6.36972E+01,        -5.66423E-01
      926.,         1.64743E+02,        -3.20054E+01,        -1.33335E+02,         2.56433E+01,         7.36702E+01,         9.22172E-01
      927.,         1.55424E+02,        -5.06603E+01,        -1.33335E+02,         3.50061E+01,         7.15665E+01,         1.06506E+00
      928.,         1.46105E+02,        -6.93151E+01,        -1.33335E+02,         4.43601E+01,         6.93151E+01,        -1.37908E-01
      929.,         1.36786E+02,        -8.79699E+01,        -1.33335E+02,         5.37162E+01,         6.70737E+01,        -1.06926E+00
      930.,         1.27467E+02,        -1.06625E+02,        -1.33335E+02,         6.30829E+01,         6.48698E+01,        -8.43501E-01
      931.,         1.59906E+02,        -4.17154E+01,        -1.16665E+02,         3.05243E+01,         7.25465E+01,         1.94818E+00
      932.,         1.53009E+02,        -5.55163E+01,        -1.16665E+02,         3.74464E+01,         7.09017E+01,         1.81903E+00
      933.,         1.46113E+02,        -6.93172E+01,        -1.16665E+02,         4.43607E+01,         6.93172E+01,        -4.40901E-01
      934.,         1.39217E+02,        -8.31181E+01,        -1.16665E+02,         5.12782E+01,         6.77122E+01,        -1.83170E+00
      935.,         1.32321E+02,        -9.69189E+01,        -1.16665E+02,         5.82046E+01,         6.59998E+01,        -1.63949E+00
      936.,         1.55065E+02,        -5.14308E+01,        -1.00000E+02,         3.54170E+01,         6.80123E+01,         5.32972E+00
      937.,         1.50593E+02,        -6.03750E+01,        -1.00000E+02,         3.98881E+01,         6.82467E+01,         2.05253E+00
      938.,         1.46121E+02,        -6.93193E+01,        -1.00000E+02,         4.43592E+01,         6.93193E+01,        -8.15810E-01
      939.,         1.41649E+02,        -7.82636E+01,        -1.00000E+02,         4.88425E+01,         6.74127E+01,        -2.94752E+00
      940.,         1.37177E+02,        -8.72078E+01,        -1.00000E+02,         5.33260E+01,         6.63749E+01,        -3.83654E+00
      941.,         1.61164E+02,        -3.92085E+01,        -7.80566E+01,         2.93451E+01,         5.43281E+01,         1.25678E+01
      942.,         1.57294E+02,        -4.76631E+01,        -7.86898E+01,         3.35192E+01,         5.55255E+01,         7.17468E+00
      943.,         1.53425E+02,        -5.61177E+01,        -7.93231E+01,         3.77029E+01,         5.61177E+01,         2.68044E+00
      944.,         1.49555E+02,        -6.45723E+01,        -7.99563E+01,         4.18895E+01,         5.81472E+01,        -1.39031E+00
      945.,         1.45686E+02,        -7.30269E+01,        -8.05896E+01,         4.60836E+01,         5.92822E+01,        -4.86580E+00
      946.,         1.67226E+02,        -2.71205E+01,        -5.56956E+01,         2.33082E+01,         4.10934E+01,         1.51691E+01
      947.,         1.63739E+02,        -3.52504E+01,        -5.66452E+01,         2.72992E+01,         4.21687E+01,         1.09958E+01
      948.,         1.60251E+02,        -4.33804E+01,        -5.75949E+01,         3.12979E+01,         4.33804E+01,         6.65100E+00
      949.,         1.56764E+02,        -5.15103E+01,        -5.85446E+01,         3.53067E+01,         4.45198E+01,         2.22695E+00
      950.,         1.53277E+02,        -5.96403E+01,        -5.94942E+01,         3.93236E+01,         4.60246E+01,        -2.52564E+00
      951.,         1.73113E+02,        -1.55749E+01,        -3.29383E+01,         1.75053E+01,         2.99594E+01,         1.71600E+01
      952.,         1.69772E+02,        -2.35429E+01,        -3.39267E+01,         2.14173E+01,         3.06708E+01,         1.35754E+01
      953.,         1.66432E+02,        -3.15110E+01,        -3.49151E+01,         2.53404E+01,         3.15110E+01,         9.82663E+00
      954.,         1.63091E+02,        -3.94790E+01,        -3.59035E+01,         2.92776E+01,         3.24157E+01,         5.87974E+00
      955.,         1.59751E+02,        -4.74470E+01,        -3.68919E+01,         3.32297E+01,         3.33390E+01,         1.73872E+00
      956.,         1.78609E+02,        -4.84876E+00,        -9.56499E+00,         1.20773E+01,         2.00799E+01,         1.84094E+01
      957.,         1.75221E+02,        -1.28199E+01,        -1.03838E+01,         1.60169E+01,         2.03937E+01,         1.53003E+01
      958.,         1.71832E+02,        -2.07910E+01,        -1.12027E+01,         1.99687E+01,         2.07910E+01,         1.20457E+01
      959.,         1.68443E+02,        -2.87622E+01,        -1.20216E+01,         2.39383E+01,         2.12766E+01,         8.60601E+00
      960.,         1.65054E+02,        -3.67333E+01,        -1.28404E+01,         2.79293E+01,         2.18822E+01,         4.94214E+00
      961.,         1.83492E+02,         4.57602E+00,         1.43990E+01,         7.25786E+00,         1.18607E+01,         1.88407E+01
      962.,         1.79920E+02,        -3.52299E+00,         1.39042E+01,         1.13136E+01,         1.16928E+01,         1.61833E+01
      963.,         1.76347E+02,        -1.16220E+01,         1.34095E+01,         1.53788E+01,         1.16220E+01,         1.33883E+01
      964.,         1.72775E+02,        -1.97210E+01,         1.29147E+01,         1.94625E+01,         1.16042E+01,         1.04305E+01
      965.,         1.69202E+02,        -2.78200E+01,         1.24200E+01,         2.35738E+01,         1.16778E+01,         7.26433E+00
      966.,         1.87671E+02,         1.24430E+01,         3.88814E+01,         3.17425E+00,         5.20734E+00,         1.85862E+01
      967.,         1.83834E+02,         4.15077E+00,         3.87521E+01,         7.40719E+00,         4.62968E+00,         1.63449E+01
      968.,         1.79997E+02,        -4.14149E+00,         3.86227E+01,         1.16436E+01,         4.14149E+00,         1.40009E+01
      969.,         1.76160E+02,        -1.24337E+01,         3.84934E+01,         1.58961E+01,         3.68696E+00,         1.15293E+01
      970.,         1.72324E+02,        -2.07260E+01,         3.83640E+01,         2.01792E+01,         3.33096E+00,         8.90414E+00
      971.,         1.91162E+02,         1.87642E+01,         6.38755E+01,        -1.69947E-01,        -2.37098E-02,         1.77996E+01
      972.,         1.87011E+02,         1.02669E+01,         6.40572E+01,         4.27591E+00,        -9.41174E-01,         1.59799E+01
      973.,         1.82861E+02,         1.76966E+00,         6.42390E+01,         8.71714E+00,        -1.76966E+00,         1.40898E+01
      974.,         1.78711E+02,        -6.72761E+00,         6.44207E+01,         1.31689E+01,        -2.56029E+00,         1.21119E+01
      975.,         1.74560E+02,        -1.52249E+01,         6.46024E+01,         1.76511E+01,        -3.25882E+00,         1.00220E+01
      976.,         1.94052E+02,         2.34954E+01,         8.91794E+01,        -2.76134E+00,        -3.84145E+00,         1.66297E+01
      977.,         1.89566E+02,         1.48097E+01,         8.96114E+01,         1.92327E+00,        -5.02858E+00,         1.52439E+01
      978.,         1.85080E+02,         6.12397E+00,         9.00433E+01,         6.59466E+00,        -6.12397E+00,         1.38148E+01
      979.,         1.80594E+02,        -2.56176E+00,         9.04752E+01,         1.12698E+01,        -7.18316E+00,         1.23330E+01
      980.,         1.76108E+02,        -1.12475E+01,         9.09071E+01,         1.59736E+01,        -8.14432E+00,         1.07853E+01
      981.,         1.96384E+02,         2.66971E+01,         1.14738E+02,        -4.61475E+00,        -6.32969E+00,         1.52224E+01
      982.,         1.91559E+02,         1.78666E+01,         1.15350E+02,         3.19710E-01,        -7.72936E+00,         1.42779E+01
      983.,         1.86733E+02,         9.03610E+00,         1.15962E+02,         5.23400E+00,        -9.03610E+00,         1.33120E+01
      984.,         1.81908E+02,         2.05589E-01,         1.16574E+02,         1.01462E+01,        -1.02979E+01,         1.23249E+01
      985.,         1.77082E+02,        -8.62493E+00,         1.17186E+02,         1.50863E+01,        -1.14603E+01,         1.13153E+01
      986.,         1.98266E+02,         2.84105E+01,         1.40560E+02,        -5.75023E+00,        -7.53400E+00,         1.37042E+01
      987.,         1.93097E+02,         1.94967E+01,         1.41252E+02,        -5.56673E-01,        -9.10619E+00,         1.32018E+01
      988.,         1.87928E+02,         1.05829E+01,         1.41944E+02,         4.60853E+00,        -1.05829E+01,         1.26925E+01
      989.,         1.82760E+02,         1.66917E+00,         1.42636E+02,         9.76621E+00,        -1.20091E+01,         1.21862E+01
      990.,         1.77591E+02,        -7.24460E+00,         1.43328E+02,         1.49507E+01,        -1.33326E+01,         1.16941E+01
      991.,         1.99645E+02,         2.87648E+01,         1.66639E+02,        -6.18079E+00,        -7.57972E+00,         1.21945E+01
      992.,         1.94150E+02,         1.98396E+01,         1.67315E+02,        -7.36804E-01,        -9.29538E+00,         1.21208E+01
      993.,         1.88654E+02,         1.09144E+01,         1.67991E+02,         4.67373E+00,        -1.09144E+01,         1.20474E+01
      994.,         1.83159E+02,         1.98922E+00,         1.68667E+02,         1.00730E+01,        -1.24823E+01,         1.19930E+01
      995.,         1.77663E+02,        -6.93599E+00,         1.69343E+02,         1.54982E+01,        -1.39455E+01,         1.19795E+01
      996.,         2.00621E+02,         2.78214E+01,         1.92864E+02,        -5.92456E+00,        -6.51739E+00,         1.07960E+01
      997.,         1.94759E+02,         1.90098E+01,         1.93482E+02,        -2.50992E-01,        -8.40606E+00,         1.11219E+01
      998.,         1.88897E+02,         1.01983E+01,         1.94100E+02,         5.37784E+00,        -1.01983E+01,         1.14491E+01
      999.,         1.83035E+02,         1.38675E+00,         1.94717E+02,         1.09844E+01,        -1.19410E+01,         1.18031E+01
     1000.,         1.77173E+02,        -7.42478E+00,         1.95335E+02,         1.66046E+01,        -1.35792E+01,         1.22141E+01
     1001.,         2.01174E+02,         2.57284E+01,         2.19217E+02,        -5.00800E+00,        -4.48273E+00,         9.58714E+00
     1002.,         1.94966E+02,         1.71314E+01,         2.19719E+02,         8.65176E-01,        -6.55573E+00,         1.02697E+01
     1003.,         1.88759E+02,         8.53429E+00,         2.20220E+02,         6.68334E+00,        -8.53429E+00,         1.09482E+01
     1004.,         1.82552E+02,        -6.27771E-02,         2.20722E+02,         1.24674E+01,        -1.04685E+01,         1.16539E+01
     1005.,         1.76344E+02,        -8.65984E+00,         2.21224E+02,         1.82503E+01,        -1.23015E+01,         1.24227E+01
     1006.,         2.01319E+02,         2.26320E+01,         2.45636E+02,        -3.46546E+00,        -1.60846E+00,         8.62715E+00
     1007.,         1.94830E+02,         1.43317E+01,         2.45970E+02,         2.57056E+00,        -3.86453E+00,         9.60798E+00
     1008.,         1.88341E+02,         6.03137E+00,         2.46304E+02,         8.54722E+00,        -6.03137E+00,         1.05758E+01
     1009.,         1.81851E+02,        -2.26895E+00,         2.46638E+02,         1.44827E+01,        -8.16216E+00,         1.15655E+01
     1010.,         1.75362E+02,        -1.05693E+01,         2.46971E+02,         2.04057E+01,        -1.01962E+01,         1.26164E+01
     1011.,         2.01010E+02,         1.87792E+01,         2.71851E+02,        -1.37074E+00,         1.87092E+00,         7.95699E+00
     1012.,         1.94328E+02,         1.08335E+01,         2.72031E+02,         4.78795E+00,        -5.49709E-01,         9.16351E+00
     1013.,         1.87646E+02,         2.88789E+00,         2.72212E+02,         1.08890E+01,        -2.88789E+00,         1.03467E+01
     1014.,         1.80964E+02,        -5.05776E+00,         2.72392E+02,         1.69490E+01,        -5.19880E+00,         1.15439E+01
     1015.,         1.74281E+02,        -1.30034E+01,         2.72573E+02,         2.29938E+01,        -7.42158E+00,         1.27965E+01
     1016.,         2.00208E+02,         1.43971E+01,         2.97936E+02,         1.20322E+00,         5.73646E+00,         7.58337E+00
     1017.,         1.93446E+02,         6.84051E+00,         2.97977E+02,         7.44161E+00,         3.18958E+00,         8.93611E+00
     1018.,         1.86684E+02,        -7.16055E-01,         2.98018E+02,         1.36321E+01,         7.16055E-01,         1.02568E+01
     1019.,         1.79921E+02,        -8.27262E+00,         2.98059E+02,         1.97904E+01,        -1.73882E+00,         1.15834E+01
     1020.,         1.73159E+02,        -1.58292E+01,         2.98100E+02,         2.59395E+01,        -4.11480E+00,         1.29571E+01
     1021.,         1.98929E+02,         9.71681E+00,         3.23796E+02,         4.15368E+00,         9.76003E+00,         7.49428E+00
     1022.,         1.92216E+02,         2.55532E+00,         3.23730E+02,         1.04327E+01,         7.15144E+00,         8.91155E+00
     1023.,         1.85503E+02,        -4.60617E+00,         3.23664E+02,         1.66814E+01,         4.60617E+00,         1.02909E+01
     1024.,         1.78791E+02,        -1.17677E+01,         3.23598E+02,         2.29147E+01,         2.07110E+00,         1.16696E+01
     1025.,         1.72078E+02,        -1.89291E+01,         3.23532E+02,         2.91546E+01,        -3.97010E-01,         1.30880E+01
     1026.,         1.97303E+02,         4.86272E+00,         3.49444E+02,         7.38801E+00,         1.38232E+01,         7.65569E+00
     1027.,         1.90748E+02,        -1.89941E+00,         3.49331E+02,         1.36708E+01,         1.12153E+01,         9.05941E+00
     1028.,         1.84194E+02,        -8.66155E+00,         3.49218E+02,         1.99473E+01,         8.66155E+00,         1.04239E+01
     1029.,         1.77639E+02,        -1.54237E+01,         3.49104E+02,         2.62307E+01,         6.11112E+00,         1.17852E+01
     1030.,         1.71085E+02,        -2.21858E+01,         3.48991E+02,         3.25391E+01,         3.61794E+00,         1.31791E+01
     1031.,         1.95446E+02,        -4.11331E-02,         3.74872E+02,         1.07853E+01,         1.77911E+01,         8.01688E+00
     1032.,         1.89152E+02,        -6.40863E+00,         3.74778E+02,         1.70518E+01,         1.52607E+01,         9.33336E+00
     1033.,         1.82859E+02,        -1.27761E+01,         3.74685E+02,         2.33220E+01,         1.27761E+01,         1.06271E+01
     1034.,         1.76566E+02,        -1.91436E+01,         3.74592E+02,         2.96130E+01,         1.02842E+01,         1.19177E+01
     1035.,         1.70273E+02,        -2.55111E+01,         3.74498E+02,         3.59548E+01,         7.83904E+00,         1.32250E+01
     1036.,         1.93405E+02,        -4.79661E+00,         4.00000E+02,         1.44320E+01,         2.14866E+01,         8.46823E+00
     1037.,         1.87497E+02,        -1.08129E+01,         4.00000E+02,         2.05486E+01,         1.91333E+01,         9.67625E+00
     1038.,         1.81590E+02,        -1.68292E+01,         4.00000E+02,         2.65832E+01,         1.68292E+01,         1.08551E+01
     1039.,         1.75682E+02,        -2.28455E+01,         4.00000E+02,         3.26606E+01,         1.45075E+01,         1.20335E+01
     1040.,         1.69774E+02,        -2.88618E+01,         4.00000E+02,         3.89085E+01,         1.22415E+01,         1.32418E+01
     1041.,         1.94330E+02,        -3.47280E+01,        -2.00000E+02,         2.37563E+01,         8.73200E+01,         0.00000E+00
     1042.,         1.82526E+02,        -5.82097E+01,        -2.00000E+02,         3.55607E+01,         8.45391E+01,         0.00000E+00
     1043.,         1.70723E+02,        -8.16914E+01,        -2.00000E+02,         4.73670E+01,         8.16914E+01,         0.00000E+00
     1044.,         1.58919E+02,        -1.05173E+02,        -2.00000E+02,         5.91726E+01,         7.89480E+01,         0.00000E+00
     1045.,         1.47116E+02,        -1.28655E+02,        -2.00000E+02,         7.09760E+01,         7.61427E+01,         0.00000E+00
     1046.,         1.94330E+02,        -3.47280E+01,        -1.75000E+02,         2.37633E+01,         8.72724E+01,         3.43963E-01
     1047.,         1.82552E+02,        -5.82227E+01,        -1.75000E+02,         3.55698E+01,         8.45365E+01,         2.28092E-01
     1048.,         1.70774E+02,        -8.17173E+01,        -1.75000E+02,         4.73807E+01,         8.17173E+01,         2.38761E-04
     1049.,         1.58997E+02,        -1.05212E+02,        -1.75000E+02,         5.91883E+01,         7.89633E+01,        -2.20095E-01
     1050.,         1.47219E+02,        -1.28707E+02,        -1.75000E+02,         7.09933E+01,         7.61352E+01,        -3.32831E-01
     1051.,         1.94330E+02,        -3.47280E+01,        -1.50000E+02,         2.37787E+01,         8.72170E+01,         6.12973E-01
     1052.,         1.82578E+02,        -5.82357E+01,        -1.50000E+02,         3.55923E+01,         8.45176E+01,         6.36651E-01
     1053.,         1.70826E+02,        -8.17433E+01,        -1.50000E+02,         4.74113E+01,         8.17433E+01,        -3.08370E-02
     1054.,         1.59074E+02,        -1.05251E+02,        -1.50000E+02,         5.92177E+01,         7.89422E+01,        -6.28732E-01
     1055.,         1.47322E+02,        -1.28759E+02,        -1.50000E+02,         7.10126E+01,         7.61113E+01,        -5.72920E-01
     1056.,         1.88611E+02,        -4.39834E+01,        -1.33335E+02,         2.85598E+01,         8.56491E+01,         9.34591E-01
     1057.,         1.79286E+02,        -6.26355E+01,        -1.33335E+02,         3.79393E+01,         8.35399E+01,         1.07232E+00
     1058.,         1.69961E+02,        -8.12875E+01,        -1.33335E+02,         4.73229E+01,         8.12875E+01,        -1.26351E-01
     1059.,         1.60637E+02,        -9.99395E+01,        -1.33335E+02,         5.66869E+01,         7.90459E+01,        -1.06237E+00
     1060.,         1.51312E+02,        -1.18591E+02,        -1.33335E+02,         6.60311E+01,         7.68385E+01,        -8.48147E-01
     1061.,         1.82895E+02,        -5.32329E+01,        -1.16666E+02,         3.33482E+01,         8.40673E+01,         1.95431E+00
     1062.,         1.75996E+02,        -6.70323E+01,        -1.16666E+02,         4.02905E+01,         8.24213E+01,         1.82267E+00
     1063.,         1.69097E+02,        -8.08316E+01,        -1.16666E+02,         4.72474E+01,         8.08316E+01,        -4.17287E-01
     1064.,         1.62198E+02,        -9.46309E+01,        -1.16665E+02,         5.41724E+01,         7.92287E+01,        -1.81178E+00
     1065.,         1.55299E+02,        -1.08430E+02,        -1.16665E+02,         6.10688E+01,         7.75182E+01,        -1.63820E+00
     1066.,         1.77177E+02,        -6.24865E+01,        -1.00000E+02,         3.81291E+01,         7.91262E+01,         5.30352E+00
     1067.,         1.72705E+02,        -7.14308E+01,        -1.00000E+02,         4.26622E+01,         7.93347E+01,         2.06543E+00
     1068.,         1.68233E+02,        -8.03750E+01,        -1.00000E+02,         4.71818E+01,         8.03750E+01,        -7.75515E-01
     1069.,         1.63760E+02,        -8.93193E+01,        -1.00000E+02,         5.16850E+01,         7.84699E+01,        -2.90384E+00
     1070.,         1.59288E+02,        -9.82636E+01,        -1.00000E+02,         5.61386E+01,         7.74264E+01,        -3.81361E+00
     1071.,         1.83510E+02,        -5.04413E+01,        -7.80261E+01,         3.18677E+01,         6.57769E+01,         1.25000E+01
     1072.,         1.79461E+02,        -5.88724E+01,        -7.86302E+01,         3.62710E+01,         6.68417E+01,         7.13376E+00
     1073.,         1.75413E+02,        -6.73035E+01,        -7.92343E+01,         4.06281E+01,         6.73035E+01,         2.66729E+00
     1074.,         1.71364E+02,        -7.57347E+01,        -7.98384E+01,         4.49277E+01,         6.91947E+01,        -1.38807E+00
     1075.,         1.67316E+02,        -8.41658E+01,        -8.04425E+01,         4.91665E+01,         7.01986E+01,        -4.87852E+00
     1076.,         1.89901E+02,        -3.85679E+01,        -5.55626E+01,         2.55884E+01,         5.29013E+01,         1.50757E+01
     1077.,         1.86067E+02,        -4.66765E+01,        -5.64655E+01,         2.99677E+01,         5.37771E+01,         1.08967E+01
     1078.,         1.82234E+02,        -5.47851E+01,        -5.73683E+01,         3.43017E+01,         5.47851E+01,         6.55298E+00
     1079.,         1.78401E+02,        -6.28937E+01,        -5.82711E+01,         3.85855E+01,         5.57250E+01,         2.13081E+00
     1080.,         1.74567E+02,        -7.10023E+01,        -5.91740E+01,         4.28033E+01,         5.70230E+01,        -2.63795E+00
     1081.,         1.96198E+02,        -2.73459E+01,        -3.27252E+01,         1.94880E+01,         4.22515E+01,         1.69943E+01
     1082.,         1.92367E+02,        -3.52982E+01,        -3.36239E+01,         2.39640E+01,         4.26895E+01,         1.33936E+01
     1083.,         1.88537E+02,        -4.32505E+01,        -3.45226E+01,         2.84046E+01,         4.32505E+01,         9.62844E+00
     1084.,         1.84707E+02,        -5.12029E+01,        -3.54214E+01,         3.28011E+01,         4.38798E+01,         5.66322E+00
     1085.,         1.80877E+02,        -5.91552E+01,        -3.63201E+01,         3.71434E+01,         4.45237E+01,         1.49793E+00
     1086.,         2.02073E+02,        -1.69930E+01,        -9.28451E+00,         1.37122E+01,         3.29058E+01,         1.81481E+01
     1087.,         1.98101E+02,        -2.49873E+01,        -9.97426E+00,         1.84170E+01,         3.29052E+01,         1.50170E+01
     1088.,         1.94130E+02,        -3.29816E+01,        -1.06640E+01,         2.31002E+01,         3.29816E+01,         1.17434E+01
     1089.,         1.90158E+02,        -4.09758E+01,        -1.13538E+01,         2.77575E+01,         3.31531E+01,         8.28596E+00
     1090.,         1.86186E+02,        -4.89701E+01,        -1.20435E+01,         3.23781E+01,         3.34369E+01,         4.60293E+00
     1091.,         2.07522E+02,        -8.07772E+00,         1.48240E+01,         8.55273E+00,         2.53474E+01,         1.84665E+01
     1092.,         2.03231E+02,        -1.62371E+01,         1.44277E+01,         1.35965E+01,         2.48273E+01,         1.57955E+01
     1093.,         1.98940E+02,        -2.43965E+01,         1.40315E+01,         1.86299E+01,         2.43965E+01,         1.29890E+01
     1094.,         1.94649E+02,        -3.25559E+01,         1.36352E+01,         2.36585E+01,         2.40368E+01,         1.00231E+01
     1095.,         1.90358E+02,        -4.07154E+01,         1.32390E+01,         2.86830E+01,         2.37598E+01,         6.85361E+00
     1096.,         2.12352E+02,        -8.35715E-01,         3.95147E+01,         4.19441E+00,         1.94528E+01,         1.80856E+01
     1097.,         2.07649E+02,        -9.19733E+00,         3.94242E+01,         9.62992E+00,         1.84664E+01,         1.58564E+01
     1098.,         2.02946E+02,        -1.75589E+01,         3.93337E+01,         1.50628E+01,         1.75589E+01,         1.35251E+01
     1099.,         1.98243E+02,        -2.59206E+01,         3.92432E+01,         2.05109E+01,         1.67203E+01,         1.10696E+01
     1100.,         1.93540E+02,        -3.42822E+01,         3.91527E+01,         2.59897E+01,         1.59691E+01,         8.46758E+00
     1101.,         2.16335E+02,         4.85176E+00,         6.47144E+01,         6.65176E-01,         1.49581E+01,         1.71721E+01
     1102.,         2.11208E+02,        -3.71621E+00,         6.48622E+01,         6.50602E+00,         1.35830E+01,         1.53997E+01
     1103.,         2.06082E+02,        -1.22842E+01,         6.50100E+01,         1.23466E+01,         1.22842E+01,         1.35566E+01
     1104.,         2.00956E+02,        -2.08521E+01,         6.51578E+01,         1.82201E+01,         1.10700E+01,         1.16292E+01
     1105.,         1.95829E+02,        -2.94201E+01,         6.53056E+01,         2.41603E+01,         9.93653E+00,         9.59921E+00
     1106.,         2.19621E+02,         8.86010E+00,         9.00722E+01,        -1.96806E+00,         1.19344E+01,         1.58871E+01
     1107.,         2.14048E+02,         1.45563E-01,         9.04364E+01,         4.26260E+00,         1.02142E+01,         1.45860E+01
     1108.,         2.08474E+02,        -8.56898E+00,         9.08006E+01,         1.04909E+01,         8.56898E+00,         1.32424E+01
     1109.,         2.02901E+02,        -1.72835E+01,         9.11648E+01,         1.67634E+01,         7.01690E+00,         1.18514E+01
     1110.,         1.97327E+02,        -2.59981E+01,         9.15290E+01,         2.31323E+01,         5.54935E+00,         1.04068E+01
     1111.,         2.21903E+02,         1.15175E+01,         1.15529E+02,        -3.75220E+00,         1.00196E+01,         1.44013E+01
     1112.,         2.15960E+02,         2.67778E+00,         1.16078E+02,         2.83115E+00,         8.05175E+00,         1.35725E+01
     1113.,         2.10017E+02,        -6.16192E+00,         1.16626E+02,         9.41223E+00,         6.16192E+00,         1.27255E+01
     1114.,         2.04074E+02,        -1.50016E+01,         1.17175E+02,         1.60510E+01,         4.37250E+00,         1.18661E+01
     1115.,         1.98131E+02,        -2.38413E+01,         1.17724E+02,         2.28158E+01,         2.67171E+00,         1.10010E+01
     1116.,         2.23505E+02,         1.27616E+01,         1.41251E+02,        -4.69675E+00,         9.29485E+00,         1.28302E+01
     1117.,         2.17223E+02,         3.85288E+00,         1.41894E+02,         2.20231E+00,         7.13551E+00,         1.24706E+01
     1118.,         2.10942E+02,        -5.05585E+00,         1.42537E+02,         9.10101E+00,         5.05585E+00,         1.21109E+01
     1119.,         2.04660E+02,        -1.39646E+01,         1.43179E+02,         1.60677E+01,         3.08581E+00,         1.17660E+01
     1120.,         1.98379E+02,        -2.28733E+01,         1.43822E+02,         2.31821E+01,         1.20693E+00,         1.14544E+01
     1121.,         2.24439E+02,         1.26943E+01,         1.67283E+02,        -4.82477E+00,         9.65353E+00,         1.12896E+01
     1122.,         2.17852E+02,         3.79334E+00,         1.67915E+02,         2.34186E+00,         7.33972E+00,         1.13841E+01
     1123.,         2.11265E+02,        -5.10761E+00,         1.68548E+02,         9.50903E+00,         5.10761E+00,         1.14882E+01
     1124.,         2.04679E+02,        -1.40086E+01,         1.69180E+02,         1.67484E+01,         2.98566E+00,         1.16251E+01
     1125.,         1.98092E+02,        -2.29095E+01,         1.69812E+02,         2.41466E+01,         9.55744E-01,         1.18221E+01
     1126.,         2.24829E+02,         1.13457E+01,         1.93487E+02,        -4.14956E+00,         1.10799E+01,         9.88226E+00
     1127.,         2.17917E+02,         2.59436E+00,         1.94064E+02,         3.21642E+00,         8.57812E+00,         1.03989E+01
     1128.,         2.11004E+02,        -6.15695E+00,         1.94640E+02,         1.05760E+01,         6.15695E+00,         1.09281E+01
     1129.,         2.04092E+02,        -1.49082E+01,         1.95217E+02,         1.79983E+01,         3.84267E+00,         1.14988E+01
     1130.,         1.97180E+02,        -2.36595E+01,         1.95793E+02,         2.55672E+01,         1.61895E+00,         1.21452E+01
     1131.,         2.24661E+02,         8.88135E+00,         2.19805E+02,        -2.71827E+00,         1.34250E+01,         8.68836E+00
     1132.,         2.17458E+02,         3.87040E-01,         2.20267E+02,         4.77928E+00,         1.07265E+01,         9.57943E+00
     1133.,         2.10256E+02,        -8.10727E+00,         2.20730E+02,         1.22609E+01,         8.10727E+00,         1.04795E+01
     1134.,         2.03053E+02,        -1.66016E+01,         2.21192E+02,         1.97903E+01,         5.58642E+00,         1.14220E+01
     1135.,         1.95851E+02,        -2.50959E+01,         2.21654E+02,         2.74426E+01,         3.15184E+00,         1.24455E+01
     1136.,         2.23956E+02,         5.46903E+00,         2.46131E+02,        -5.89769E-01,         1.65415E+01,         7.76628E+00
     1137.,         2.16545E+02,        -2.69968E+00,         2.46439E+02,         6.97768E+00,         1.36675E+01,         8.96899E+00
     1138.,         2.09134E+02,        -1.08684E+01,         2.46747E+02,         1.45243E+01,         1.08684E+01,         1.01726E+01
     1139.,         2.01723E+02,        -1.90371E+01,         2.47055E+02,         2.21051E+01,         8.15529E+00,         1.14139E+01
     1140.,         1.94312E+02,        -2.72058E+01,         2.47363E+02,         2.97852E+01,         5.52217E+00,         1.27342E+01
     1141.,         2.22832E+02,         1.23839E+00,         2.72287E+02,         2.16986E+00,         2.03218E+01,         7.14744E+00
     1142.,         2.15285E+02,        -6.53852E+00,         2.72445E+02,         9.74892E+00,         1.72840E+01,         8.58826E+00
     1143.,         2.07739E+02,        -1.43154E+01,         2.72603E+02,         1.73059E+01,         1.43154E+01,         1.00199E+01
     1144.,         2.00193E+02,        -2.20923E+01,         2.72761E+02,         2.48864E+01,         1.14205E+01,         1.14811E+01
     1145.,         1.92646E+02,        -2.98693E+01,         2.72919E+02,         3.25435E+01,         8.59707E+00,         1.30151E+01
     1146.,         2.21195E+02,        -3.51274E+00,         2.98293E+02,         5.45401E+00,         2.44771E+01,         6.83917E+00
     1147.,         2.13631E+02,        -1.08837E+01,         2.98321E+02,         1.29946E+01,         2.13349E+01,         8.43843E+00
     1148.,         2.06067E+02,        -1.82546E+01,         2.98349E+02,         2.05212E+01,         1.82546E+01,         1.00192E+01
     1149.,         1.98504E+02,        -2.56255E+01,         2.98377E+02,         2.80688E+01,         1.52340E+01,         1.16206E+01
     1150.,         1.90940E+02,        -3.29965E+01,         2.98405E+02,         3.56794E+01,         1.22772E+01,         1.32856E+01
     1151.,         2.19101E+02,        -8.57961E+00,         3.24062E+02,         9.15028E+00,         2.88151E+01,         6.82684E+00
     1152.,         2.11643E+02,        -1.55534E+01,         3.23993E+02,         1.66149E+01,         2.56447E+01,         8.50411E+00
     1153.,         2.04185E+02,        -2.25272E+01,         3.23923E+02,         2.40796E+01,         2.25272E+01,         1.01556E+01
     1154.,         1.96727E+02,        -2.95009E+01,         3.23854E+02,         3.15718E+01,         1.94556E+01,         1.18199E+01
     1155.,         1.89270E+02,        -3.64747E+01,         3.23784E+02,         3.91229E+01,         1.64400E+01,         1.35379E+01
     1156.,         2.16645E+02,        -1.38271E+01,         3.49622E+02,         1.31655E+01,         3.32079E+01,         7.07772E+00
     1157.,         2.09403E+02,        -2.04186E+01,         3.49511E+02,         2.05220E+01,         3.00860E+01,         8.75722E+00
     1158.,         2.02161E+02,        -2.70101E+01,         3.49400E+02,         2.78994E+01,         2.70101E+01,         1.04058E+01
     1159.,         1.94919E+02,        -3.36016E+01,         3.49288E+02,         3.53166E+01,         2.39688E+01,         1.20619E+01
     1160.,         1.87677E+02,        -4.01931E+01,         3.49177E+02,         4.27965E+01,         2.09754E+01,         1.37648E+01
     1161.,         2.13965E+02,        -1.91731E+01,         3.74973E+02,         1.74057E+01,         3.75709E+01,         7.54735E+00
     1162.,         2.07038E+02,        -2.54011E+01,         3.74878E+02,         2.46427E+01,         3.45821E+01,         9.15348E+00
     1163.,         2.00111E+02,        -3.16292E+01,         3.74783E+02,         3.19069E+01,         3.16292E+01,         1.07405E+01
     1164.,         1.93184E+02,        -3.78572E+01,         3.74688E+02,         3.92173E+01,         2.87023E+01,         1.23311E+01
     1165.,         1.86257E+02,        -4.40852E+01,         3.74593E+02,         4.66033E+01,         2.58121E+01,         1.39485E+01
     1166.,         2.11121E+02,        -2.44181E+01,         4.00000E+02,         2.19256E+01,         4.17110E+01,         8.14346E+00
     1167.,         2.04615E+02,        -3.03319E+01,         4.00000E+02,         2.89443E+01,         3.89521E+01,         9.64017E+00
     1168.,         1.98109E+02,        -3.62458E+01,         4.00000E+02,         3.59290E+01,         3.62458E+01,         1.11060E+01
     1169.,         1.91603E+02,        -4.21596E+01,         4.00000E+02,         4.29768E+01,         3.35254E+01,         1.25766E+01
     1170.,         1.85097E+02,        -4.80734E+01,         4.00000E+02,         5.01847E+01,         3.08605E+01,         1.40849E+01
     1171.,         2.19076E+02,        -4.71671E+01,        -2.00000E+02,         2.67453E+01,         9.97585E+01,         0.00000E+00
     1172.,         2.07272E+02,        -7.06488E+01,        -2.00000E+02,         3.85558E+01,         9.69763E+01,         0.00000E+00
     1173.,         1.95469E+02,        -9.41305E+01,        -2.00000E+02,         5.03786E+01,         9.41305E+01,         0.00000E+00
     1174.,         1.83665E+02,        -1.17612E+02,        -2.00000E+02,         6.22001E+01,         9.13859E+01,         0.00000E+00
     1175.,         1.71862E+02,        -1.41094E+02,        -2.00000E+02,         7.40087E+01,         8.85808E+01,         0.00000E+00
     1176.,         2.19076E+02,        -4.71671E+01,        -1.75000E+02,         2.67562E+01,         9.97089E+01,         3.43308E-01
     1177.,         2.07294E+02,        -7.06596E+01,        -1.75000E+02,         3.85694E+01,         9.69704E+01,         2.28404E-01
     1178.,         1.95512E+02,        -9.41521E+01,        -1.75000E+02,         5.03977E+01,         9.41521E+01,         9.53897E-03
     1179.,         1.83730E+02,        -1.17645E+02,        -1.75000E+02,         6.22204E+01,         9.13953E+01,        -2.04943E-01
     1180.,         1.71948E+02,        -1.41137E+02,        -1.75000E+02,         7.40298E+01,         8.85659E+01,        -3.18384E-01
     1181.,         2.19076E+02,        -4.71671E+01,        -1.50000E+02,         2.67837E+01,         9.96483E+01,         6.11473E-01
     1182.,         2.07315E+02,        -7.06704E+01,        -1.50000E+02,         3.86069E+01,         9.69414E+01,         6.36431E-01
     1183.,         1.95555E+02,        -9.41737E+01,        -1.50000E+02,         5.04491E+01,         9.41737E+01,        -3.01091E-03
     1184.,         1.83794E+02,        -1.17677E+02,        -1.50000E+02,         6.22677E+01,         9.13644E+01,        -5.88588E-01
     1185.,         1.72034E+02,        -1.41180E+02,        -1.50000E+02,         7.40550E+01,         8.85304E+01,        -5.48683E-01
     1186.,         2.12479E+02,        -5.59613E+01,        -1.33335E+02,         3.14671E+01,         9.76307E+01,         9.29786E-01
     1187.,         2.03148E+02,        -7.46106E+01,        -1.33335E+02,         4.08592E+01,         9.55102E+01,         1.07125E+00
     1188.,         1.93818E+02,        -9.32600E+01,        -1.33335E+02,         5.02711E+01,         9.32600E+01,        -7.58489E-02
     1189.,         1.84487E+02,        -1.11909E+02,        -1.33334E+02,         5.96459E+01,         9.10226E+01,        -9.96440E-01
     1190.,         1.75156E+02,        -1.30559E+02,        -1.33334E+02,         6.89715E+01,         8.88111E+01,        -8.10196E-01
     1191.,         2.05884E+02,        -6.47511E+01,        -1.16667E+02,         3.61633E+01,         9.55937E+01,         1.92699E+00
     1192.,         1.98982E+02,        -7.85486E+01,        -1.16666E+02,         4.31199E+01,         9.39464E+01,         1.81718E+00
     1193.,         1.92080E+02,        -9.23462E+01,        -1.16666E+02,         5.01190E+01,         9.23462E+01,        -3.25013E-01
     1194.,         1.85179E+02,        -1.06144E+02,        -1.16666E+02,         5.70553E+01,         9.07477E+01,        -1.70077E+00
     1195.,         1.78277E+02,        -1.19941E+02,        -1.16665E+02,         6.39246E+01,         8.90401E+01,        -1.56838E+00
     1196.,         1.99288E+02,        -7.35422E+01,        -1.00000E+02,         4.08256E+01,         9.03764E+01,         5.18485E+00
     1197.,         1.94816E+02,        -8.24865E+01,        -1.00000E+02,         4.54190E+01,         9.04948E+01,         2.10299E+00
     1198.,         1.90344E+02,        -9.14308E+01,        -1.00000E+02,         4.99895E+01,         9.14308E+01,        -6.29770E-01
     1199.,         1.85872E+02,        -1.00375E+02,        -1.00000E+02,         5.45168E+01,         8.95335E+01,        -2.71871E+00
     1200.,         1.81400E+02,        -1.09319E+02,        -1.00000E+02,         5.89459E+01,         8.84758E+01,        -3.66639E+00
     1201.,         2.05642E+02,        -6.20238E+01,        -7.78001E+01,         3.45437E+01,         7.77487E+01,         1.21343E+01
     1202.,         2.01426E+02,        -7.04054E+01,        -7.83536E+01,         3.91712E+01,         7.85615E+01,         6.93887E+00
     1203.,         1.97211E+02,        -7.87870E+01,        -7.89071E+01,         4.36962E+01,         7.87870E+01,         2.63088E+00
     1204.,         1.92995E+02,        -8.71686E+01,        -7.94606E+01,         4.81059E+01,         8.04114E+01,        -1.30857E+00
     1205.,         1.88780E+02,        -9.55503E+01,        -8.00141E+01,         5.23863E+01,         8.11903E+01,        -4.77496E+00
     1206.,         2.12120E+02,        -5.07991E+01,        -5.51946E+01,         2.82466E+01,         6.56855E+01,         1.45224E+01
     1207.,         2.07950E+02,        -5.88308E+01,        -5.59748E+01,         3.30046E+01,         6.62127E+01,         1.04610E+01
     1208.,         2.03780E+02,        -6.68624E+01,        -5.67549E+01,         3.76658E+01,         6.68624E+01,         6.25865E+00
     1209.,         1.99610E+02,        -7.48940E+01,        -5.75350E+01,         4.22195E+01,         6.74462E+01,         1.98027E+00
     1210.,         1.95440E+02,        -8.29257E+01,        -5.83151E+01,         4.66371E+01,         6.83679E+01,        -2.67694E+00
     1211.,         2.18458E+02,        -4.02008E+01,        -3.21390E+01,         2.20511E+01,         5.58402E+01,         1.62382E+01
     1212.,         2.14173E+02,        -4.81218E+01,        -3.28695E+01,         2.71070E+01,         5.58854E+01,         1.27358E+01
     1213.,         2.09887E+02,        -5.60428E+01,        -3.35999E+01,         3.20841E+01,         5.60428E+01,         9.07928E+00
     1214.,         2.05602E+02,        -6.39638E+01,        -3.43304E+01,         3.69674E+01,         5.62630E+01,         5.23300E+00
     1215.,         2.01316E+02,        -7.18848E+01,        -3.50608E+01,         4.17397E+01,         5.64942E+01,         1.18876E+00
     1216.,         2.24503E+02,        -3.06156E+01,        -8.50270E+00,         1.61820E+01,         4.74483E+01,         1.72021E+01
     1217.,         2.19959E+02,        -3.86613E+01,        -9.02080E+00,         2.17032E+01,         4.70447E+01,         1.41487E+01
     1218.,         2.15415E+02,        -4.67070E+01,        -9.53890E+00,         2.71749E+01,         4.67070E+01,         1.09697E+01
     1219.,         2.10871E+02,        -5.47528E+01,        -1.00570E+01,         3.25907E+01,         4.64648E+01,         7.62536E+00
     1220.,         2.06327E+02,        -6.27985E+01,        -1.05751E+01,         3.79345E+01,         4.63224E+01,         4.07234E+00
     1221.,         2.30179E+02,        -2.26261E+01,         1.57425E+01,         1.10008E+01,         4.09526E+01,         1.73540E+01
     1222.,         2.25189E+02,        -3.08910E+01,         1.55013E+01,         1.70977E+01,         4.00148E+01,         1.47590E+01
     1223.,         2.20199E+02,        -3.91559E+01,         1.52601E+01,         2.31745E+01,         3.91559E+01,         1.20486E+01
     1224.,         2.15209E+02,        -4.74208E+01,         1.50189E+01,         2.92426E+01,         3.83787E+01,         9.20573E+00
     1225.,         2.10220E+02,        -5.56857E+01,         1.47777E+01,         3.53070E+01,         3.76731E+01,         6.19451E+00
     1226.,         2.35205E+02,        -1.63468E+01,         4.05767E+01,         6.69981E+00,         3.61156E+01,         1.68529E+01
     1227.,         2.29685E+02,        -2.48386E+01,         4.05885E+01,         1.34035E+01,         3.46879E+01,         1.47148E+01
     1228.,         2.24166E+02,        -3.33305E+01,         4.06003E+01,         2.01138E+01,         3.33305E+01,         1.24944E+01
     1229.,         2.18647E+02,        -4.18224E+01,         4.06121E+01,         2.68626E+01,         3.20712E+01,         1.01790E+01
     1230.,         2.13128E+02,        -5.03143E+01,         4.06239E+01,         3.36816E+01,         3.08896E+01,         7.75849E+00
     1231.,         2.39529E+02,        -1.17928E+01,         6.58864E+01,         3.36035E+00,         3.28175E+01,         1.58583E+01
     1232.,         2.33430E+02,        -2.04404E+01,         6.60726E+01,         1.06419E+01,         3.09201E+01,         1.42061E+01
     1233.,         2.27331E+02,        -2.90880E+01,         6.62588E+01,         1.79487E+01,         2.90880E+01,         1.24999E+01
     1234.,         2.21233E+02,        -3.77356E+01,         6.64450E+01,         2.53314E+01,         2.73894E+01,         1.07367E+01
     1235.,         2.15134E+02,        -4.63832E+01,         6.66312E+01,         3.28493E+01,         2.57627E+01,         8.91113E+00
     1236.,         2.43069E+02,        -8.89152E+00,         9.14856E+01,         1.01758E+00,         3.09352E+01,         1.45363E+01
     1237.,         2.36379E+02,        -1.75965E+01,         9.17875E+01,         8.81585E+00,         2.85881E+01,         1.33921E+01
     1238.,         2.29689E+02,        -2.63015E+01,         9.20893E+01,         1.66477E+01,         2.63015E+01,         1.22176E+01
     1239.,         2.22999E+02,        -3.50065E+01,         9.23912E+01,         2.45791E+01,         2.41767E+01,         1.10170E+01
     1240.,         2.16309E+02,        -4.37114E+01,         9.26930E+01,         3.26917E+01,         2.21257E+01,         9.79622E+00
     1241.,         2.45501E+02,        -7.26847E+00,         1.17094E+02,        -3.94257E-01,         3.00570E+01,         1.30732E+01
     1242.,         2.38307E+02,        -1.59757E+01,         1.17508E+02,         7.83404E+00,         2.73411E+01,         1.24317E+01
     1243.,         2.31113E+02,        -2.46829E+01,         1.17921E+02,         1.61002E+01,         2.46829E+01,         1.17813E+01
     1244.,         2.23919E+02,        -3.33901E+01,         1.18334E+02,         2.44813E+01,         2.22103E+01,         1.11343E+01
     1245.,         2.16725E+02,        -4.20973E+01,         1.18747E+02,         3.30755E+01,         1.98108E+01,         1.05062E+01
     1246.,         2.46577E+02,        -6.46446E+00,         1.42662E+02,        -1.00866E+00,         2.97352E+01,         1.16127E+01
     1247.,         2.39071E+02,        -1.52300E+01,         1.43185E+02,         7.57400E+00,         2.68342E+01,         1.14491E+01
     1248.,         2.31565E+02,        -2.39956E+01,         1.43708E+02,         1.62079E+01,         2.39956E+01,         1.12940E+01
     1249.,         2.24059E+02,        -3.27612E+01,         1.44232E+02,         2.49789E+01,         2.13472E+01,         1.11678E+01
     1250.,         2.16552E+02,        -4.15267E+01,         1.44755E+02,         3.39980E+01,         1.87772E+01,         1.10950E+01
     1251.,         2.46939E+02,        -6.89265E+00,         1.68600E+02,        -7.48446E-01,         3.04118E+01,         1.02048E+01
     1252.,         2.39163E+02,        -1.56303E+01,         1.69100E+02,         8.10333E+00,         2.73574E+01,         1.05010E+01
     1253.,         2.31387E+02,        -2.43680E+01,         1.69599E+02,         1.70120E+01,         2.43680E+01,         1.08155E+01
     1254.,         2.23611E+02,        -3.31057E+01,         1.70099E+02,         2.60669E+01,         2.15675E+01,         1.11738E+01
     1255.,         2.15835E+02,        -4.18434E+01,         1.70598E+02,         3.53818E+01,         1.88491E+01,         1.16060E+01
     1256.,         2.46675E+02,        -8.51787E+00,         1.94706E+02,         3.68677E-01,         3.20618E+01,         8.94231E+00
     1257.,         2.38627E+02,        -1.70719E+01,         1.95150E+02,         9.37810E+00,         2.88119E+01,         9.66340E+00
     1258.,         2.30578E+02,        -2.56259E+01,         1.95595E+02,         1.84378E+01,         2.56259E+01,         1.04059E+01
     1259.,         2.22530E+02,        -3.41800E+01,         1.96040E+02,         2.76325E+01,         2.26217E+01,         1.11988E+01
     1260.,         2.14482E+02,        -4.27340E+01,         1.96484E+02,         3.70703E+01,         1.96963E+01,         1.20753E+01
     1261.,         2.45799E+02,        -1.11899E+01,         2.20894E+02,         2.28454E+00,         3.45543E+01,         7.89809E+00
     1262.,         2.37532E+02,        -1.94582E+01,         2.21233E+02,         1.13552E+01,         3.11091E+01,         8.99289E+00
     1263.,         2.29264E+02,        -2.77265E+01,         2.21573E+02,         2.04645E+01,         2.77265E+01,         1.01058E+01
     1264.,         2.20997E+02,        -3.59948E+01,         2.21912E+02,         2.96886E+01,         2.45091E+01,         1.12686E+01
     1265.,         2.12729E+02,        -4.42630E+01,         2.22251E+02,         3.91245E+01,         2.13652E+01,         1.25173E+01
     1266.,         2.44354E+02,        -1.47397E+01,         2.47028E+02,         4.92127E+00,         3.77470E+01,         7.12360E+00
     1267.,         2.35950E+02,        -2.26613E+01,         2.47238E+02,         1.39732E+01,         3.41341E+01,         8.52681E+00
     1268.,         2.27547E+02,        -3.05828E+01,         2.47448E+02,         2.30523E+01,         3.05828E+01,         9.94087E+00
     1269.,         2.19144E+02,        -3.85043E+01,         2.47658E+02,         3.22256E+01,         2.71748E+01,         1.13998E+01
     1270.,         2.10741E+02,        -4.64258E+01,         2.47868E+02,         4.15751E+01,         2.38357E+01,         1.29411E+01
     1271.,         2.42454E+02,        -1.90613E+01,         2.72994E+02,         8.21565E+00,         4.15554E+01,         6.64219E+00
     1272.,         2.33992E+02,        -2.65806E+01,         2.73078E+02,         1.71758E+01,         3.77989E+01,         8.28072E+00
     1273.,         2.25531E+02,        -3.40998E+01,         2.73162E+02,         2.61551E+01,         3.40998E+01,         9.92133E+00
     1274.,         2.17070E+02,        -4.16191E+01,         2.73247E+02,         3.52089E+01,         3.05233E+01,         1.15991E+01
     1275.,         2.08609E+02,        -4.91384E+01,         2.73331E+02,         4.44036E+01,         2.70082E+01,         1.33522E+01
     1276.,         2.40050E+02,        -2.38847E+01,         2.98839E+02,         1.20514E+01,         4.57220E+01,         6.45572E+00
     1277.,         2.31642E+02,        -3.10009E+01,         2.98818E+02,         2.08672E+01,         4.18936E+01,         8.25412E+00
     1278.,         2.23234E+02,        -3.81171E+01,         2.98796E+02,         2.97021E+01,         3.81171E+01,         1.00458E+01
     1279.,         2.14825E+02,        -4.52333E+01,         2.98775E+02,         3.85999E+01,         3.44409E+01,         1.18662E+01
     1280.,         2.06417E+02,        -5.23494E+01,         2.98753E+02,         4.76115E+01,         3.08201E+01,         1.37529E+01
     1281.,         2.37218E+02,        -2.90377E+01,         3.24462E+02,         1.63224E+01,         5.00911E+01,         6.54933E+00
     1282.,         2.28980E+02,        -3.57776E+01,         3.24364E+02,         2.49609E+01,         4.62809E+01,         8.43287E+00
     1283.,         2.20742E+02,        -4.25175E+01,         3.24266E+02,         3.36261E+01,         4.25175E+01,         1.03022E+01
     1284.,         2.12504E+02,        -4.92574E+01,         3.24168E+02,         4.23514E+01,         3.88332E+01,         1.21917E+01
     1285.,         2.04266E+02,        -5.59972E+01,         3.24070E+02,         5.11751E+01,         3.51967E+01,         1.41383E+01
     1286.,         2.34055E+02,        -3.44134E+01,         3.49880E+02,         2.09496E+01,         5.45657E+01,         6.89333E+00
     1287.,         2.26090E+02,        -4.08070E+01,         3.49756E+02,         2.93874E+01,         5.08619E+01,         8.79311E+00
     1288.,         2.18125E+02,        -4.72005E+01,         3.49631E+02,         3.78671E+01,         4.72005E+01,         1.06700E+01
     1289.,         2.10161E+02,        -5.35941E+01,         3.49507E+02,         4.64106E+01,         4.35996E+01,         1.25607E+01
     1290.,         2.02196E+02,        -5.99877E+01,         3.49382E+02,         5.50461E+01,         4.00418E+01,         1.45030E+01
     1291.,         2.30672E+02,        -3.99266E+01,         3.75096E+02,         2.58549E+01,         5.90690E+01,         7.45381E+00
     1292.,         2.23072E+02,        -4.60043E+01,         3.74997E+02,         3.40886E+01,         5.55604E+01,         9.29527E+00
     1293.,         2.15471E+02,        -5.20819E+01,         3.74898E+02,         4.23671E+01,         5.20819E+01,         1.11219E+01
     1294.,         2.07871E+02,        -5.81596E+01,         3.74800E+02,         5.07111E+01,         4.86591E+01,         1.29558E+01
     1295.,         2.00270E+02,        -6.42373E+01,         3.74701E+02,         5.91517E+01,         4.52651E+01,         1.48207E+01
     1296.,         2.27155E+02,        -4.54314E+01,         4.00000E+02,         3.10901E+01,         6.34288E+01,         8.17068E+00
     1297.,         2.20003E+02,        -5.12349E+01,         4.00000E+02,         3.90503E+01,         6.02032E+01,         9.90463E+00
     1298.,         2.12850E+02,        -5.70385E+01,         4.00000E+02,         4.70166E+01,         5.70385E+01,         1.16091E+01
     1299.,         2.05698E+02,        -6.28421E+01,         4.00000E+02,         5.50611E+01,         5.38523E+01,         1.33216E+01
     1300.,         1.98545E+02,        -6.86457E+01,         4.00000E+02,         6.32560E+01,         5.07252E+01,         1.50749E+01
     1301.,         2.43822E+02,        -5.96062E+01,        -2.00000E+02,         2.97179E+01,         1.12197E+02,         0.00000E+00
     1302.,         2.32018E+02,        -8.30879E+01,        -2.00000E+02,         4.15351E+01,         1.09412E+02,         0.00000E+00
     1303.,         2.20215E+02,        -1.06570E+02,        -2.00000E+02,         5.33741E+01,         1.06570E+02,         0.00000E+00
     1304.,         2.08411E+02,        -1.30051E+02,        -2.00000E+02,         6.52106E+01,         1.03821E+02,         0.00000E+00
     1305.,         1.96608E+02,        -1.53533E+02,        -2.00000E+02,         7.70231E+01,         1.01016E+02,         0.00000E+00
     1306.,         2.43822E+02,        -5.96062E+01,        -1.75000E+02,         2.97313E+01,         1.12147E+02,         3.27876E-01
     1307.,         2.32035E+02,        -8.30965E+01,        -1.75000E+02,         4.15516E+01,         1.09403E+02,         2.18601E-01
     1308.,         2.20249E+02,        -1.06587E+02,        -1.75000E+02,         5.33962E+01,         1.06587E+02,         1.77704E-02
     1309.,         2.08463E+02,        -1.30077E+02,        -1.75000E+02,         6.52336E+01,         1.03825E+02,        -1.82393E-01
     1310.,         1.96676E+02,        -1.53568E+02,        -1.75000E+02,         7.70474E+01,         1.00995E+02,        -2.92395E-01
     1311.,         2.43822E+02,        -5.96062E+01,        -1.50000E+02,         2.97708E+01,         1.12083E+02,         5.83130E-01
     1312.,         2.32053E+02,        -8.31052E+01,        -1.50000E+02,         4.15987E+01,         1.09366E+02,         6.10402E-01
     1313.,         2.20283E+02,        -1.06604E+02,        -1.50000E+02,         5.34618E+01,         1.06604E+02,         2.67804E-02
     1314.,         2.08514E+02,        -1.30103E+02,        -1.50000E+02,         6.52961E+01,         1.03787E+02,        -5.24570E-01
     1315.,         1.96745E+02,        -1.53602E+02,        -1.50000E+02,         7.70789E+01,         1.00951E+02,        -5.03977E-01
     1316.,         2.36347E+02,        -6.79389E+01,        -1.33335E+02,         3.43573E+01,         1.09616E+02,         8.90927E-01
     1317.,         2.27010E+02,        -8.65859E+01,        -1.33334E+02,         4.37532E+01,         1.07479E+02,         1.03610E+00
     1318.,         2.17674E+02,        -1.05233E+02,        -1.33334E+02,         5.31912E+01,         1.05233E+02,        -1.27147E-02
     1319.,         2.08337E+02,        -1.23880E+02,        -1.33334E+02,         6.25829E+01,         1.03002E+02,        -8.88867E-01
     1320.,         1.99000E+02,        -1.42527E+02,        -1.33333E+02,         7.18950E+01,         1.00785E+02,        -7.41727E-01
     1321.,         2.28873E+02,        -7.62690E+01,        -1.16668E+02,         3.89598E+01,         1.07125E+02,         1.83957E+00
     1322.,         2.21969E+02,        -9.00649E+01,        -1.16667E+02,         4.59191E+01,         1.05477E+02,         1.76523E+00
     1323.,         2.15064E+02,        -1.03861E+02,        -1.16667E+02,         5.29599E+01,         1.03861E+02,        -1.96190E-01
     1324.,         2.08160E+02,        -1.17657E+02,        -1.16666E+02,         5.99151E+01,         1.02268E+02,        -1.51788E+00
     1325.,         2.01255E+02,        -1.31452E+02,        -1.16665E+02,         6.67640E+01,         1.00564E+02,        -1.44084E+00
     1326.,         2.21400E+02,        -8.45979E+01,        -1.00000E+02,         4.34905E+01,         1.01762E+02,         4.91951E+00
     1327.,         2.16928E+02,        -9.35422E+01,        -1.00000E+02,         4.81401E+01,         1.01730E+02,         2.11716E+00
     1328.,         2.12456E+02,        -1.02486E+02,        -1.00000E+02,         5.27663E+01,         1.02486E+02,        -4.16224E-01
     1329.,         2.07983E+02,        -1.11431E+02,        -1.00000E+02,         5.73281E+01,         1.00609E+02,        -2.41262E+00
     1330.,         2.03511E+02,        -1.20375E+02,        -1.00000E+02,         6.17425E+01,         9.95344E+01,        -3.39878E+00
     1331.,         2.27507E+02,        -7.40339E+01,        -7.73156E+01,         3.73937E+01,         9.02334E+01,         1.13410E+01
     1332.,         2.23141E+02,        -8.23114E+01,        -7.78275E+01,         4.22326E+01,         9.06906E+01,         6.50469E+00
     1333.,         2.18774E+02,        -9.05889E+01,        -7.83394E+01,         4.69124E+01,         9.05889E+01,         2.51539E+00
     1334.,         2.14407E+02,        -9.88664E+01,        -7.88513E+01,         5.14258E+01,         9.18305E+01,        -1.17190E+00
     1335.,         2.10040E+02,        -1.07144E+02,        -7.93631E+01,         5.57441E+01,         9.23043E+01,        -4.52604E+00
     1336.,         2.33714E+02,        -6.38264E+01,        -5.42943E+01,         3.13189E+01,         7.92718E+01,         1.33629E+01
     1337.,         2.29279E+02,        -7.17311E+01,        -5.49913E+01,         3.64440E+01,         7.94014E+01,         9.58635E+00
     1338.,         2.24844E+02,        -7.96358E+01,        -5.56883E+01,         4.14246E+01,         7.96358E+01,         5.70923E+00
     1339.,         2.20409E+02,        -8.75405E+01,        -5.63853E+01,         4.62493E+01,         7.98070E+01,         1.76194E+00
     1340.,         2.15974E+02,        -9.54452E+01,        -5.70824E+01,         5.08799E+01,         8.02803E+01,        -2.58635E+00
     1341.,         2.39812E+02,        -5.43334E+01,        -3.08712E+01,         2.53685E+01,         7.06356E+01,         1.47296E+01
     1342.,         2.35153E+02,        -6.21649E+01,        -3.15073E+01,         3.09926E+01,         7.02708E+01,         1.14921E+01
     1343.,         2.30495E+02,        -6.99964E+01,        -3.21434E+01,         3.64986E+01,         6.99964E+01,         8.12747E+00
     1344.,         2.25837E+02,        -7.78279E+01,        -3.27795E+01,         4.18772E+01,         6.97894E+01,         4.60212E+00
     1345.,         2.21179E+02,        -8.56594E+01,        -3.34156E+01,         4.71115E+01,         6.95832E+01,         9.03344E-01
     1346.,         2.45714E+02,        -4.60635E+01,        -6.98932E+00,         1.98486E+01,         6.36328E+01,         1.54072E+01
     1347.,         2.40673E+02,        -5.40518E+01,        -7.41679E+00,         2.61497E+01,         6.28146E+01,         1.25978E+01
     1348.,         2.35633E+02,        -6.20402E+01,        -7.84426E+00,         3.23804E+01,         6.20402E+01,         9.70066E+00
     1349.,         2.30592E+02,        -7.00285E+01,        -8.27174E+00,         3.85438E+01,         6.13743E+01,         6.68083E+00
     1350.,         2.25552E+02,        -7.80168E+01,        -8.69921E+00,         4.46344E+01,         6.07838E+01,         3.50177E+00
     1351.,         2.51236E+02,        -3.94996E+01,         1.74296E+01,         1.51423E+01,         5.85546E+01,         1.53674E+01
     1352.,         2.45638E+02,        -4.77076E+01,         1.72487E+01,         2.22144E+01,         5.72070E+01,         1.30107E+01
     1353.,         2.40039E+02,        -5.59155E+01,         1.70679E+01,         2.92663E+01,         5.59155E+01,         1.05809E+01
     1354.,         2.34440E+02,        -6.41234E+01,         1.68871E+01,         3.63235E+01,         5.47343E+01,         8.07119E+00
     1355.,         2.28841E+02,        -7.23314E+01,         1.67063E+01,         4.34130E+01,         5.36022E+01,         5.46210E+00
     1356.,         2.56032E+02,        -3.46339E+01,         4.23429E+01,         1.14223E+01,         5.50592E+01,         1.47939E+01
     1357.,         2.49816E+02,        -4.30271E+01,         4.23693E+01,         1.92535E+01,         5.32141E+01,         1.28966E+01
     1358.,         2.43600E+02,        -5.14203E+01,         4.23957E+01,         2.71115E+01,         5.14203E+01,         1.09592E+01
     1359.,         2.37383E+02,        -5.98135E+01,         4.24221E+01,         3.50438E+01,         4.97672E+01,         8.97923E+00
     1360.,         2.31167E+02,        -6.82067E+01,         4.24484E+01,         4.31086E+01,         4.81750E+01,         6.96321E+00
     1361.,         2.60029E+02,        -3.14143E+01,         6.76346E+01,         8.74872E+00,         5.29847E+01,         1.38419E+01
     1362.,         2.53179E+02,        -3.98905E+01,         6.77958E+01,         1.72610E+01,         5.06494E+01,         1.24329E+01
     1363.,         2.46329E+02,        -4.83668E+01,         6.79570E+01,         2.58349E+01,         4.83668E+01,         1.10092E+01
     1364.,         2.39478E+02,        -5.68430E+01,         6.81182E+01,         3.45377E+01,         4.62605E+01,         9.57579E+00
     1365.,         2.32628E+02,        -6.53193E+01,         6.82793E+01,         4.34554E+01,         4.42157E+01,         8.14173E+00
     1366.,         2.63168E+02,        -2.97256E+01,         9.31403E+01,         7.12918E+00,         5.21860E+01,         1.26640E+01
     1367.,         2.55691E+02,        -3.81490E+01,         9.34031E+01,         1.62052E+01,         4.93516E+01,         1.17625E+01
     1368.,         2.48214E+02,        -4.65723E+01,         9.36659E+01,         2.53615E+01,         4.65723E+01,         1.08641E+01
     1369.,         2.40736E+02,        -5.49957E+01,         9.39287E+01,         3.46798E+01,         4.39888E+01,         9.97867E+00
     1370.,         2.33259E+02,        -6.34190E+01,         9.41915E+01,         4.42671E+01,         4.14728E+01,         9.12189E+00
     1371.,         2.65379E+02,        -2.93429E+01,         1.18767E+02,         6.50287E+00,         5.24376E+01,         1.14078E+01
     1372.,         2.57323E+02,        -3.75952E+01,         1.19098E+02,         1.60062E+01,         4.91143E+01,         1.10087E+01
     1373.,         2.49268E+02,        -4.58474E+01,         1.19430E+02,         2.55941E+01,         4.58474E+01,         1.06259E+01
     1374.,         2.41212E+02,        -5.40996E+01,         1.19762E+02,         3.53550E+01,         4.27885E+01,         1.02730E+01
     1375.,         2.33156E+02,        -6.23519E+01,         1.20093E+02,         4.54068E+01,         3.97966E+01,         9.96931E+00
     1376.,         2.65989E+02,        -2.91213E+01,         1.44565E+02,         6.40989E+00,         5.26350E+01,         1.02275E+01
     1377.,         2.57625E+02,        -3.73910E+01,         1.44882E+02,         1.62842E+01,         4.91184E+01,         1.02943E+01
     1378.,         2.49261E+02,        -4.56606E+01,         1.45198E+02,         2.62601E+01,         4.56606E+01,         1.03850E+01
     1379.,         2.40896E+02,        -5.39303E+01,         1.45515E+02,         3.64305E+01,         4.24191E+01,         1.05193E+01
     1380.,         2.32532E+02,        -6.21999E+01,         1.45831E+02,         4.69186E+01,         3.92496E+01,         1.07204E+01
     1381.,         2.65823E+02,        -2.99420E+01,         1.70469E+02,         7.15587E+00,         5.36596E+01,         9.12792E+00
     1382.,         2.57198E+02,        -3.81272E+01,         1.70735E+02,         1.72740E+01,         4.99560E+01,         9.63339E+00
     1383.,         2.48573E+02,        -4.63125E+01,         1.71002E+02,         2.74993E+01,         4.63125E+01,         1.01671E+01
     1384.,         2.39948E+02,        -5.44977E+01,         1.71268E+02,         3.79224E+01,         4.28847E+01,         1.07515E+01
     1385.,         2.31323E+02,        -6.26829E+01,         1.71534E+02,         4.86658E+01,         3.95287E+01,         1.14124E+01
     1386.,         2.64971E+02,        -3.17598E+01,         1.96430E+02,         8.70703E+00,         5.54823E+01,         8.17476E+00
     1387.,         2.56108E+02,        -3.97196E+01,         1.96641E+02,         1.89312E+01,         5.15516E+01,         9.08017E+00
     1388.,         2.47246E+02,        -4.76794E+01,         1.96851E+02,         2.92510E+01,         4.76794E+01,         1.00127E+01
     1389.,         2.38383E+02,        -5.56392E+01,         1.97062E+02,         3.97531E+01,         4.40125E+01,         1.09975E+01
     1390.,         2.29521E+02,        -6.35990E+01,         1.97272E+02,         5.05526E+01,         4.04140E+01,         1.20620E+01
     1391.,         2.63508E+02,        -3.45050E+01,         2.22437E+02,         1.10265E+01,         5.80477E+01,         7.42089E+00
     1392.,         2.54479E+02,        -4.21632E+01,         2.22556E+02,         2.12500E+01,         5.39079E+01,         8.67236E+00
     1393.,         2.45449E+02,        -4.98214E+01,         2.22675E+02,         3.15521E+01,         4.98214E+01,         9.94705E+00
     1394.,         2.36420E+02,        -5.74796E+01,         2.22794E+02,         4.20109E+01,         4.59252E+01,         1.12709E+01
     1395.,         2.27390E+02,        -6.51378E+01,         2.22913E+02,         5.27324E+01,         4.20900E+01,         1.26726E+01
     1396.,         2.61514E+02,        -3.80329E+01,         2.48212E+02,         1.40314E+01,         6.12321E+01,         6.90476E+00
     1397.,         2.52397E+02,        -4.53456E+01,         2.48261E+02,         2.41678E+01,         5.69206E+01,         8.43867E+00
     1398.,         2.43280E+02,        -5.26582E+01,         2.48310E+02,         3.43645E+01,         5.26582E+01,         9.98949E+00
     1399.,         2.34163E+02,        -5.99709E+01,         2.48358E+02,         4.46915E+01,         4.85670E+01,         1.15847E+01
     1400.,         2.25046E+02,        -6.72835E+01,         2.48407E+02,         5.52403E+01,         4.45309E+01,         1.32530E+01
     1401.,         2.58996E+02,        -4.21732E+01,         2.73918E+02,         1.76426E+01,         6.48792E+01,         6.63730E+00
     1402.,         2.49887E+02,        -4.91224E+01,         2.73878E+02,         2.76194E+01,         6.04531E+01,         8.38785E+00
     1403.,         2.40778E+02,        -5.60715E+01,         2.73838E+02,         3.76423E+01,         5.60715E+01,         1.01480E+01
     1404.,         2.31669E+02,        -6.30207E+01,         2.73798E+02,         4.77714E+01,         5.18406E+01,         1.19457E+01
     1405.,         2.22560E+02,        -6.99699E+01,         2.73758E+02,         5.80835E+01,         4.76583E+01,         1.38101E+01
     1406.,         2.56015E+02,        -4.68036E+01,         2.99538E+02,         2.17920E+01,         6.88773E+01,         6.61827E+00
     1407.,         2.47011E+02,        -5.33954E+01,         2.99433E+02,         3.15573E+01,         6.44124E+01,         8.51922E+00
     1408.,         2.38006E+02,        -5.99873E+01,         2.99329E+02,         4.13617E+01,         5.99873E+01,         1.04226E+01
     1409.,         2.29002E+02,        -6.65792E+01,         2.99224E+02,         5.12539E+01,         5.56922E+01,         1.23562E+01
     1410.,         2.19998E+02,        -7.31710E+01,         2.99120E+02,         6.12965E+01,         5.14404E+01,         1.43488E+01
     1411.,         2.52623E+02,        -5.17401E+01,         3.24952E+02,         2.63677E+01,         7.30570E+01,         6.83336E+00
     1412.,         2.43834E+02,        -5.80229E+01,         3.24807E+02,         3.58999E+01,         6.86629E+01,         8.82055E+00
     1413.,         2.35046E+02,        -6.43056E+01,         3.24662E+02,         4.54709E+01,         6.43056E+01,         1.08040E+01
     1414.,         2.26257E+02,        -7.05883E+01,         3.24517E+02,         5.51227E+01,         6.00569E+01,         1.28104E+01
     1415.,         2.17469E+02,        -7.68711E+01,         3.24372E+02,         6.49031E+01,         5.58458E+01,         1.48679E+01
     1416.,         2.48923E+02,        -5.69375E+01,         3.50179E+02,         3.13315E+01,         7.73826E+01,         7.25954E+00
     1417.,         2.40441E+02,        -6.29485E+01,         3.50036E+02,         4.06138E+01,         7.31537E+01,         9.27591E+00
     1418.,         2.31960E+02,        -6.89594E+01,         3.49893E+02,         4.99441E+01,         6.89594E+01,         1.12782E+01
     1419.,         2.23478E+02,        -7.49703E+01,         3.49750E+02,         5.93535E+01,         6.48516E+01,         1.32974E+01
     1420.,         2.14996E+02,        -8.09813E+01,         3.49606E+02,         6.88790E+01,         6.07798E+01,         1.53645E+01
     1421.,         2.45046E+02,        -6.23989E+01,         3.75221E+02,         3.66690E+01,         8.18708E+01,         7.88128E+00
     1422.,         2.36947E+02,        -6.81581E+01,         3.75120E+02,         4.56951E+01,         7.78829E+01,         9.85822E+00
     1423.,         2.28849E+02,        -7.39174E+01,         3.75019E+02,         5.47692E+01,         7.39174E+01,         1.18251E+01
     1424.,         2.20750E+02,        -7.96766E+01,         3.74918E+02,         6.39207E+01,         7.00382E+01,         1.38016E+01
     1425.,         2.12651E+02,        -8.54358E+01,         3.74817E+02,         7.31858E+01,         6.61784E+01,         1.58077E+01
     1426.,         2.41028E+02,        -6.79290E+01,         4.00000E+02,         4.23665E+01,         8.62771E+01,         8.67640E+00
     1427.,         2.33386E+02,        -7.34827E+01,         4.00000E+02,         5.11005E+01,         8.26245E+01,         1.05567E+01
     1428.,         2.25745E+02,        -7.90364E+01,         4.00000E+02,         5.98636E+01,         7.90364E+01,         1.24097E+01
     1429.,         2.18103E+02,        -8.45901E+01,         4.00000E+02,         6.87138E+01,         7.54292E+01,         1.42728E+01
     1430.,         2.10462E+02,        -9.01438E+01,         4.00000E+02,         7.77041E+01,         7.18812E+01,         1.61760E+01
     1431.,         2.68568E+02,        -7.20453E+01,        -2.00000E+02,         3.26743E+01,         1.24636E+02,         0.00000E+00
     1432.,         2.56764E+02,        -9.55270E+01,        -2.00000E+02,         4.44986E+01,         1.21847E+02,         0.00000E+00
     1433.,         2.44961E+02,        -1.19009E+02,        -2.00000E+02,         5.63525E+01,         1.19009E+02,         0.00000E+00
     1434.,         2.33157E+02,        -1.42490E+02,        -2.00000E+02,         6.82031E+01,         1.16252E+02,         0.00000E+00
     1435.,         2.21354E+02,        -1.65972E+02,        -2.00000E+02,         8.00189E+01,         1.13446E+02,         0.00000E+00
     1436.,         2.68568E+02,        -7.20453E+01,        -1.75000E+02,         3.26887E+01,         1.24588E+02,         2.90153E-01
     1437.,         2.56777E+02,        -9.55335E+01,        -1.75000E+02,         4.45161E+01,         1.21836E+02,         1.89815E-01
     1438.,         2.44986E+02,        -1.19022E+02,        -1.75000E+02,         5.63749E+01,         1.19022E+02,         1.40553E-02
     1439.,         2.33196E+02,        -1.42510E+02,        -1.75000E+02,         6.82270E+01,         1.16252E+02,        -1.62140E-01
     1440.,         2.21405E+02,        -1.65998E+02,        -1.75000E+02,         8.00438E+01,         1.13422E+02,        -2.63796E-01
     1441.,         2.68568E+02,        -7.20453E+01,        -1.50000E+02,         3.27395E+01,         1.24523E+02,         5.14845E-01
     1442.,         2.56790E+02,        -9.55400E+01,        -1.50000E+02,         4.45665E+01,         1.21792E+02,         5.35032E-01
     1443.,         2.45012E+02,        -1.19035E+02,        -1.50000E+02,         5.64448E+01,         1.19035E+02,         2.99359E-02
     1444.,         2.33235E+02,        -1.42529E+02,        -1.50000E+02,         6.82969E+01,         1.16207E+02,        -4.58961E-01
     1445.,         2.21457E+02,        -1.66024E+02,        -1.50000E+02,         8.00801E+01,         1.13371E+02,        -4.54643E-01
     1446.,         2.60215E+02,        -7.99165E+01,        -1.33334E+02,         3.72264E+01,         1.21605E+02,         7.94235E-01
     1447.,         2.50872E+02,        -9.85609E+01,        -1.33334E+02,         4.66146E+01,         1.19447E+02,         9.27108E-01
     1448.,         2.41530E+02,        -1.17205E+02,        -1.33334E+02,         5.60731E+01,         1.17205E+02,         2.23372E-02
     1449.,         2.32187E+02,        -1.35850E+02,        -1.33333E+02,         6.54874E+01,         1.14980E+02,        -7.67037E-01
     1450.,         2.22845E+02,        -1.54494E+02,        -1.33333E+02,         7.47949E+01,         1.12759E+02,        -6.60759E-01
     1451.,         2.51863E+02,        -8.77861E+01,        -1.16668E+02,         4.17312E+01,         1.18657E+02,         1.65606E+00
     1452.,         2.44955E+02,        -1.01580E+02,        -1.16667E+02,         4.86762E+01,         1.17010E+02,         1.61001E+00
     1453.,         2.38048E+02,        -1.15375E+02,        -1.16667E+02,         5.57562E+01,         1.15375E+02,        -8.37965E-02
     1454.,         2.31141E+02,        -1.29169E+02,        -1.16666E+02,         6.27401E+01,         1.13785E+02,        -1.29644E+00
     1455.,         2.24233E+02,        -1.42963E+02,        -1.16666E+02,         6.95781E+01,         1.12089E+02,        -1.27777E+00
     1456.,         2.43511E+02,        -9.56537E+01,        -1.00000E+02,         4.61156E+01,         1.13273E+02,         4.42039E+00
     1457.,         2.39039E+02,        -1.04598E+02,        -1.00000E+02,         5.08104E+01,         1.13039E+02,         2.02907E+00
     1458.,         2.34567E+02,        -1.13542E+02,        -1.00000E+02,         5.54964E+01,         1.13542E+02,        -2.02271E-01
     1459.,         2.30095E+02,        -1.22486E+02,        -1.00000E+02,         6.01017E+01,         1.11709E+02,        -2.02900E+00
     1460.,         2.25623E+02,        -1.31431E+02,        -1.00000E+02,         6.45173E+01,         1.10612E+02,        -3.02237E+00
     1461.,         2.48921E+02,        -8.65984E+01,        -7.66425E+01,         4.05296E+01,         1.03228E+02,         9.94525E+00
     1462.,         2.44488E+02,        -9.47087E+01,        -7.71354E+01,         4.55274E+01,         1.03277E+02,         5.70329E+00
     1463.,         2.40055E+02,        -1.02819E+02,        -7.76282E+01,         5.03264E+01,         1.02819E+02,         2.22562E+00
     1464.,         2.35622E+02,        -1.10929E+02,        -7.81211E+01,         5.49222E+01,         1.03606E+02,        -1.02969E+00
     1465.,         2.31190E+02,        -1.19039E+02,        -7.86140E+01,         5.92697E+01,         1.03733E+02,        -4.11218E+00
     1466.,         2.54367E+02,        -7.78964E+01,        -5.30226E+01,         3.50660E+01,         9.36716E+01,         1.14250E+01
     1467.,         2.49825E+02,        -8.55724E+01,        -5.36959E+01,         4.04622E+01,         9.34204E+01,         8.13822E+00
     1468.,         2.45283E+02,        -9.32485E+01,        -5.43692E+01,         4.56902E+01,         9.32485E+01,         4.80798E+00
     1469.,         2.40742E+02,        -1.00925E+02,        -5.50425E+01,         5.07315E+01,         9.30205E+01,         1.42392E+00
     1470.,         2.36200E+02,        -1.08601E+02,        -5.57157E+01,         5.55420E+01,         9.30313E+01,        -2.34249E+00
     1471.,         2.59887E+02,        -7.01488E+01,        -2.91505E+01,         2.99094E+01,         8.66674E+01,         1.23100E+01
     1472.,         2.55042E+02,        -7.77062E+01,        -2.97628E+01,         3.59370E+01,         8.59377E+01,         9.54918E+00
     1473.,         2.50197E+02,        -8.52636E+01,        -3.03751E+01,         4.18315E+01,         8.52636E+01,         6.70697E+00
     1474.,         2.45352E+02,        -9.28210E+01,        -3.09874E+01,         4.75895E+01,         8.46622E+01,         3.76087E+00
     1475.,         2.40507E+02,        -1.00378E+02,        -3.15996E+01,         5.31977E+01,         8.40385E+01,         7.02913E-01
     1476.,         2.65205E+02,        -6.37576E+01,        -4.95408E+00,         2.53682E+01,         8.13776E+01,         1.26578E+01
     1477.,         2.59886E+02,        -7.14068E+01,        -5.37246E+00,         3.21938E+01,         8.02072E+01,         1.03049E+01
     1478.,         2.54566E+02,        -7.90561E+01,        -5.79083E+00,         3.89509E+01,         7.90561E+01,         7.92191E+00
     1479.,         2.49247E+02,        -8.67053E+01,        -6.20921E+00,         4.56501E+01,         7.80106E+01,         5.48453E+00
     1480.,         2.43927E+02,        -9.43546E+01,        -6.62759E+00,         5.23000E+01,         7.70063E+01,         2.97080E+00
     1481.,         2.70005E+02,        -5.90022E+01,         1.96767E+01,         2.17707E+01,         7.78553E+01,         1.24828E+01
     1482.,         2.64084E+02,        -6.67992E+01,         1.94599E+01,         2.94640E+01,         7.62044E+01,         1.05629E+01
     1483.,         2.58164E+02,        -7.45962E+01,         1.92431E+01,         3.71512E+01,         7.45962E+01,         8.63017E+00
     1484.,         2.52244E+02,        -8.23931E+01,         1.90263E+01,         4.48673E+01,         7.30866E+01,         6.68754E+00
     1485.,         2.46324E+02,        -9.01901E+01,         1.88094E+01,         5.26522E+01,         7.16057E+01,         4.73327E+00
     1486.,         2.74032E+02,        -5.58477E+01,         4.46434E+01,         1.92513E+01,         7.57781E+01,         1.19598E+01
     1487.,         2.67478E+02,        -6.37182E+01,         4.45736E+01,         2.77452E+01,         7.36589E+01,         1.04802E+01
     1488.,         2.60925E+02,        -7.15887E+01,         4.45038E+01,         3.62871E+01,         7.15887E+01,         9.01335E+00
     1489.,         2.54371E+02,        -7.94592E+01,         4.44340E+01,         4.49304E+01,         6.96337E+01,         7.56457E+00
     1490.,         2.47817E+02,        -8.73298E+01,         4.43642E+01,         5.37395E+01,         6.77270E+01,         6.15002E+00
     1491.,         2.77176E+02,        -5.40679E+01,         6.98970E+01,         1.77562E+01,         7.48627E+01,         1.12306E+01
     1492.,         2.70012E+02,        -6.19048E+01,         6.99370E+01,         2.69298E+01,         7.22725E+01,         1.02093E+01
     1493.,         2.62848E+02,        -6.97418E+01,         6.99770E+01,         3.61905E+01,         6.97418E+01,         9.21632E+00
     1494.,         2.55684E+02,        -7.75788E+01,         7.00170E+01,         4.56047E+01,         6.73404E+01,         8.26095E+00
     1495.,         2.48519E+02,        -8.54157E+01,         7.00570E+01,         5.52558E+01,         6.49947E+01,         7.35782E+00
     1496.,         2.79469E+02,        -5.35955E+01,         9.52686E+01,         1.72740E+01,         7.50307E+01,         1.04062E+01
     1497.,         2.71729E+02,        -6.12681E+01,         9.54008E+01,         2.69737E+01,         7.19509E+01,         9.84845E+00
     1498.,         2.63989E+02,        -6.89406E+01,         9.55331E+01,         3.67806E+01,         6.89406E+01,         9.32739E+00
     1499.,         2.56248E+02,        -7.66132E+01,         9.56654E+01,         4.67702E+01,         6.60519E+01,         8.85325E+00
     1500.,         2.48508E+02,        -8.42857E+01,         9.57977E+01,         5.70355E+01,         6.32329E+01,         8.44219E+00
     1501.,         2.80782E+02,        -5.39738E+01,         1.20895E+02,         1.75782E+01,         7.58647E+01,         9.60235E+00
     1502.,         2.72551E+02,        -6.14283E+01,         1.21052E+02,         2.76659E+01,         7.23343E+01,         9.49120E+00
     1503.,         2.64321E+02,        -6.88828E+01,         1.21209E+02,         3.78661E+01,         6.88828E+01,         9.41976E+00
     1504.,         2.56090E+02,        -7.63372E+01,         1.21366E+02,         4.82590E+01,         6.55392E+01,         9.39926E+00
     1505.,         2.47859E+02,        -8.37917E+01,         1.21523E+02,         5.89434E+01,         6.22715E+01,         9.44510E+00
     1506.,         2.80890E+02,        -5.44942E+01,         1.46746E+02,         1.82663E+01,         7.67108E+01,         8.89568E+00
     1507.,         2.72352E+02,        -6.18734E+01,         1.46848E+02,         2.86864E+01,         7.29416E+01,         9.19590E+00
     1508.,         2.63814E+02,        -6.92526E+01,         1.46950E+02,         3.92305E+01,         6.92526E+01,         9.53522E+00
     1509.,         2.55275E+02,        -7.66319E+01,         1.47052E+02,         4.99782E+01,         6.56759E+01,         9.92768E+00
     1510.,         2.46737E+02,        -8.40111E+01,         1.47154E+02,         6.10281E+01,         6.21774E+01,         1.03895E+01
     1511.,         2.80217E+02,        -5.57097E+01,         1.72540E+02,         1.95782E+01,         7.81020E+01,         8.27796E+00
     1512.,         2.71412E+02,        -6.29156E+01,         1.72579E+02,         3.01862E+01,         7.40725E+01,         8.96088E+00
     1513.,         2.62607E+02,        -7.01214E+01,         1.72619E+02,         4.09135E+01,         7.01214E+01,         9.67963E+00
     1514.,         2.53801E+02,        -7.73273E+01,         1.72658E+02,         5.18384E+01,         6.62795E+01,         1.04502E+01
     1515.,         2.44996E+02,        -8.45331E+01,         1.72698E+02,         6.30582E+01,         6.25143E+01,         1.12908E+01
     1516.,         2.78914E+02,        -5.77179E+01,         1.98241E+02,         2.15613E+01,         8.01388E+01,         7.78252E+00
     1517.,         2.69895E+02,        -6.46703E+01,         1.98236E+02,         3.22287E+01,         7.58442E+01,         8.80786E+00
     1518.,         2.60876E+02,        -7.16228E+01,         1.98232E+02,         4.30010E+01,         7.16228E+01,         9.86357E+00
     1519.,         2.51857E+02,        -7.85752E+01,         1.98227E+02,         5.39526E+01,         6.75061E+01,         1.09678E+01
     1520.,         2.42838E+02,        -8.55277E+01,         1.98223E+02,         6.51767E+01,         6.34598E+01,         1.21395E+01
     1521.,         2.77070E+02,        -6.05094E+01,         2.23847E+02,         2.42145E+01,         8.28114E+01,         7.44286E+00
     1522.,         2.67907E+02,        -6.71604E+01,         2.23804E+02,         3.48361E+01,         7.82780E+01,         8.75984E+00
     1523.,         2.58744E+02,        -7.38114E+01,         2.23762E+02,         4.55443E+01,         7.38114E+01,         1.01020E+01
     1524.,         2.49581E+02,        -8.04623E+01,         2.23719E+02,         5.64074E+01,         6.94415E+01,         1.14881E+01
     1525.,         2.40418E+02,        -8.71133E+01,         2.23676E+02,         6.75105E+01,         6.51354E+01,         1.29371E+01
     1526.,         2.74677E+02,        -6.38493E+01,         2.49361E+02,         2.74068E+01,         8.59016E+01,         7.27401E+00
     1527.,         2.65452E+02,        -7.01897E+01,         2.49274E+02,         3.79043E+01,         8.11861E+01,         8.82909E+00
     1528.,         2.56228E+02,        -7.65300E+01,         2.49186E+02,         4.84698E+01,         7.65300E+01,         1.04037E+01
     1529.,         2.47003E+02,        -8.28704E+01,         2.49099E+02,         5.91655E+01,         7.19640E+01,         1.20172E+01
     1530.,         2.37778E+02,        -8.92108E+01,         2.49011E+02,         7.00665E+01,         6.74537E+01,         1.36883E+01
     1531.,         2.71790E+02,        -6.76664E+01,         2.74797E+02,         3.11066E+01,         8.93382E+01,         7.28002E+00
     1532.,         2.62590E+02,        -7.37002E+01,         2.74664E+02,         4.14160E+01,         8.45105E+01,         9.01955E+00
     1533.,         2.53391E+02,        -7.97339E+01,         2.74531E+02,         5.17786E+01,         7.97339E+01,         1.07728E+01
     1534.,         2.44192E+02,        -8.57676E+01,         2.74399E+02,         6.22479E+01,         7.50437E+01,         1.25592E+01
     1535.,         2.34993E+02,        -9.18014E+01,         2.74266E+02,         7.28890E+01,         7.04009E+01,         1.43977E+01
     1536.,         2.68477E+02,        -7.19359E+01,         3.00182E+02,         3.53115E+01,         9.30957E+01,         7.46161E+00
     1537.,         2.59393E+02,        -7.76888E+01,         3.00023E+02,         4.53924E+01,         8.82466E+01,         9.33352E+00
     1538.,         2.50310E+02,        -8.34417E+01,         2.99865E+02,         5.55176E+01,         8.34417E+01,         1.12136E+01
     1539.,         2.41226E+02,        -8.91947E+01,         2.99706E+02,         6.57326E+01,         7.87165E+01,         1.31215E+01
     1540.,         2.32142E+02,        -9.49476E+01,         2.99548E+02,         7.60905E+01,         7.40319E+01,         1.50756E+01
     1541.,         2.64803E+02,        -7.65427E+01,         3.25397E+02,         3.99529E+01,         9.70686E+01,         7.80948E+00
     1542.,         2.55930E+02,        -8.20628E+01,         3.25224E+02,         4.97879E+01,         9.23066E+01,         9.76355E+00
     1543.,         2.47058E+02,        -8.75829E+01,         3.25051E+02,         5.96653E+01,         8.75829E+01,         1.17217E+01
     1544.,         2.38186E+02,        -9.31030E+01,         3.24878E+02,         6.96217E+01,         8.29324E+01,         1.37015E+01
     1545.,         2.29313E+02,        -9.86231E+01,         3.24705E+02,         7.97005E+01,         7.83143E+01,         1.57217E+01
     1546.,         2.60813E+02,        -8.13747E+01,         3.50433E+02,         4.49675E+01,         1.01155E+02,         8.30494E+00
     1547.,         2.52243E+02,        -8.67274E+01,         3.50284E+02,         5.45596E+01,         9.66015E+01,         1.02997E+01
     1548.,         2.43672E+02,        -9.20801E+01,         3.50136E+02,         6.42009E+01,         9.20801E+01,         1.22887E+01
     1549.,         2.35101E+02,        -9.74328E+01,         3.49987E+02,         7.39182E+01,         8.76240E+01,         1.42946E+01
     1550.,         2.26530E+02,        -1.02786E+02,         3.49839E+02,         8.37448E+01,         8.32001E+01,         1.63401E+01
     1551.,         2.56628E+02,        -8.65278E+01,         3.75327E+02,         5.04187E+01,         1.05464E+02,         8.95453E+00
     1552.,         2.48428E+02,        -9.17324E+01,         3.75227E+02,         5.97621E+01,         1.01190E+02,         1.09341E+01
     1553.,         2.40229E+02,        -9.69369E+01,         3.75127E+02,         6.91540E+01,         9.69369E+01,         1.29080E+01
     1554.,         2.32030E+02,        -1.02141E+02,         3.75027E+02,         7.86198E+01,         9.27614E+01,         1.48915E+01
     1555.,         2.23830E+02,        -1.07346E+02,         3.74926E+02,         8.81924E+01,         8.85981E+01,         1.69013E+01
     1556.,         2.52288E+02,        -9.18381E+01,         4.00000E+02,         5.62597E+01,         1.09770E+02,         9.77532E+00
     1557.,         2.44524E+02,        -9.69384E+01,         4.00000E+02,         6.53427E+01,         1.05875E+02,         1.16806E+01
     1558.,         2.36761E+02,        -1.02039E+02,         4.00000E+02,         7.44690E+01,         1.02039E+02,         1.35611E+01
     1559.,         2.28997E+02,        -1.07139E+02,         4.00000E+02,         8.36775E+01,         9.81797E+01,         1.54522E+01
     1560.,         2.21234E+02,        -1.12239E+02,         4.00000E+02,         9.30016E+01,         9.43725E+01,         1.73815E+01
     1561.,         2.93314E+02,        -8.44844E+01,        -2.00000E+02,         3.56194E+01,         1.37076E+02,         0.00000E+00
     1562.,         2.81510E+02,        -1.07966E+02,        -2.00000E+02,         4.74534E+01,         1.34284E+02,         0.00000E+00
     1563.,         2.69707E+02,        -1.31448E+02,        -2.00000E+02,         5.93186E+01,         1.31448E+02,         0.00000E+00
     1564.,         2.57903E+02,        -1.54929E+02,        -2.00000E+02,         7.11806E+01,         1.28680E+02,         0.00000E+00
     1565.,         2.46100E+02,        -1.78411E+02,        -2.00000E+02,         8.30030E+01,         1.25872E+02,         0.00000E+00
     1566.,         2.93314E+02,        -8.44844E+01,        -1.75000E+02,         3.56335E+01,         1.37034E+02,         2.28487E-01
     1567.,         2.81519E+02,        -1.07970E+02,        -1.75000E+02,         4.74697E+01,         1.34273E+02,         1.38702E-01
     1568.,         2.69724E+02,        -1.31456E+02,        -1.75000E+02,         5.93394E+01,         1.31456E+02,        -6.46548E-03
     1569.,         2.57929E+02,        -1.54942E+02,        -1.75000E+02,         7.12041E+01,         1.28674E+02,        -1.48788E-01
     1570.,         2.46134E+02,        -1.78428E+02,        -1.75000E+02,         8.30279E+01,         1.25843E+02,        -2.37764E-01
     1571.,         2.93314E+02,        -8.44844E+01,        -1.50000E+02,         3.56929E+01,         1.36969E+02,         4.05461E-01
     1572.,         2.81527E+02,        -1.07975E+02,        -1.50000E+02,         4.75194E+01,         1.34223E+02,         4.02648E-01
     1573.,         2.69741E+02,        -1.31465E+02,        -1.50000E+02,         5.94060E+01,         1.31465E+02,        -1.33040E-02
     1574.,         2.57955E+02,        -1.54955E+02,        -1.50000E+02,         7.12750E+01,         1.28623E+02,        -4.11539E-01
     1575.,         2.46168E+02,        -1.78446E+02,        -1.50000E+02,         8.30664E+01,         1.25786E+02,        -4.10536E-01
     1576.,         2.84083E+02,        -9.18941E+01,        -1.33334E+02,         4.00794E+01,         1.33592E+02,         6.35133E-01
     1577.,         2.74735E+02,        -1.10536E+02,        -1.33334E+02,         4.94544E+01,         1.31419E+02,         7.23470E-01
     1578.,         2.65386E+02,        -1.29177E+02,        -1.33333E+02,         5.89204E+01,         1.29177E+02,        -1.21767E-02
     1579.,         2.56038E+02,        -1.47819E+02,        -1.33333E+02,         6.83544E+01,         1.26953E+02,        -6.70654E-01
     1580.,         2.46690E+02,        -1.66460E+02,        -1.33332E+02,         7.76692E+01,         1.24727E+02,        -5.92110E-01
     1581.,         2.74852E+02,        -9.93026E+01,        -1.16668E+02,         4.44765E+01,         1.30187E+02,         1.33594E+00
     1582.,         2.67942E+02,        -1.13095E+02,        -1.16667E+02,         5.13965E+01,         1.28543E+02,         1.29048E+00
     1583.,         2.61032E+02,        -1.26888E+02,        -1.16667E+02,         5.84994E+01,         1.26888E+02,        -5.54828E-02
     1584.,         2.54122E+02,        -1.40681E+02,        -1.16666E+02,         6.55136E+01,         1.25296E+02,        -1.08544E+00
     1585.,         2.47212E+02,        -1.54474E+02,        -1.16666E+02,         7.23577E+01,         1.23611E+02,        -1.10572E+00
     1586.,         2.65623E+02,        -1.06709E+02,        -1.00000E+02,         4.87044E+01,         1.24881E+02,         3.61618E+00
     1587.,         2.61151E+02,        -1.15654E+02,        -1.00000E+02,         5.34179E+01,         1.24416E+02,         1.74430E+00
     1588.,         2.56678E+02,        -1.24598E+02,        -1.00000E+02,         5.81642E+01,         1.24598E+02,        -7.71066E-02
     1589.,         2.52206E+02,        -1.33542E+02,        -1.00000E+02,         6.28275E+01,         1.22840E+02,        -1.63145E+00
     1590.,         2.47734E+02,        -1.42487E+02,        -1.00000E+02,         6.72571E+01,         1.21733E+02,        -2.57156E+00
     1591.,         2.69798E+02,        -9.97806E+01,        -7.57902E+01,         4.40494E+01,         1.16638E+02,         7.86661E+00
     1592.,         2.65401E+02,        -1.07629E+02,        -7.62942E+01,         4.91096E+01,         1.16279E+02,         4.46369E+00
     1593.,         2.61003E+02,        -1.15478E+02,        -7.67982E+01,         5.39434E+01,         1.15478E+02,         1.68827E+00
     1594.,         2.56606E+02,        -1.23327E+02,        -7.73023E+01,         5.85660E+01,         1.15773E+02,        -9.44258E-01
     1595.,         2.52208E+02,        -1.31176E+02,        -7.78063E+01,         6.29127E+01,         1.15548E+02,        -3.55621E+00
     1596.,         2.74053E+02,        -9.33052E+01,        -5.15518E+01,         3.97866E+01,         1.08928E+02,         8.64248E+00
     1597.,         2.69557E+02,        -1.00532E+02,        -5.22326E+01,         4.52473E+01,         1.08322E+02,         6.06227E+00
     1598.,         2.65061E+02,        -1.07759E+02,        -5.29134E+01,         5.05272E+01,         1.07759E+02,         3.51086E+00
     1599.,         2.60565E+02,        -1.14987E+02,        -5.35942E+01,         5.56251E+01,         1.07128E+02,         9.31197E-01
     1600.,         2.56069E+02,        -1.22214E+02,        -5.42750E+01,         6.05100E+01,         1.06674E+02,        -1.96201E+00
     1601.,         2.78405E+02,        -8.78531E+01,        -2.72286E+01,         3.61025E+01,         1.03802E+02,         8.99471E+00
     1602.,         2.73611E+02,        -9.48212E+01,        -2.78571E+01,         4.22015E+01,         1.02782E+02,         6.92163E+00
     1603.,         2.68818E+02,        -1.01789E+02,        -2.84855E+01,         4.81658E+01,         1.01789E+02,         4.82984E+00
     1604.,         2.64024E+02,        -1.08757E+02,        -2.91139E+01,         5.40170E+01,         1.00833E+02,         2.70747E+00
     1605.,         2.59231E+02,        -1.15725E+02,        -2.97423E+01,         5.97686E+01,         9.98605E+01,         5.57720E-01
     1606.,         2.82504E+02,        -8.36932E+01,        -2.66453E+00,         3.32427E+01,         1.00307E+02,         9.07254E+00
     1607.,         2.77252E+02,        -9.06267E+01,        -3.15314E+00,         4.01307E+01,         9.89248E+01,         7.37237E+00
     1608.,         2.72000E+02,        -9.75601E+01,        -3.64175E+00,         4.69593E+01,         9.75601E+01,         5.70784E+00
     1609.,         2.66748E+02,        -1.04494E+02,        -4.13036E+00,         5.37555E+01,         9.62382E+01,         4.05959E+00
     1610.,         2.61496E+02,        -1.11427E+02,        -4.61897E+00,         6.05562E+01,         9.49579E+01,         2.41808E+00
     1611.,         2.85991E+02,        -8.09090E+01,         2.21730E+01,         3.13870E+01,         9.83115E+01,         8.91224E+00
     1612.,         2.80185E+02,        -8.78554E+01,         2.18369E+01,         3.91029E+01,         9.65337E+01,         7.59902E+00
     1613.,         2.74378E+02,        -9.48018E+01,         2.15009E+01,         4.68196E+01,         9.48018E+01,         6.33050E+00
     1614.,         2.68572E+02,        -1.01748E+02,         2.11649E+01,         5.45782E+01,         9.30918E+01,         5.10976E+00
     1615.,         2.62766E+02,        -1.08695E+02,         2.08288E+01,         6.24428E+01,         9.14244E+01,         3.94183E+00
     1616.,         2.88728E+02,        -7.94349E+01,         4.71759E+01,         3.05696E+01,         9.75112E+01,         8.64199E+00
     1617.,         2.82386E+02,        -8.63463E+01,         4.69633E+01,         3.90211E+01,         9.53557E+01,         7.70492E+00
     1618.,         2.76043E+02,        -9.32578E+01,         4.67507E+01,         4.75205E+01,         9.32578E+01,         6.82631E+00
     1619.,         2.69700E+02,        -1.00169E+02,         4.65380E+01,         5.61171E+01,         9.11863E+01,         6.00784E+00
     1620.,         2.63357E+02,        -1.07081E+02,         4.63254E+01,         6.48872E+01,         8.91771E+01,         5.26048E+00
     1621.,         2.90653E+02,        -7.90016E+01,         7.23212E+01,         3.06355E+01,         9.76115E+01,         8.34471E+00
     1622.,         2.83801E+02,        -8.57819E+01,         7.22177E+01,         3.96801E+01,         9.50514E+01,         7.79047E+00
     1623.,         2.76948E+02,        -9.25623E+01,         7.21141E+01,         4.88018E+01,         9.25623E+01,         7.29652E+00
     1624.,         2.70095E+02,        -9.93426E+01,         7.20105E+01,         5.80558E+01,         9.00951E+01,         6.86638E+00
     1625.,         2.63243E+02,        -1.06123E+02,         7.19069E+01,         6.75241E+01,         8.77002E+01,         6.50802E+00
     1626.,         2.91798E+02,        -7.94636E+01,         9.75683E+01,         3.14731E+01,         9.84730E+01,         8.08255E+00
     1627.,         2.84478E+02,        -8.60163E+01,         9.75284E+01,         4.09506E+01,         9.54814E+01,         7.90362E+00
     1628.,         2.77157E+02,        -9.25690E+01,         9.74884E+01,         5.05153E+01,         9.25690E+01,         7.78119E+00
     1629.,         2.69837E+02,        -9.91217E+01,         9.74485E+01,         6.02270E+01,         8.96647E+01,         7.71891E+00
     1630.,         2.62516E+02,        -1.05674E+02,         9.74086E+01,         7.01726E+01,         8.68410E+01,         7.72512E+00
     1631.,         2.92039E+02,        -8.02323E+01,         1.23304E+02,         3.26947E+01,         9.95688E+01,         7.92147E+00
     1632.,         2.84347E+02,        -8.65899E+01,         1.23199E+02,         4.25078E+01,         9.62178E+01,         8.09041E+00
     1633.,         2.76655E+02,        -9.29475E+01,         1.23094E+02,         5.24100E+01,         9.29475E+01,         8.31086E+00
     1634.,         2.68963E+02,        -9.93051E+01,         1.22989E+02,         6.24647E+01,         8.96835E+01,         8.58600E+00
     1635.,         2.61271E+02,        -1.05663E+02,         1.22884E+02,         7.27601E+01,         8.65017E+01,         8.92268E+00
     1636.,         2.91503E+02,        -8.13321E+01,         1.48945E+02,         3.42324E+01,         1.00913E+02,         7.83481E+00
     1637.,         2.83528E+02,        -8.75294E+01,         1.48796E+02,         4.43000E+01,         9.72808E+01,         8.32818E+00
     1638.,         2.75553E+02,        -9.37268E+01,         1.48647E+02,         5.44558E+01,         9.37268E+01,         8.86697E+00
     1639.,         2.67578E+02,        -9.99241E+01,         1.48498E+02,         6.47644E+01,         9.01834E+01,         9.45569E+00
     1640.,         2.59603E+02,        -1.06121E+02,         1.48349E+02,         7.53138E+01,         8.67192E+01,         1.01018E+01
     1641.,         2.90392E+02,        -8.30784E+01,         1.74444E+02,         3.62766E+01,         1.02808E+02,         7.81447E+00
     1642.,         2.82158E+02,        -8.90149E+01,         1.74267E+02,         4.64486E+01,         9.88405E+01,         8.60785E+00
     1643.,         2.73925E+02,        -9.49514E+01,         1.74090E+02,         5.66978E+01,         9.49514E+01,         9.43865E+00
     1644.,         2.65691E+02,        -1.00888E+02,         1.73913E+02,         6.70895E+01,         9.10622E+01,         1.03136E+01
     1645.,         2.57457E+02,        -1.06824E+02,         1.73737E+02,         7.77093E+01,         8.72504E+01,         1.12416E+01
     1646.,         2.88725E+02,        -8.53187E+01,         1.99856E+02,         3.87319E+01,         1.05113E+02,         7.88009E+00
     1647.,         2.80292E+02,        -9.09789E+01,         1.99672E+02,         4.89135E+01,         1.00839E+02,         8.93509E+00
     1648.,         2.71860E+02,        -9.66392E+01,         1.99488E+02,         5.91585E+01,         9.66392E+01,         1.00211E+01
     1649.,         2.63428E+02,        -1.02299E+02,         1.99304E+02,         6.95296E+01,         9.24359E+01,         1.11458E+01
     1650.,         2.54996E+02,        -1.07960E+02,         1.99120E+02,         8.01118E+01,         8.83060E+01,         1.23183E+01
     1651.,         2.86554E+02,        -8.80305E+01,         2.25209E+02,         4.15971E+01,         1.07792E+02,         8.03135E+00
     1652.,         2.77995E+02,        -9.34223E+01,         2.25015E+02,         5.17134E+01,         1.03271E+02,         9.30785E+00
     1653.,         2.69436E+02,        -9.88141E+01,         2.24822E+02,         6.18795E+01,         9.88141E+01,         1.06103E+01
     1654.,         2.60876E+02,        -1.04206E+02,         2.24628E+02,         7.21558E+01,         9.43566E+01,         1.19469E+01
     1655.,         2.52317E+02,        -1.09598E+02,         2.24434E+02,         8.26195E+01,         8.99653E+01,         1.33261E+01
     1656.,         2.83921E+02,        -9.11728E+01,         2.50493E+02,         4.48656E+01,         1.10800E+02,         8.26726E+00
     1657.,         2.75300E+02,        -9.62976E+01,         2.50287E+02,         5.48495E+01,         1.06082E+02,         9.72620E+00
     1658.,         2.66679E+02,        -1.01422E+02,         2.50081E+02,         6.48697E+01,         1.01422E+02,         1.12061E+01
     1659.,         2.58057E+02,        -1.06547E+02,         2.49875E+02,         7.49827E+01,         9.67602E+01,         1.27156E+01
     1660.,         2.49436E+02,        -1.11672E+02,         2.49669E+02,         8.52584E+01,         9.21588E+01,         1.42634E+01
     1661.,         2.80855E+02,        -9.46385E+01,         2.75676E+02,         4.84876E+01,         1.14034E+02,         8.58441E+00
     1662.,         2.72243E+02,        -9.95255E+01,         2.75462E+02,         5.82992E+01,         1.09196E+02,         1.01876E+01
     1663.,         2.63632E+02,        -1.04412E+02,         2.75249E+02,         6.81356E+01,         1.04412E+02,         1.18071E+01
     1664.,         2.55021E+02,        -1.09299E+02,         2.75036E+02,         7.80484E+01,         9.96267E+01,         1.34519E+01
     1665.,         2.46410E+02,        -1.14186E+02,         2.74822E+02,         8.81015E+01,         9.48951E+01,         1.51312E+01
     1666.,         2.77411E+02,        -9.84951E+01,         3.00820E+02,         5.25466E+01,         1.17542E+02,         8.98764E+00
     1667.,         2.68892E+02,        -1.03188E+02,         3.00612E+02,         6.21600E+01,         1.12688E+02,         1.06988E+01
     1668.,         2.60372E+02,        -1.07880E+02,         3.00404E+02,         7.17934E+01,         1.07880E+02,         1.24226E+01
     1669.,         2.51852E+02,        -1.12573E+02,         3.00196E+02,         8.14920E+01,         1.03073E+02,         1.41680E+01
     1670.,         2.43332E+02,        -1.17265E+02,         2.99988E+02,         9.13097E+01,         9.83142E+01,         1.59439E+01
     1671.,         2.73643E+02,        -1.02671E+02,         3.25815E+02,         5.70145E+01,         1.21260E+02,         9.47268E+00
     1672.,         2.65295E+02,        -1.07221E+02,         3.25620E+02,         6.64223E+01,         1.16494E+02,         1.12581E+01
     1673.,         2.56948E+02,        -1.11772E+02,         3.25425E+02,         7.58498E+01,         1.11772E+02,         1.30535E+01
     1674.,         2.48601E+02,        -1.16322E+02,         3.25230E+02,         8.53336E+01,         1.07052E+02,         1.48666E+01
     1675.,         2.40253E+02,        -1.20873E+02,         3.25035E+02,         9.49239E+01,         1.02374E+02,         1.67064E+01
     1676.,         2.69582E+02,        -1.07112E+02,         3.50686E+02,         6.18832E+01,         1.25135E+02,         1.00345E+01
     1677.,         2.61486E+02,        -1.11587E+02,         3.50530E+02,         7.10955E+01,         1.20579E+02,         1.18683E+01
     1678.,         2.53391E+02,        -1.16063E+02,         3.50373E+02,         8.03336E+01,         1.16063E+02,         1.37041E+01
     1679.,         2.45296E+02,        -1.20538E+02,         3.50216E+02,         8.96261E+01,         1.11550E+02,         1.55539E+01
     1680.,         2.37200E+02,        -1.25013E+02,         3.50059E+02,         9.90133E+01,         1.07077E+02,         1.74307E+01
     1681.,         2.65299E+02,        -1.11864E+02,         3.75424E+02,         6.72032E+01,         1.29229E+02,         1.06918E+01
     1682.,         2.57524E+02,        -1.16307E+02,         3.75326E+02,         7.62259E+01,         1.24977E+02,         1.25360E+01
     1683.,         2.49750E+02,        -1.20750E+02,         3.75227E+02,         8.52783E+01,         1.20750E+02,         1.43782E+01
     1684.,         2.41975E+02,        -1.25194E+02,         3.75129E+02,         9.43889E+01,         1.16550E+02,         1.62293E+01
     1685.,         2.34201E+02,        -1.29637E+02,         3.75030E+02,         1.03589E+02,         1.12372E+02,         1.81009E+01
     1686.,         2.60835E+02,        -1.16849E+02,         4.00000E+02,         7.29403E+01,         1.33405E+02,         1.14941E+01
     1687.,         2.53440E+02,        -1.21308E+02,         4.00000E+02,         8.17822E+01,         1.29559E+02,         1.32938E+01
     1688.,         2.46046E+02,        -1.25767E+02,         4.00000E+02,         9.06594E+01,         1.25767E+02,         1.50799E+01
     1689.,         2.38651E+02,        -1.30226E+02,         4.00000E+02,         9.96012E+01,         1.21922E+02,         1.68747E+01
     1690.,         2.31257E+02,        -1.34685E+02,         4.00000E+02,         1.08637E+02,         1.18133E+02,         1.86950E+01
     1691.,         3.18060E+02,        -9.69235E+01,        -2.00000E+02,         3.85569E+01,         1.49532E+02,         0.00000E+00
     1692.,         3.06256E+02,        -1.20405E+02,        -2.00000E+02,         5.04089E+01,         1.46727E+02,         0.00000E+00
     1693.,         2.94453E+02,        -1.43887E+02,        -2.00000E+02,         6.22778E+01,         1.43887E+02,         0.00000E+00
     1694.,         2.82649E+02,        -1.67369E+02,        -2.00000E+02,         7.41435E+01,         1.41113E+02,         0.00000E+00
     1695.,         2.70846E+02,        -1.90850E+02,        -2.00000E+02,         8.59848E+01,         1.38308E+02,         0.00000E+00
     1696.,         3.18060E+02,        -9.69235E+01,        -1.75000E+02,         3.85703E+01,         1.49496E+02,         1.52583E-01
     1697.,         3.06261E+02,        -1.20407E+02,        -1.75000E+02,         5.04233E+01,         1.46714E+02,         7.31371E-02
     1698.,         2.94461E+02,        -1.43891E+02,        -1.75000E+02,         6.22989E+01,         1.43891E+02,        -3.67242E-02
     1699.,         2.82662E+02,        -1.67375E+02,        -1.75000E+02,         7.41698E+01,         1.41100E+02,        -1.38887E-01
     1700.,         2.70863E+02,        -1.90859E+02,        -1.75000E+02,         8.60113E+01,         1.38275E+02,        -2.14004E-01
     1701.,         3.18060E+02,        -9.69235E+01,        -1.50000E+02,         3.86312E+01,         1.49429E+02,         2.69308E-01
     1702.,         3.06265E+02,        -1.20410E+02,        -1.50000E+02,         5.04697E+01,         1.46658E+02,         2.28641E-01
     1703.,         2.94470E+02,        -1.43896E+02,        -1.50000E+02,         6.23631E+01,         1.43896E+02,        -8.59043E-02
     1704.,         2.82675E+02,        -1.67382E+02,        -1.50000E+02,         7.42436E+01,         1.41038E+02,        -3.69148E-01
     1705.,         2.70880E+02,        -1.90868E+02,        -1.50000E+02,         8.60532E+01,         1.38212E+02,        -3.68568E-01
     1706.,         3.07951E+02,        -1.03871E+02,        -1.33334E+02,         4.29185E+01,         1.45590E+02,         4.29442E-01
     1707.,         2.98597E+02,        -1.22510E+02,        -1.33334E+02,         5.22901E+01,         1.43392E+02,         4.48245E-01
     1708.,         2.89243E+02,        -1.41149E+02,        -1.33333E+02,         6.17582E+01,         1.41149E+02,        -1.13484E-01
     1709.,         2.79889E+02,        -1.59788E+02,        -1.33333E+02,         7.12046E+01,         1.38921E+02,        -6.05545E-01
     1710.,         2.70535E+02,        -1.78427E+02,        -1.33333E+02,         8.05328E+01,         1.36702E+02,        -5.28853E-01
     1711.,         2.97842E+02,        -1.10819E+02,        -1.16667E+02,         4.72088E+01,         1.41708E+02,         9.49139E-01
     1712.,         2.90929E+02,        -1.24610E+02,        -1.16667E+02,         5.41136E+01,         1.40074E+02,         8.42851E-01
     1713.,         2.84016E+02,        -1.38402E+02,        -1.16667E+02,         6.12101E+01,         1.38402E+02,        -1.56645E-01
     1714.,         2.77103E+02,        -1.52193E+02,        -1.16666E+02,         6.82405E+01,         1.36801E+02,        -9.64624E-01
     1715.,         2.70190E+02,        -1.65985E+02,        -1.16666E+02,         7.50996E+01,         1.35133E+02,        -9.85772E-01
     1716.,         2.87734E+02,        -1.17765E+02,        -1.00000E+02,         5.12954E+01,         1.36536E+02,         2.48139E+00
     1717.,         2.83262E+02,        -1.26709E+02,        -1.00000E+02,         5.60067E+01,         1.35836E+02,         1.19050E+00
     1718.,         2.78790E+02,        -1.35654E+02,        -1.00000E+02,         6.07600E+01,         1.35654E+02,        -1.48730E-01
     1719.,         2.74318E+02,        -1.44598E+02,        -1.00000E+02,         6.54424E+01,         1.34022E+02,        -1.33722E+00
     1720.,         2.69846E+02,        -1.53542E+02,        -1.00000E+02,         6.99263E+01,         1.32894E+02,        -2.11458E+00
     1721.,         2.90116E+02,        -1.13678E+02,        -7.51030E+01,         4.81378E+01,         1.30475E+02,         5.03717E+00
     1722.,         2.85856E+02,        -1.21134E+02,        -7.55865E+01,         5.30345E+01,         1.29711E+02,         2.73466E+00
     1723.,         2.81596E+02,        -1.28589E+02,        -7.60699E+01,         5.77610E+01,         1.28589E+02,         8.51972E-01
     1724.,         2.77336E+02,        -1.36044E+02,        -7.65533E+01,         6.23153E+01,         1.28412E+02,        -9.61914E-01
     1725.,         2.73077E+02,        -1.43499E+02,        -7.70368E+01,         6.66204E+01,         1.27827E+02,        -2.85100E+00
     1726.,         2.92673E+02,        -1.10122E+02,        -5.03762E+01,         4.56950E+01,         1.25009E+02,         5.08797E+00
     1727.,         2.88415E+02,        -1.16632E+02,        -5.10070E+01,         5.08813E+01,         1.24069E+02,         3.43110E+00
     1728.,         2.84157E+02,        -1.23142E+02,        -5.16378E+01,         5.59395E+01,         1.23142E+02,         1.83934E+00
     1729.,         2.79900E+02,        -1.29652E+02,        -5.22685E+01,         6.08612E+01,         1.22229E+02,         2.38014E-01
     1730.,         2.75642E+02,        -1.36162E+02,        -5.28993E+01,         6.56258E+01,         1.21377E+02,        -1.54770E+00
     1731.,         2.95195E+02,        -1.07355E+02,        -2.55856E+01,         4.41740E+01,         1.21825E+02,         4.95426E+00
     1732.,         2.90760E+02,        -1.13374E+02,        -2.61991E+01,         4.98708E+01,         1.20621E+02,         3.75809E+00
     1733.,         2.86325E+02,        -1.19393E+02,        -2.68126E+01,         5.54692E+01,         1.19393E+02,         2.57253E+00
     1734.,         2.81890E+02,        -1.25412E+02,        -2.74261E+01,         6.09965E+01,         1.18281E+02,         1.40039E+00
     1735.,         2.77454E+02,        -1.31431E+02,        -2.80396E+01,         6.64748E+01,         1.17104E+02,         2.71651E-01
     1736.,         2.97419E+02,        -1.05551E+02,        -6.81614E-01,         4.36425E+01,         1.20039E+02,         4.92616E+00
     1737.,         2.92671E+02,        -1.11361E+02,        -1.21037E+00,         4.99801E+01,         1.18617E+02,         4.02337E+00
     1738.,         2.87923E+02,        -1.17170E+02,        -1.73914E+00,         5.62639E+01,         1.17170E+02,         3.18259E+00
     1739.,         2.83175E+02,        -1.22980E+02,        -2.26790E+00,         6.25345E+01,         1.15826E+02,         2.38530E+00
     1740.,         2.78427E+02,        -1.28790E+02,        -2.79666E+00,         6.88353E+01,         1.14462E+02,         1.63407E+00
     1741.,         2.99090E+02,        -1.04661E+02,         2.43372E+01,         4.40336E+01,         1.19398E+02,         5.00445E+00
     1742.,         2.93960E+02,        -1.10366E+02,         2.39075E+01,         5.10392E+01,         1.17738E+02,         4.38356E+00
     1743.,         2.88830E+02,        -1.16070E+02,         2.34779E+01,         5.80242E+01,         1.16070E+02,         3.82223E+00
     1744.,         2.83700E+02,        -1.21775E+02,         2.30483E+01,         6.50404E+01,         1.14487E+02,         3.31820E+00
     1745.,         2.78569E+02,        -1.27480E+02,         2.26187E+01,         7.21403E+01,         1.12886E+02,         2.88073E+00
     1746.,         3.00162E+02,        -1.04609E+02,         4.93579E+01,         4.52292E+01,         1.19596E+02,         5.21312E+00
     1747.,         2.94668E+02,        -1.10202E+02,         4.90309E+01,         5.28062E+01,         1.17698E+02,         4.85001E+00
     1748.,         2.89173E+02,        -1.15795E+02,         4.87039E+01,         6.03881E+01,         1.15795E+02,         4.54887E+00
     1749.,         2.83678E+02,        -1.21388E+02,         4.83768E+01,         6.80283E+01,         1.13977E+02,         4.30516E+00
     1750.,         2.78183E+02,        -1.26981E+02,         4.80498E+01,         7.57813E+01,         1.12155E+02,         4.12547E+00
     1751.,         3.00595E+02,        -1.05082E+02,         7.44869E+01,         4.69345E+01,         1.20311E+02,         5.55409E+00
     1752.,         2.94752E+02,        -1.10528E+02,         7.42282E+01,         5.49681E+01,         1.18141E+02,         5.44981E+00
     1753.,         2.88909E+02,        -1.15973E+02,         7.39695E+01,         6.30186E+01,         1.15973E+02,         5.39976E+00
     1754.,         2.83067E+02,        -1.21419E+02,         7.37109E+01,         7.11434E+01,         1.13889E+02,         5.40281E+00
     1755.,         2.77224E+02,        -1.26865E+02,         7.34522E+01,         7.93968E+01,         1.11803E+02,         5.46412E+00
     1756.,         3.00468E+02,        -1.06116E+02,         9.99345E+01,         4.90994E+01,         1.21555E+02,         6.01449E+00
     1757.,         2.94302E+02,        -1.11351E+02,         9.96516E+01,         5.74486E+01,         1.19067E+02,         6.16103E+00
     1758.,         2.88136E+02,        -1.16587E+02,         9.93686E+01,         6.58211E+01,         1.16587E+02,         6.35388E+00
     1759.,         2.81970E+02,        -1.21822E+02,         9.90857E+01,         7.42709E+01,         1.14178E+02,         6.59225E+00
     1760.,         2.75804E+02,        -1.27057E+02,         9.88027E+01,         8.28519E+01,         1.11774E+02,         6.88070E+00
     1761.,         2.99747E+02,        -1.07339E+02,         1.25415E+02,         5.13669E+01,         1.22986E+02,         6.58140E+00
     1762.,         2.93302E+02,        -1.12370E+02,         1.25096E+02,         5.99495E+01,         1.20191E+02,         6.96389E+00
     1763.,         2.86856E+02,        -1.17402E+02,         1.24778E+02,         6.85565E+01,         1.17402E+02,         7.38491E+00
     1764.,         2.80411E+02,        -1.22433E+02,         1.24459E+02,         7.72405E+01,         1.14684E+02,         7.84451E+00
     1765.,         2.73966E+02,        -1.27465E+02,         1.24140E+02,         8.60562E+01,         1.11971E+02,         8.34689E+00
     1766.,         2.98579E+02,        -1.09061E+02,         1.50749E+02,         5.39154E+01,         1.24868E+02,         7.19834E+00
     1767.,         2.91886E+02,        -1.13844E+02,         1.50434E+02,         6.26218E+01,         1.21743E+02,         7.80483E+00
     1768.,         2.85193E+02,        -1.18628E+02,         1.50118E+02,         7.13489E+01,         1.18628E+02,         8.44226E+00
     1769.,         2.78500E+02,        -1.23412E+02,         1.49803E+02,         8.01505E+01,         1.15573E+02,         9.11228E+00
     1770.,         2.71806E+02,        -1.28196E+02,         1.49488E+02,         8.90789E+01,         1.12523E+02,         9.81944E+00
     1771.,         2.96958E+02,        -1.11054E+02,         1.75996E+02,         5.65760E+01,         1.27014E+02,         7.85522E+00
     1772.,         2.90039E+02,        -1.15565E+02,         1.75687E+02,         6.53209E+01,         1.23541E+02,         8.66388E+00
     1773.,         2.83121E+02,        -1.20077E+02,         1.75378E+02,         7.40785E+01,         1.20077E+02,         9.49647E+00
     1774.,         2.76203E+02,        -1.24588E+02,         1.75069E+02,         8.29025E+01,         1.16666E+02,         1.03563E+01
     1775.,         2.69285E+02,        -1.29100E+02,         1.74760E+02,         9.18466E+01,         1.13262E+02,         1.12485E+01
     1776.,         2.94929E+02,        -1.13381E+02,         2.01191E+02,         5.94123E+01,         1.29452E+02,         8.53282E+00
     1777.,         2.87831E+02,        -1.17637E+02,         2.00903E+02,         6.81383E+01,         1.25669E+02,         9.51617E+00
     1778.,         2.80733E+02,        -1.21892E+02,         2.00614E+02,         7.68687E+01,         1.21892E+02,         1.05190E+01
     1779.,         2.73636E+02,        -1.26147E+02,         2.00326E+02,         8.56576E+01,         1.18167E+02,         1.15449E+01
     1780.,         2.66538E+02,        -1.30402E+02,         2.00038E+02,         9.45575E+01,         1.14445E+02,         1.25986E+01
     1781.,         2.92519E+02,        -1.16030E+02,         2.26327E+02,         6.24442E+01,         1.32153E+02,         9.21107E+00
     1782.,         2.85294E+02,        -1.20054E+02,         2.26057E+02,         7.11041E+01,         1.28114E+02,         1.03428E+01
     1783.,         2.78069E+02,        -1.24078E+02,         2.25787E+02,         7.97627E+01,         1.24078E+02,         1.14904E+01
     1784.,         2.70844E+02,        -1.28101E+02,         2.25518E+02,         8.84713E+01,         1.20093E+02,         1.26579E+01
     1785.,         2.63619E+02,        -1.32125E+02,         2.25248E+02,         9.72814E+01,         1.16111E+02,         1.38493E+01
     1786.,         2.89752E+02,        -1.18986E+02,         2.51401E+02,         6.57014E+01,         1.35098E+02,         9.87681E+00
     1787.,         2.82447E+02,        -1.22793E+02,         2.51144E+02,         7.42517E+01,         1.30849E+02,         1.11318E+01
     1788.,         2.75142E+02,        -1.26599E+02,         2.50887E+02,         8.27937E+01,         1.26599E+02,         1.23995E+01
     1789.,         2.67837E+02,        -1.30406E+02,         2.50630E+02,         9.13792E+01,         1.22403E+02,         1.36843E+01
     1790.,         2.60531E+02,        -1.34212E+02,         2.50373E+02,         1.00055E+02,         1.18204E+02,         1.49898E+01
     1791.,         2.86644E+02,        -1.22215E+02,         2.76412E+02,         6.92068E+01,         1.38244E+02,         1.05238E+01
     1792.,         2.79314E+02,        -1.25840E+02,         2.76170E+02,         7.76239E+01,         1.33856E+02,         1.18784E+01
     1793.,         2.71985E+02,        -1.29465E+02,         2.75927E+02,         8.60287E+01,         1.29465E+02,         1.32435E+01
     1794.,         2.64655E+02,        -1.33090E+02,         2.75685E+02,         9.44695E+01,         1.25132E+02,         1.46234E+01
     1795.,         2.57325E+02,        -1.36715E+02,         2.75442E+02,         1.02990E+02,         1.20794E+02,         1.60215E+01
     1796.,         2.83220E+02,        -1.25748E+02,         3.01368E+02,         7.30387E+01,         1.41606E+02,         1.11553E+01
     1797.,         2.75931E+02,        -1.29255E+02,         3.01156E+02,         8.13253E+01,         1.37188E+02,         1.25904E+01
     1798.,         2.68641E+02,        -1.32762E+02,         3.00943E+02,         8.95998E+01,         1.32762E+02,         1.40345E+01
     1799.,         2.61352E+02,        -1.36269E+02,         3.00731E+02,         9.79037E+01,         1.28400E+02,         1.54914E+01
     1800.,         2.54063E+02,        -1.39776E+02,         3.00518E+02,         1.06279E+02,         1.24030E+02,         1.69646E+01
     1801.,         2.79515E+02,        -1.29560E+02,         3.26171E+02,         7.72257E+01,         1.45158E+02,         1.17758E+01
     1802.,         2.72331E+02,        -1.33010E+02,         3.25998E+02,         8.53906E+01,         1.40814E+02,         1.32737E+01
     1803.,         2.65146E+02,        -1.36459E+02,         3.25825E+02,         9.35438E+01,         1.36459E+02,         1.47802E+01
     1804.,         2.57962E+02,        -1.39909E+02,         3.25652E+02,         1.01725E+02,         1.32174E+02,         1.62979E+01
     1805.,         2.50778E+02,        -1.43358E+02,         3.25479E+02,         1.09969E+02,         1.27877E+02,         1.78295E+01
     1806.,         2.75535E+02,        -1.33595E+02,         3.50874E+02,         8.17720E+01,         1.48848E+02,         1.23931E+01
     1807.,         2.68518E+02,        -1.37067E+02,         3.50753E+02,         8.98471E+01,         1.44697E+02,         1.39438E+01
     1808.,         2.61501E+02,        -1.40538E+02,         3.50632E+02,         9.79147E+01,         1.40538E+02,         1.54986E+01
     1809.,         2.54483E+02,        -1.44010E+02,         3.50511E+02,         1.06011E+02,         1.36443E+02,         1.70638E+01
     1810.,         2.47466E+02,        -1.47481E+02,         3.50391E+02,         1.14167E+02,         1.32338E+02,         1.86435E+01
     1811.,         2.71324E+02,        -1.37986E+02,         3.75506E+02,         8.68191E+01,         1.52803E+02,         1.30478E+01
     1812.,         2.64542E+02,        -1.41512E+02,         3.75424E+02,         9.47962E+01,         1.48928E+02,         1.46286E+01
     1813.,         2.57760E+02,        -1.45037E+02,         3.75341E+02,         1.02773E+02,         1.45037E+02,         1.62112E+01
     1814.,         2.50979E+02,        -1.48562E+02,         3.75258E+02,         1.10778E+02,         1.41230E+02,         1.78000E+01
     1815.,         2.44197E+02,        -1.52087E+02,         3.75176E+02,         1.18843E+02,         1.37404E+02,         1.94009E+01
     1816.,         2.66895E+02,        -1.42578E+02,         4.00000E+02,         9.22330E+01,         1.56835E+02,         1.38068E+01
     1817.,         2.60409E+02,        -1.46252E+02,         4.00000E+02,         1.00163E+02,         1.53377E+02,         1.53796E+01
     1818.,         2.53923E+02,        -1.49927E+02,         4.00000E+02,         1.08101E+02,         1.49927E+02,         1.69380E+01
     1819.,         2.47437E+02,        -1.53601E+02,         4.00000E+02,         1.16074E+02,         1.46511E+02,         1.85040E+01
     1820.,         2.40951E+02,        -1.57276E+02,         4.00000E+02,         1.24108E+02,         1.43095E+02,         2.00953E+01
     1821.,         3.42806E+02,        -1.09363E+02,        -2.00000E+02,         4.15014E+01,         1.62012E+02,         0.00000E+00
     1822.,         3.31002E+02,        -1.32844E+02,        -2.00000E+02,         5.33581E+01,         1.59206E+02,         0.00000E+00
     1823.,         3.19199E+02,        -1.56326E+02,        -2.00000E+02,         6.52345E+01,         1.56326E+02,         0.00000E+00
     1824.,         3.07395E+02,        -1.79808E+02,        -2.00000E+02,         7.71085E+01,         1.53584E+02,         0.00000E+00
     1825.,         2.95592E+02,        -2.03289E+02,        -2.00000E+02,         8.89569E+01,         1.50780E+02,         0.00000E+00
     1826.,         3.42806E+02,        -1.09363E+02,        -1.75000E+02,         4.15099E+01,         1.61980E+02,         9.51406E-02
     1827.,         3.31002E+02,        -1.32844E+02,        -1.75000E+02,         5.33741E+01,         1.59194E+02,         2.21281E-02
     1828.,         3.19199E+02,        -1.56326E+02,        -1.75000E+02,         6.52567E+01,         1.56326E+02,        -7.62555E-02
     1829.,         3.07395E+02,        -1.79808E+02,        -1.75000E+02,         7.71336E+01,         1.53565E+02,        -1.60868E-01
     1830.,         2.95592E+02,        -2.03289E+02,        -1.75000E+02,         8.89888E+01,         1.50737E+02,        -2.25602E-01
     1831.,         3.42806E+02,        -1.09363E+02,        -1.50000E+02,         4.15698E+01,         1.61905E+02,         1.46079E-01
     1832.,         3.31002E+02,        -1.32844E+02,        -1.50000E+02,         5.34226E+01,         1.59124E+02,         6.95696E-02
     1833.,         3.19199E+02,        -1.56326E+02,        -1.50000E+02,         6.53174E+01,         1.56326E+02,        -1.48430E-01
     1834.,         3.07395E+02,        -1.79808E+02,        -1.50000E+02,         7.71987E+01,         1.53488E+02,        -3.33238E-01
     1835.,         2.95592E+02,        -2.03289E+02,        -1.50000E+02,         8.90297E+01,         1.50657E+02,        -3.50543E-01
     1836.,         3.31819E+02,        -1.15849E+02,        -1.33333E+02,         4.57504E+01,         1.57588E+02,         1.93913E-01
     1837.,         3.22459E+02,        -1.34485E+02,        -1.33333E+02,         5.51392E+01,         1.55381E+02,         1.53429E-01
     1838.,         3.13100E+02,        -1.53120E+02,        -1.33333E+02,         6.45912E+01,         1.53120E+02,        -1.94659E-01
     1839.,         3.03740E+02,        -1.71756E+02,        -1.33333E+02,         7.40294E+01,         1.50906E+02,        -4.87742E-01
     1840.,         2.94380E+02,        -1.90392E+02,        -1.33333E+02,         8.33823E+01,         1.48686E+02,        -4.36659E-01
     1841.,         3.20832E+02,        -1.22335E+02,        -1.16667E+02,         4.99629E+01,         1.53265E+02,         4.30468E-01
     1842.,         3.13916E+02,        -1.36125E+02,        -1.16667E+02,         5.68648E+01,         1.51630E+02,         3.72524E-01
     1843.,         3.07000E+02,        -1.49915E+02,        -1.16667E+02,         6.39248E+01,         1.49915E+02,        -2.86453E-01
     1844.,         3.00085E+02,        -1.63705E+02,        -1.16667E+02,         7.09344E+01,         1.48329E+02,        -8.22714E-01
     1845.,         2.93169E+02,        -1.77495E+02,        -1.16667E+02,         7.78032E+01,         1.46694E+02,        -7.35381E-01
     1846.,         3.09846E+02,        -1.28821E+02,        -1.00000E+02,         5.39073E+01,         1.48152E+02,         1.49985E+00
     1847.,         3.05373E+02,        -1.37765E+02,        -1.00000E+02,         5.85598E+01,         1.47318E+02,         6.57550E-01
     1848.,         3.00901E+02,        -1.46709E+02,        -1.00000E+02,         6.33502E+01,         1.46709E+02,        -4.00724E-01
     1849.,         2.96429E+02,        -1.55654E+02,        -1.00000E+02,         6.80789E+01,         1.45337E+02,        -1.35129E+00
     1850.,         2.91957E+02,        -1.64598E+02,        -1.00000E+02,         7.25765E+01,         1.44209E+02,        -1.83785E+00
     1851.,         3.10210E+02,        -1.28451E+02,        -7.47683E+01,         5.28871E+01,         1.44382E+02,         2.65342E+00
     1852.,         3.06128E+02,        -1.35317E+02,        -7.51409E+01,         5.74156E+01,         1.43390E+02,         1.15846E+00
     1853.,         3.02046E+02,        -1.42182E+02,        -7.55134E+01,         6.18050E+01,         1.42182E+02,        -3.93826E-01
     1854.,         2.97964E+02,        -1.49048E+02,        -7.58859E+01,         6.60615E+01,         1.41502E+02,        -1.85124E+00
     1855.,         2.93882E+02,        -1.55914E+02,        -7.62585E+01,         7.01763E+01,         1.40596E+02,        -3.10997E+00
     1856.,         3.10328E+02,        -1.28330E+02,        -4.95319E+01,         5.30066E+01,         1.41267E+02,         1.57890E+00
     1857.,         3.06500E+02,        -1.33802E+02,        -5.00429E+01,         5.74807E+01,         1.40218E+02,         7.07733E-01
     1858.,         3.02671E+02,        -1.39273E+02,        -5.05538E+01,         6.19069E+01,         1.39273E+02,        -3.68208E-01
     1859.,         2.98842E+02,        -1.44745E+02,        -5.10648E+01,         6.62344E+01,         1.37996E+02,        -1.47909E+00
     1860.,         2.95013E+02,        -1.50216E+02,        -5.15757E+01,         7.04461E+01,         1.36861E+02,        -2.39900E+00
     1861.,         3.10201E+02,        -1.28460E+02,        -2.42956E+01,         5.44060E+01,         1.40062E+02,         8.90198E-01
     1862.,         3.06492E+02,        -1.33133E+02,        -2.48225E+01,         5.90420E+01,         1.38898E+02,         4.30316E-01
     1863.,         3.02783E+02,        -1.37806E+02,        -2.53495E+01,         6.36032E+01,         1.37806E+02,        -2.05824E-01
     1864.,         2.99073E+02,        -1.42480E+02,        -2.58765E+01,         6.81290E+01,         1.36509E+02,        -8.26252E-01
     1865.,         2.95364E+02,        -1.47153E+02,        -2.64035E+01,         7.26559E+01,         1.35282E+02,        -1.20174E+00
     1866.,         3.09827E+02,        -1.28840E+02,         9.35827E-01,         5.67286E+01,         1.39720E+02,         8.99736E-01
     1867.,         3.06126E+02,        -1.33144E+02,         4.36055E-01,         6.16610E+01,         1.38543E+02,         6.22928E-01
     1868.,         3.02425E+02,        -1.37449E+02,        -6.37182E-02,         6.65666E+01,         1.37449E+02,         2.66249E-01
     1869.,         2.98723E+02,        -1.41753E+02,        -5.63491E-01,         7.14667E+01,         1.36140E+02,        -6.11546E-02
     1870.,         2.95022E+02,        -1.46057E+02,        -1.06326E+00,         7.63863E+01,         1.34916E+02,        -2.14233E-01
     1871.,         3.09205E+02,        -1.29472E+02,         2.61573E+01,         5.96675E+01,         1.40061E+02,         1.39058E+00
     1872.,         3.05431E+02,        -1.33633E+02,         2.56903E+01,         6.49793E+01,         1.38885E+02,         1.25489E+00
     1873.,         3.01657E+02,        -1.37794E+02,         2.52234E+01,         7.02816E+01,         1.37794E+02,         1.07085E+00
     1874.,         2.97884E+02,        -1.41956E+02,         2.47565E+01,         7.56029E+01,         1.36496E+02,         9.22938E-01
     1875.,         2.94110E+02,        -1.46117E+02,         2.42896E+01,         8.09609E+01,         1.35272E+02,         9.18961E-01
     1876.,         3.08336E+02,        -1.30355E+02,         5.13639E+01,         6.29327E+01,         1.40822E+02,         2.23405E+00
     1877.,         3.04438E+02,        -1.34415E+02,         5.09274E+01,         6.85821E+01,         1.39605E+02,         2.21752E+00
     1878.,         3.00541E+02,        -1.38475E+02,         5.04909E+01,         7.42364E+01,         1.38475E+02,         2.17568E+00
     1879.,         2.96643E+02,        -1.42535E+02,         5.00544E+01,         7.99201E+01,         1.37143E+02,         2.16848E+00
     1880.,         2.92745E+02,        -1.46595E+02,         4.96179E+01,         8.56442E+01,         1.35886E+02,         2.27523E+00
     1881.,         3.07220E+02,        -1.31489E+02,         7.65507E+01,         6.63308E+01,         1.41936E+02,         3.30462E+00
     1882.,         3.03164E+02,        -1.35434E+02,         7.61426E+01,         7.22522E+01,         1.40613E+02,         3.41987E+00
     1883.,         2.99108E+02,        -1.39379E+02,         7.57345E+01,         7.81872E+01,         1.39379E+02,         3.51882E+00
     1884.,         2.95052E+02,        -1.43324E+02,         7.53264E+01,         8.41569E+01,         1.37944E+02,         3.64825E+00
     1885.,         2.90996E+02,        -1.47269E+02,         7.49183E+01,         9.01673E+01,         1.36582E+02,         3.87006E+00
     1886.,         3.05857E+02,        -1.32874E+02,         1.01713E+02,         6.97428E+01,         1.43370E+02,         4.53633E+00
     1887.,         3.01623E+02,        -1.36668E+02,         1.01332E+02,         7.58592E+01,         1.41873E+02,         4.78857E+00
     1888.,         2.97388E+02,        -1.40462E+02,         1.00952E+02,         8.19923E+01,         1.40462E+02,         5.02948E+00
     1889.,         2.93153E+02,        -1.44255E+02,         1.00571E+02,         8.81600E+01,         1.38853E+02,         5.29614E+00
     1890.,         2.88919E+02,        -1.48049E+02,         1.00191E+02,         9.43679E+01,         1.37317E+02,         5.63806E+00
     1891.,         3.04248E+02,        -1.34510E+02,         1.26845E+02,         7.30985E+01,         1.45095E+02,         5.86187E+00
     1892.,         2.99826E+02,        -1.38114E+02,         1.26493E+02,         7.93339E+01,         1.43364E+02,         6.25286E+00
     1893.,         2.95404E+02,        -1.41717E+02,         1.26140E+02,         8.55841E+01,         1.41717E+02,         6.63480E+00
     1894.,         2.90982E+02,        -1.45321E+02,         1.25788E+02,         9.18698E+01,         1.39875E+02,         7.03793E+00
     1895.,         2.86560E+02,        -1.48925E+02,         1.25436E+02,         9.81940E+01,         1.38103E+02,         7.50186E+00
     1896.,         3.02392E+02,        -1.36396E+02,         1.51943E+02,         7.63795E+01,         1.47102E+02,         7.22404E+00
     1897.,         2.97783E+02,        -1.39784E+02,         1.51620E+02,         8.26691E+01,         1.45096E+02,         7.74808E+00
     1898.,         2.93174E+02,        -1.43172E+02,         1.51297E+02,         8.89709E+01,         1.43172E+02,         8.26480E+00
     1899.,         2.88565E+02,        -1.46560E+02,         1.50974E+02,         9.53042E+01,         1.41055E+02,         8.79865E+00
     1900.,         2.83957E+02,        -1.49948E+02,         1.50651E+02,         1.01674E+02,         1.39009E+02,         9.38105E+00
     1901.,         3.00291E+02,        -1.38532E+02,         1.77002E+02,         7.95950E+01,         1.49374E+02,         8.57326E+00
     1902.,         2.95502E+02,        -1.41692E+02,         1.76710E+02,         8.58863E+01,         1.47073E+02,         9.21831E+00
     1903.,         2.90714E+02,        -1.44851E+02,         1.76418E+02,         9.21844E+01,         1.44851E+02,         9.85787E+00
     1904.,         2.85926E+02,        -1.48011E+02,         1.76126E+02,         9.85114E+01,         1.42439E+02,         1.05114E+01
     1905.,         2.81138E+02,        -1.51171E+02,         1.75834E+02,         1.04874E+02,         1.40096E+02,         1.12030E+01
     1906.,         2.97945E+02,        -1.40915E+02,         2.02017E+02,         8.27740E+01,         1.51891E+02,         9.86852E+00
     1907.,         2.92993E+02,        -1.43849E+02,         2.01758E+02,         8.90280E+01,         1.49298E+02,         1.06184E+01
     1908.,         2.88040E+02,        -1.46782E+02,         2.01499E+02,         9.52861E+01,         1.46782E+02,         1.13655E+01
     1909.,         2.83088E+02,        -1.49716E+02,         2.01241E+02,         1.01568E+02,         1.44077E+02,         1.21240E+01
     1910.,         2.78135E+02,        -1.52649E+02,         2.00982E+02,         1.07883E+02,         1.41439E+02,         1.29115E+01
     1911.,         2.95356E+02,        -1.43546E+02,         2.26983E+02,         8.59668E+01,         1.54638E+02,         1.10735E+01
     1912.,         2.90261E+02,        -1.46268E+02,         2.26760E+02,         9.21595E+01,         1.51776E+02,         1.19131E+01
     1913.,         2.85166E+02,        -1.48989E+02,         2.26537E+02,         9.83516E+01,         1.48989E+02,         1.27521E+01
     1914.,         2.80071E+02,        -1.51711E+02,         2.26314E+02,         1.04564E+02,         1.46012E+02,         1.36008E+01
     1915.,         2.74976E+02,        -1.54432E+02,         2.26091E+02,         1.10807E+02,         1.43103E+02,         1.44709E+01
     1916.,         2.92526E+02,        -1.46423E+02,         2.51895E+02,         8.92364E+01,         1.57604E+02,         1.21648E+01
     1917.,         2.87317E+02,        -1.48961E+02,         2.51710E+02,         9.53553E+01,         1.54514E+02,         1.30801E+01
     1918.,         2.82108E+02,        -1.51499E+02,         2.51526E+02,         1.01471E+02,         1.51499E+02,         1.39971E+01
     1919.,         2.76899E+02,        -1.54037E+02,         2.51341E+02,         1.07602E+02,         1.48294E+02,         1.49223E+01
     1920.,         2.71690E+02,        -1.56575E+02,         2.51156E+02,         1.13762E+02,         1.45157E+02,         1.58631E+01
     1921.,         2.89455E+02,        -1.49544E+02,         2.76750E+02,         9.26510E+01,         1.60777E+02,         1.31324E+01
     1922.,         2.84165E+02,        -1.51938E+02,         2.76605E+02,         9.86973E+01,         1.57518E+02,         1.41117E+01
     1923.,         2.78876E+02,        -1.54333E+02,         2.76459E+02,         1.04738E+02,         1.54333E+02,         1.50946E+01
     1924.,         2.73587E+02,        -1.56727E+02,         2.76314E+02,         1.10791E+02,         1.50960E+02,         1.60846E+01
     1925.,         2.68298E+02,        -1.59121E+02,         2.76169E+02,         1.16870E+02,         1.47655E+02,         1.70857E+01
     1926.,         2.86144E+02,        -1.52908E+02,         3.01542E+02,         9.62837E+01,         1.64145E+02,         1.39770E+01
     1927.,         2.80816E+02,        -1.55213E+02,         3.01436E+02,         1.02271E+02,         1.60796E+02,         1.50119E+01
     1928.,         2.75487E+02,        -1.57518E+02,         3.01331E+02,         1.08252E+02,         1.57518E+02,         1.60518E+01
     1929.,         2.70159E+02,        -1.59824E+02,         3.01225E+02,         1.14244E+02,         1.54058E+02,         1.70981E+01
     1930.,         2.64830E+02,        -1.62129E+02,         3.01120E+02,         1.20260E+02,         1.50664E+02,         1.81527E+01
     1931.,         2.82597E+02,        -1.56513E+02,         3.26267E+02,         1.00203E+02,         1.67704E+02,         1.47116E+01
     1932.,         2.77276E+02,        -1.58798E+02,         3.26199E+02,         1.06161E+02,         1.64360E+02,         1.57978E+01
     1933.,         2.71954E+02,        -1.61082E+02,         3.26132E+02,         1.12113E+02,         1.61082E+02,         1.68892E+01
     1934.,         2.66633E+02,        -1.63367E+02,         3.26064E+02,         1.18075E+02,         1.57632E+02,         1.79864E+01
     1935.,         2.61312E+02,        -1.65651E+02,         3.25996E+02,         1.24059E+02,         1.54244E+02,         1.90897E+01
     1936.,         2.78814E+02,        -1.60358E+02,         3.50921E+02,         1.04473E+02,         1.71447E+02,         1.53664E+01
     1937.,         2.73553E+02,        -1.62704E+02,         3.50887E+02,         1.10444E+02,         1.68218E+02,         1.65020E+01
     1938.,         2.68291E+02,        -1.65050E+02,         3.50852E+02,         1.16411E+02,         1.65050E+02,         1.76418E+01
     1939.,         2.63029E+02,        -1.67395E+02,         3.50817E+02,         1.22387E+02,         1.61720E+02,         1.87869E+01
     1940.,         2.57768E+02,        -1.69741E+02,         3.50782E+02,         1.28386E+02,         1.58452E+02,         1.99397E+01
     1941.,         2.74798E+02,        -1.64440E+02,         3.75500E+02,         1.09137E+02,         1.75375E+02,         1.59926E+01
     1942.,         2.69655E+02,        -1.66943E+02,         3.75490E+02,         1.15174E+02,         1.72384E+02,         1.71790E+01
     1943.,         2.64511E+02,        -1.69446E+02,         3.75479E+02,         1.21212E+02,         1.69446E+02,         1.83632E+01
     1944.,         2.59368E+02,        -1.71949E+02,         3.75469E+02,         1.27264E+02,         1.66379E+02,         1.95509E+01
     1945.,         2.54225E+02,        -1.74452E+02,         3.75458E+02,         1.33338E+02,         1.63356E+02,         2.07500E+01
     1946.,         2.70550E+02,        -1.68757E+02,         4.00000E+02,         1.14181E+02,         1.79461E+02,         1.66716E+01
     1947.,         2.65590E+02,        -1.71527E+02,         4.00000E+02,         1.20352E+02,         1.76854E+02,         1.78856E+01
     1948.,         2.60630E+02,        -1.74297E+02,         4.00000E+02,         1.26526E+02,         1.74297E+02,         1.91018E+01
     1949.,         2.55671E+02,        -1.77067E+02,         4.00000E+02,         1.32716E+02,         1.71598E+02,         2.03203E+01
     1950.,         2.50711E+02,        -1.79838E+02,         4.00000E+02,         1.38931E+02,         1.68953E+02,         2.15435E+01
