        1.,       16.,        1.,        6.,       11.,       17.,        2.,        7.,       12.
        2.,       17.,        2.,        7.,       12.,       18.,        3.,        8.,       13.
        3.,       18.,        3.,        8.,       13.,       19.,        4.,        9.,       14.
        4.,       19.,        4.,        9.,       14.,       20.,        5.,       10.,       15.
        5.,       11.,        6.,       21.,       26.,       12.,        7.,       22.,       27.
        6.,       12.,        7.,       22.,       27.,       13.,        8.,       23.,       28.
        7.,       13.,        8.,       23.,       28.,       14.,        9.,       24.,       29.
        8.,       14.,        9.,       24.,       29.,       15.,       10.,       25.,       30.
        9.,       26.,       21.,       31.,       36.,       27.,       22.,       32.,       37.
       10.,       27.,       22.,       32.,       37.,       28.,       23.,       33.,       38.
       11.,       28.,       23.,       33.,       38.,       29.,       24.,       34.,       39.
       12.,       29.,       24.,       34.,       39.,       30.,       25.,       35.,       40.
       13.,       36.,       31.,       41.,       46.,       37.,       32.,       42.,       47.
       14.,       37.,       32.,       42.,       47.,       38.,       33.,       43.,       48.
       15.,       38.,       33.,       43.,       48.,       39.,       34.,       44.,       49.
       16.,       39.,       34.,       44.,       49.,       40.,       35.,       45.,       50.
       17.,       46.,       41.,       51.,       56.,       47.,       42.,       52.,       57.
       18.,       47.,       42.,       52.,       57.,       48.,       43.,       53.,       58.
       19.,       48.,       43.,       53.,       58.,       49.,       44.,       54.,       59.
       20.,       49.,       44.,       54.,       59.,       50.,       45.,       55.,       60.
       21.,       56.,       51.,       61.,       66.,       57.,       52.,       62.,       67.
       22.,       57.,       52.,       62.,       67.,       58.,       53.,       63.,       68.
       23.,       58.,       53.,       63.,       68.,       59.,       54.,       64.,       69.
       24.,       59.,       54.,       64.,       69.,       60.,       55.,       65.,       70.
       25.,       66.,       61.,       71.,       76.,       67.,       62.,       72.,       77.
       26.,       67.,       62.,       72.,       77.,       68.,       63.,       73.,       78.
       27.,       68.,       63.,       73.,       78.,       69.,       64.,       74.,       79.
       28.,       69.,       64.,       74.,       79.,       70.,       65.,       75.,       80.
       29.,       76.,       71.,       81.,       86.,       77.,       72.,       82.,       87.
       30.,       77.,       72.,       82.,       87.,       78.,       73.,       83.,       88.
       31.,       78.,       73.,       83.,       88.,       79.,       74.,       84.,       89.
       32.,       79.,       74.,       84.,       89.,       80.,       75.,       85.,       90.
       33.,       86.,       81.,       91.,       96.,       87.,       82.,       92.,       97.
       34.,       87.,       82.,       92.,       97.,       88.,       83.,       93.,       98.
       35.,       88.,       83.,       93.,       98.,       89.,       84.,       94.,       99.
       36.,       89.,       84.,       94.,       99.,       90.,       85.,       95.,      100.
       37.,       96.,       91.,      101.,      106.,       97.,       92.,      102.,      107.
       38.,       97.,       92.,      102.,      107.,       98.,       93.,      103.,      108.
       39.,       98.,       93.,      103.,      108.,       99.,       94.,      104.,      109.
       40.,       99.,       94.,      104.,      109.,      100.,       95.,      105.,      110.
       41.,      106.,      101.,      111.,      116.,      107.,      102.,      112.,      117.
       42.,      107.,      102.,      112.,      117.,      108.,      103.,      113.,      118.
       43.,      108.,      103.,      113.,      118.,      109.,      104.,      114.,      119.
       44.,      109.,      104.,      114.,      119.,      110.,      105.,      115.,      120.
       45.,      116.,      111.,      121.,      126.,      117.,      112.,      122.,      127.
       46.,      117.,      112.,      122.,      127.,      118.,      113.,      123.,      128.
       47.,      118.,      113.,      123.,      128.,      119.,      114.,      124.,      129.
       48.,      119.,      114.,      124.,      129.,      120.,      115.,      125.,      130.
       49.,      126.,      121.,      131.,      136.,      127.,      122.,      132.,      137.
       50.,      127.,      122.,      132.,      137.,      128.,      123.,      133.,      138.
       51.,      128.,      123.,      133.,      138.,      129.,      124.,      134.,      139.
       52.,      129.,      124.,      134.,      139.,      130.,      125.,      135.,      140.
       53.,      136.,      131.,      141.,      146.,      137.,      132.,      142.,      147.
       54.,      137.,      132.,      142.,      147.,      138.,      133.,      143.,      148.
       55.,      138.,      133.,      143.,      148.,      139.,      134.,      144.,      149.
       56.,      139.,      134.,      144.,      149.,      140.,      135.,      145.,      150.
       57.,      146.,      141.,      151.,      156.,      147.,      142.,      152.,      157.
       58.,      147.,      142.,      152.,      157.,      148.,      143.,      153.,      158.
       59.,      148.,      143.,      153.,      158.,      149.,      144.,      154.,      159.
       60.,      149.,      144.,      154.,      159.,      150.,      145.,      155.,      160.
       61.,      156.,      151.,      161.,      166.,      157.,      152.,      162.,      167.
       62.,      157.,      152.,      162.,      167.,      158.,      153.,      163.,      168.
       63.,      158.,      153.,      163.,      168.,      159.,      154.,      164.,      169.
       64.,      159.,      154.,      164.,      169.,      160.,      155.,      165.,      170.
       65.,      166.,      161.,      171.,      176.,      167.,      162.,      172.,      177.
       66.,      167.,      162.,      172.,      177.,      168.,      163.,      173.,      178.
       67.,      168.,      163.,      173.,      178.,      169.,      164.,      174.,      179.
       68.,      169.,      164.,      174.,      179.,      170.,      165.,      175.,      180.
       69.,      176.,      171.,      181.,      186.,      177.,      172.,      182.,      187.
       70.,      177.,      172.,      182.,      187.,      178.,      173.,      183.,      188.
       71.,      178.,      173.,      183.,      188.,      179.,      174.,      184.,      189.
       72.,      179.,      174.,      184.,      189.,      180.,      175.,      185.,      190.
       73.,      186.,      181.,      191.,      196.,      187.,      182.,      192.,      197.
       74.,      187.,      182.,      192.,      197.,      188.,      183.,      193.,      198.
       75.,      188.,      183.,      193.,      198.,      189.,      184.,      194.,      199.
       76.,      189.,      184.,      194.,      199.,      190.,      185.,      195.,      200.
       77.,      196.,      191.,      201.,      206.,      197.,      192.,      202.,      207.
       78.,      197.,      192.,      202.,      207.,      198.,      193.,      203.,      208.
       79.,      198.,      193.,      203.,      208.,      199.,      194.,      204.,      209.
       80.,      199.,      194.,      204.,      209.,      200.,      195.,      205.,      210.
       81.,      206.,      201.,      211.,      216.,      207.,      202.,      212.,      217.
       82.,      207.,      202.,      212.,      217.,      208.,      203.,      213.,      218.
       83.,      208.,      203.,      213.,      218.,      209.,      204.,      214.,      219.
       84.,      209.,      204.,      214.,      219.,      210.,      205.,      215.,      220.
       85.,      216.,      211.,      221.,      226.,      217.,      212.,      222.,      227.
       86.,      217.,      212.,      222.,      227.,      218.,      213.,      223.,      228.
       87.,      218.,      213.,      223.,      228.,      219.,      214.,      224.,      229.
       88.,      219.,      214.,      224.,      229.,      220.,      215.,      225.,      230.
       89.,      226.,      221.,      231.,      236.,      227.,      222.,      232.,      237.
       90.,      227.,      222.,      232.,      237.,      228.,      223.,      233.,      238.
       91.,      228.,      223.,      233.,      238.,      229.,      224.,      234.,      239.
       92.,      229.,      224.,      234.,      239.,      230.,      225.,      235.,      240.
       93.,      236.,      231.,      241.,      246.,      237.,      232.,      242.,      247.
       94.,      237.,      232.,      242.,      247.,      238.,      233.,      243.,      248.
       95.,      238.,      233.,      243.,      248.,      239.,      234.,      244.,      249.
       96.,      239.,      234.,      244.,      249.,      240.,      235.,      245.,      250.
       97.,      246.,      241.,      251.,      256.,      247.,      242.,      252.,      257.
       98.,      247.,      242.,      252.,      257.,      248.,      243.,      253.,      258.
       99.,      248.,      243.,      253.,      258.,      249.,      244.,      254.,      259.
      100.,      249.,      244.,      254.,      259.,      250.,      245.,      255.,      260.
      101.,        1.,      261.,      266.,        6.,        2.,      262.,      267.,        7.
      102.,        2.,      262.,      267.,        7.,        3.,      263.,      268.,        8.
      103.,        3.,      263.,      268.,        8.,        4.,      264.,      269.,        9.
      104.,        4.,      264.,      269.,        9.,        5.,      265.,      270.,       10.
      105.,        6.,      266.,      271.,       21.,        7.,      267.,      272.,       22.
      106.,        7.,      267.,      272.,       22.,        8.,      268.,      273.,       23.
      107.,        8.,      268.,      273.,       23.,        9.,      269.,      274.,       24.
      108.,        9.,      269.,      274.,       24.,       10.,      270.,      275.,       25.
      109.,       21.,      271.,      276.,       31.,       22.,      272.,      277.,       32.
      110.,       22.,      272.,      277.,       32.,       23.,      273.,      278.,       33.
      111.,       23.,      273.,      278.,       33.,       24.,      274.,      279.,       34.
      112.,       24.,      274.,      279.,       34.,       25.,      275.,      280.,       35.
      113.,       31.,      276.,      281.,       41.,       32.,      277.,      282.,       42.
      114.,       32.,      277.,      282.,       42.,       33.,      278.,      283.,       43.
      115.,       33.,      278.,      283.,       43.,       34.,      279.,      284.,       44.
      116.,       34.,      279.,      284.,       44.,       35.,      280.,      285.,       45.
      117.,       41.,      281.,      286.,       51.,       42.,      282.,      287.,       52.
      118.,       42.,      282.,      287.,       52.,       43.,      283.,      288.,       53.
      119.,       43.,      283.,      288.,       53.,       44.,      284.,      289.,       54.
      120.,       44.,      284.,      289.,       54.,       45.,      285.,      290.,       55.
      121.,       51.,      286.,      291.,       61.,       52.,      287.,      292.,       62.
      122.,       52.,      287.,      292.,       62.,       53.,      288.,      293.,       63.
      123.,       53.,      288.,      293.,       63.,       54.,      289.,      294.,       64.
      124.,       54.,      289.,      294.,       64.,       55.,      290.,      295.,       65.
      125.,       61.,      291.,      296.,       71.,       62.,      292.,      297.,       72.
      126.,       62.,      292.,      297.,       72.,       63.,      293.,      298.,       73.
      127.,       63.,      293.,      298.,       73.,       64.,      294.,      299.,       74.
      128.,       64.,      294.,      299.,       74.,       65.,      295.,      300.,       75.
      129.,       71.,      296.,      301.,       81.,       72.,      297.,      302.,       82.
      130.,       72.,      297.,      302.,       82.,       73.,      298.,      303.,       83.
      131.,       73.,      298.,      303.,       83.,       74.,      299.,      304.,       84.
      132.,       74.,      299.,      304.,       84.,       75.,      300.,      305.,       85.
      133.,       81.,      301.,      306.,       91.,       82.,      302.,      307.,       92.
      134.,       82.,      302.,      307.,       92.,       83.,      303.,      308.,       93.
      135.,       83.,      303.,      308.,       93.,       84.,      304.,      309.,       94.
      136.,       84.,      304.,      309.,       94.,       85.,      305.,      310.,       95.
      137.,       91.,      306.,      311.,      101.,       92.,      307.,      312.,      102.
      138.,       92.,      307.,      312.,      102.,       93.,      308.,      313.,      103.
      139.,       93.,      308.,      313.,      103.,       94.,      309.,      314.,      104.
      140.,       94.,      309.,      314.,      104.,       95.,      310.,      315.,      105.
      141.,      101.,      311.,      316.,      111.,      102.,      312.,      317.,      112.
      142.,      102.,      312.,      317.,      112.,      103.,      313.,      318.,      113.
      143.,      103.,      313.,      318.,      113.,      104.,      314.,      319.,      114.
      144.,      104.,      314.,      319.,      114.,      105.,      315.,      320.,      115.
      145.,      111.,      316.,      321.,      121.,      112.,      317.,      322.,      122.
      146.,      112.,      317.,      322.,      122.,      113.,      318.,      323.,      123.
      147.,      113.,      318.,      323.,      123.,      114.,      319.,      324.,      124.
      148.,      114.,      319.,      324.,      124.,      115.,      320.,      325.,      125.
      149.,      121.,      321.,      326.,      131.,      122.,      322.,      327.,      132.
      150.,      122.,      322.,      327.,      132.,      123.,      323.,      328.,      133.
      151.,      123.,      323.,      328.,      133.,      124.,      324.,      329.,      134.
      152.,      124.,      324.,      329.,      134.,      125.,      325.,      330.,      135.
      153.,      131.,      326.,      331.,      141.,      132.,      327.,      332.,      142.
      154.,      132.,      327.,      332.,      142.,      133.,      328.,      333.,      143.
      155.,      133.,      328.,      333.,      143.,      134.,      329.,      334.,      144.
      156.,      134.,      329.,      334.,      144.,      135.,      330.,      335.,      145.
      157.,      141.,      331.,      336.,      151.,      142.,      332.,      337.,      152.
      158.,      142.,      332.,      337.,      152.,      143.,      333.,      338.,      153.
      159.,      143.,      333.,      338.,      153.,      144.,      334.,      339.,      154.
      160.,      144.,      334.,      339.,      154.,      145.,      335.,      340.,      155.
      161.,      151.,      336.,      341.,      161.,      152.,      337.,      342.,      162.
      162.,      152.,      337.,      342.,      162.,      153.,      338.,      343.,      163.
      163.,      153.,      338.,      343.,      163.,      154.,      339.,      344.,      164.
      164.,      154.,      339.,      344.,      164.,      155.,      340.,      345.,      165.
      165.,      161.,      341.,      346.,      171.,      162.,      342.,      347.,      172.
      166.,      162.,      342.,      347.,      172.,      163.,      343.,      348.,      173.
      167.,      163.,      343.,      348.,      173.,      164.,      344.,      349.,      174.
      168.,      164.,      344.,      349.,      174.,      165.,      345.,      350.,      175.
      169.,      171.,      346.,      351.,      181.,      172.,      347.,      352.,      182.
      170.,      172.,      347.,      352.,      182.,      173.,      348.,      353.,      183.
      171.,      173.,      348.,      353.,      183.,      174.,      349.,      354.,      184.
      172.,      174.,      349.,      354.,      184.,      175.,      350.,      355.,      185.
      173.,      181.,      351.,      356.,      191.,      182.,      352.,      357.,      192.
      174.,      182.,      352.,      357.,      192.,      183.,      353.,      358.,      193.
      175.,      183.,      353.,      358.,      193.,      184.,      354.,      359.,      194.
      176.,      184.,      354.,      359.,      194.,      185.,      355.,      360.,      195.
      177.,      191.,      356.,      361.,      201.,      192.,      357.,      362.,      202.
      178.,      192.,      357.,      362.,      202.,      193.,      358.,      363.,      203.
      179.,      193.,      358.,      363.,      203.,      194.,      359.,      364.,      204.
      180.,      194.,      359.,      364.,      204.,      195.,      360.,      365.,      205.
      181.,      201.,      361.,      366.,      211.,      202.,      362.,      367.,      212.
      182.,      202.,      362.,      367.,      212.,      203.,      363.,      368.,      213.
      183.,      203.,      363.,      368.,      213.,      204.,      364.,      369.,      214.
      184.,      204.,      364.,      369.,      214.,      205.,      365.,      370.,      215.
      185.,      211.,      366.,      371.,      221.,      212.,      367.,      372.,      222.
      186.,      212.,      367.,      372.,      222.,      213.,      368.,      373.,      223.
      187.,      213.,      368.,      373.,      223.,      214.,      369.,      374.,      224.
      188.,      214.,      369.,      374.,      224.,      215.,      370.,      375.,      225.
      189.,      221.,      371.,      376.,      231.,      222.,      372.,      377.,      232.
      190.,      222.,      372.,      377.,      232.,      223.,      373.,      378.,      233.
      191.,      223.,      373.,      378.,      233.,      224.,      374.,      379.,      234.
      192.,      224.,      374.,      379.,      234.,      225.,      375.,      380.,      235.
      193.,      231.,      376.,      381.,      241.,      232.,      377.,      382.,      242.
      194.,      232.,      377.,      382.,      242.,      233.,      378.,      383.,      243.
      195.,      233.,      378.,      383.,      243.,      234.,      379.,      384.,      244.
      196.,      234.,      379.,      384.,      244.,      235.,      380.,      385.,      245.
      197.,      241.,      381.,      386.,      251.,      242.,      382.,      387.,      252.
      198.,      242.,      382.,      387.,      252.,      243.,      383.,      388.,      253.
      199.,      243.,      383.,      388.,      253.,      244.,      384.,      389.,      254.
      200.,      244.,      384.,      389.,      254.,      245.,      385.,      390.,      255.
      201.,      261.,      391.,      396.,      266.,      262.,      392.,      397.,      267.
      202.,      262.,      392.,      397.,      267.,      263.,      393.,      398.,      268.
      203.,      263.,      393.,      398.,      268.,      264.,      394.,      399.,      269.
      204.,      264.,      394.,      399.,      269.,      265.,      395.,      400.,      270.
      205.,      266.,      396.,      401.,      271.,      267.,      397.,      402.,      272.
      206.,      267.,      397.,      402.,      272.,      268.,      398.,      403.,      273.
      207.,      268.,      398.,      403.,      273.,      269.,      399.,      404.,      274.
      208.,      269.,      399.,      404.,      274.,      270.,      400.,      405.,      275.
      209.,      271.,      401.,      406.,      276.,      272.,      402.,      407.,      277.
      210.,      272.,      402.,      407.,      277.,      273.,      403.,      408.,      278.
      211.,      273.,      403.,      408.,      278.,      274.,      404.,      409.,      279.
      212.,      274.,      404.,      409.,      279.,      275.,      405.,      410.,      280.
      213.,      276.,      406.,      411.,      281.,      277.,      407.,      412.,      282.
      214.,      277.,      407.,      412.,      282.,      278.,      408.,      413.,      283.
      215.,      278.,      408.,      413.,      283.,      279.,      409.,      414.,      284.
      216.,      279.,      409.,      414.,      284.,      280.,      410.,      415.,      285.
      217.,      281.,      411.,      416.,      286.,      282.,      412.,      417.,      287.
      218.,      282.,      412.,      417.,      287.,      283.,      413.,      418.,      288.
      219.,      283.,      413.,      418.,      288.,      284.,      414.,      419.,      289.
      220.,      284.,      414.,      419.,      289.,      285.,      415.,      420.,      290.
      221.,      286.,      416.,      421.,      291.,      287.,      417.,      422.,      292.
      222.,      287.,      417.,      422.,      292.,      288.,      418.,      423.,      293.
      223.,      288.,      418.,      423.,      293.,      289.,      419.,      424.,      294.
      224.,      289.,      419.,      424.,      294.,      290.,      420.,      425.,      295.
      225.,      291.,      421.,      426.,      296.,      292.,      422.,      427.,      297.
      226.,      292.,      422.,      427.,      297.,      293.,      423.,      428.,      298.
      227.,      293.,      423.,      428.,      298.,      294.,      424.,      429.,      299.
      228.,      294.,      424.,      429.,      299.,      295.,      425.,      430.,      300.
      229.,      296.,      426.,      431.,      301.,      297.,      427.,      432.,      302.
      230.,      297.,      427.,      432.,      302.,      298.,      428.,      433.,      303.
      231.,      298.,      428.,      433.,      303.,      299.,      429.,      434.,      304.
      232.,      299.,      429.,      434.,      304.,      300.,      430.,      435.,      305.
      233.,      301.,      431.,      436.,      306.,      302.,      432.,      437.,      307.
      234.,      302.,      432.,      437.,      307.,      303.,      433.,      438.,      308.
      235.,      303.,      433.,      438.,      308.,      304.,      434.,      439.,      309.
      236.,      304.,      434.,      439.,      309.,      305.,      435.,      440.,      310.
      237.,      306.,      436.,      441.,      311.,      307.,      437.,      442.,      312.
      238.,      307.,      437.,      442.,      312.,      308.,      438.,      443.,      313.
      239.,      308.,      438.,      443.,      313.,      309.,      439.,      444.,      314.
      240.,      309.,      439.,      444.,      314.,      310.,      440.,      445.,      315.
      241.,      311.,      441.,      446.,      316.,      312.,      442.,      447.,      317.
      242.,      312.,      442.,      447.,      317.,      313.,      443.,      448.,      318.
      243.,      313.,      443.,      448.,      318.,      314.,      444.,      449.,      319.
      244.,      314.,      444.,      449.,      319.,      315.,      445.,      450.,      320.
      245.,      316.,      446.,      451.,      321.,      317.,      447.,      452.,      322.
      246.,      317.,      447.,      452.,      322.,      318.,      448.,      453.,      323.
      247.,      318.,      448.,      453.,      323.,      319.,      449.,      454.,      324.
      248.,      319.,      449.,      454.,      324.,      320.,      450.,      455.,      325.
      249.,      321.,      451.,      456.,      326.,      322.,      452.,      457.,      327.
      250.,      322.,      452.,      457.,      327.,      323.,      453.,      458.,      328.
      251.,      323.,      453.,      458.,      328.,      324.,      454.,      459.,      329.
      252.,      324.,      454.,      459.,      329.,      325.,      455.,      460.,      330.
      253.,      326.,      456.,      461.,      331.,      327.,      457.,      462.,      332.
      254.,      327.,      457.,      462.,      332.,      328.,      458.,      463.,      333.
      255.,      328.,      458.,      463.,      333.,      329.,      459.,      464.,      334.
      256.,      329.,      459.,      464.,      334.,      330.,      460.,      465.,      335.
      257.,      331.,      461.,      466.,      336.,      332.,      462.,      467.,      337.
      258.,      332.,      462.,      467.,      337.,      333.,      463.,      468.,      338.
      259.,      333.,      463.,      468.,      338.,      334.,      464.,      469.,      339.
      260.,      334.,      464.,      469.,      339.,      335.,      465.,      470.,      340.
      261.,      336.,      466.,      471.,      341.,      337.,      467.,      472.,      342.
      262.,      337.,      467.,      472.,      342.,      338.,      468.,      473.,      343.
      263.,      338.,      468.,      473.,      343.,      339.,      469.,      474.,      344.
      264.,      339.,      469.,      474.,      344.,      340.,      470.,      475.,      345.
      265.,      341.,      471.,      476.,      346.,      342.,      472.,      477.,      347.
      266.,      342.,      472.,      477.,      347.,      343.,      473.,      478.,      348.
      267.,      343.,      473.,      478.,      348.,      344.,      474.,      479.,      349.
      268.,      344.,      474.,      479.,      349.,      345.,      475.,      480.,      350.
      269.,      346.,      476.,      481.,      351.,      347.,      477.,      482.,      352.
      270.,      347.,      477.,      482.,      352.,      348.,      478.,      483.,      353.
      271.,      348.,      478.,      483.,      353.,      349.,      479.,      484.,      354.
      272.,      349.,      479.,      484.,      354.,      350.,      480.,      485.,      355.
      273.,      351.,      481.,      486.,      356.,      352.,      482.,      487.,      357.
      274.,      352.,      482.,      487.,      357.,      353.,      483.,      488.,      358.
      275.,      353.,      483.,      488.,      358.,      354.,      484.,      489.,      359.
      276.,      354.,      484.,      489.,      359.,      355.,      485.,      490.,      360.
      277.,      356.,      486.,      491.,      361.,      357.,      487.,      492.,      362.
      278.,      357.,      487.,      492.,      362.,      358.,      488.,      493.,      363.
      279.,      358.,      488.,      493.,      363.,      359.,      489.,      494.,      364.
      280.,      359.,      489.,      494.,      364.,      360.,      490.,      495.,      365.
      281.,      361.,      491.,      496.,      366.,      362.,      492.,      497.,      367.
      282.,      362.,      492.,      497.,      367.,      363.,      493.,      498.,      368.
      283.,      363.,      493.,      498.,      368.,      364.,      494.,      499.,      369.
      284.,      364.,      494.,      499.,      369.,      365.,      495.,      500.,      370.
      285.,      366.,      496.,      501.,      371.,      367.,      497.,      502.,      372.
      286.,      367.,      497.,      502.,      372.,      368.,      498.,      503.,      373.
      287.,      368.,      498.,      503.,      373.,      369.,      499.,      504.,      374.
      288.,      369.,      499.,      504.,      374.,      370.,      500.,      505.,      375.
      289.,      371.,      501.,      506.,      376.,      372.,      502.,      507.,      377.
      290.,      372.,      502.,      507.,      377.,      373.,      503.,      508.,      378.
      291.,      373.,      503.,      508.,      378.,      374.,      504.,      509.,      379.
      292.,      374.,      504.,      509.,      379.,      375.,      505.,      510.,      380.
      293.,      376.,      506.,      511.,      381.,      377.,      507.,      512.,      382.
      294.,      377.,      507.,      512.,      382.,      378.,      508.,      513.,      383.
      295.,      378.,      508.,      513.,      383.,      379.,      509.,      514.,      384.
      296.,      379.,      509.,      514.,      384.,      380.,      510.,      515.,      385.
      297.,      381.,      511.,      516.,      386.,      382.,      512.,      517.,      387.
      298.,      382.,      512.,      517.,      387.,      383.,      513.,      518.,      388.
      299.,      383.,      513.,      518.,      388.,      384.,      514.,      519.,      389.
      300.,      384.,      514.,      519.,      389.,      385.,      515.,      520.,      390.
      301.,      391.,      521.,      526.,      396.,      392.,      522.,      527.,      397.
      302.,      392.,      522.,      527.,      397.,      393.,      523.,      528.,      398.
      303.,      393.,      523.,      528.,      398.,      394.,      524.,      529.,      399.
      304.,      394.,      524.,      529.,      399.,      395.,      525.,      530.,      400.
      305.,      396.,      526.,      531.,      401.,      397.,      527.,      532.,      402.
      306.,      397.,      527.,      532.,      402.,      398.,      528.,      533.,      403.
      307.,      398.,      528.,      533.,      403.,      399.,      529.,      534.,      404.
      308.,      399.,      529.,      534.,      404.,      400.,      530.,      535.,      405.
      309.,      401.,      531.,      536.,      406.,      402.,      532.,      537.,      407.
      310.,      402.,      532.,      537.,      407.,      403.,      533.,      538.,      408.
      311.,      403.,      533.,      538.,      408.,      404.,      534.,      539.,      409.
      312.,      404.,      534.,      539.,      409.,      405.,      535.,      540.,      410.
      313.,      406.,      536.,      541.,      411.,      407.,      537.,      542.,      412.
      314.,      407.,      537.,      542.,      412.,      408.,      538.,      543.,      413.
      315.,      408.,      538.,      543.,      413.,      409.,      539.,      544.,      414.
      316.,      409.,      539.,      544.,      414.,      410.,      540.,      545.,      415.
      317.,      411.,      541.,      546.,      416.,      412.,      542.,      547.,      417.
      318.,      412.,      542.,      547.,      417.,      413.,      543.,      548.,      418.
      319.,      413.,      543.,      548.,      418.,      414.,      544.,      549.,      419.
      320.,      414.,      544.,      549.,      419.,      415.,      545.,      550.,      420.
      321.,      416.,      546.,      551.,      421.,      417.,      547.,      552.,      422.
      322.,      417.,      547.,      552.,      422.,      418.,      548.,      553.,      423.
      323.,      418.,      548.,      553.,      423.,      419.,      549.,      554.,      424.
      324.,      419.,      549.,      554.,      424.,      420.,      550.,      555.,      425.
      325.,      421.,      551.,      556.,      426.,      422.,      552.,      557.,      427.
      326.,      422.,      552.,      557.,      427.,      423.,      553.,      558.,      428.
      327.,      423.,      553.,      558.,      428.,      424.,      554.,      559.,      429.
      328.,      424.,      554.,      559.,      429.,      425.,      555.,      560.,      430.
      329.,      426.,      556.,      561.,      431.,      427.,      557.,      562.,      432.
      330.,      427.,      557.,      562.,      432.,      428.,      558.,      563.,      433.
      331.,      428.,      558.,      563.,      433.,      429.,      559.,      564.,      434.
      332.,      429.,      559.,      564.,      434.,      430.,      560.,      565.,      435.
      333.,      431.,      561.,      566.,      436.,      432.,      562.,      567.,      437.
      334.,      432.,      562.,      567.,      437.,      433.,      563.,      568.,      438.
      335.,      433.,      563.,      568.,      438.,      434.,      564.,      569.,      439.
      336.,      434.,      564.,      569.,      439.,      435.,      565.,      570.,      440.
      337.,      436.,      566.,      571.,      441.,      437.,      567.,      572.,      442.
      338.,      437.,      567.,      572.,      442.,      438.,      568.,      573.,      443.
      339.,      438.,      568.,      573.,      443.,      439.,      569.,      574.,      444.
      340.,      439.,      569.,      574.,      444.,      440.,      570.,      575.,      445.
      341.,      441.,      571.,      576.,      446.,      442.,      572.,      577.,      447.
      342.,      442.,      572.,      577.,      447.,      443.,      573.,      578.,      448.
      343.,      443.,      573.,      578.,      448.,      444.,      574.,      579.,      449.
      344.,      444.,      574.,      579.,      449.,      445.,      575.,      580.,      450.
      345.,      446.,      576.,      581.,      451.,      447.,      577.,      582.,      452.
      346.,      447.,      577.,      582.,      452.,      448.,      578.,      583.,      453.
      347.,      448.,      578.,      583.,      453.,      449.,      579.,      584.,      454.
      348.,      449.,      579.,      584.,      454.,      450.,      580.,      585.,      455.
      349.,      451.,      581.,      586.,      456.,      452.,      582.,      587.,      457.
      350.,      452.,      582.,      587.,      457.,      453.,      583.,      588.,      458.
      351.,      453.,      583.,      588.,      458.,      454.,      584.,      589.,      459.
      352.,      454.,      584.,      589.,      459.,      455.,      585.,      590.,      460.
      353.,      456.,      586.,      591.,      461.,      457.,      587.,      592.,      462.
      354.,      457.,      587.,      592.,      462.,      458.,      588.,      593.,      463.
      355.,      458.,      588.,      593.,      463.,      459.,      589.,      594.,      464.
      356.,      459.,      589.,      594.,      464.,      460.,      590.,      595.,      465.
      357.,      461.,      591.,      596.,      466.,      462.,      592.,      597.,      467.
      358.,      462.,      592.,      597.,      467.,      463.,      593.,      598.,      468.
      359.,      463.,      593.,      598.,      468.,      464.,      594.,      599.,      469.
      360.,      464.,      594.,      599.,      469.,      465.,      595.,      600.,      470.
      361.,      466.,      596.,      601.,      471.,      467.,      597.,      602.,      472.
      362.,      467.,      597.,      602.,      472.,      468.,      598.,      603.,      473.
      363.,      468.,      598.,      603.,      473.,      469.,      599.,      604.,      474.
      364.,      469.,      599.,      604.,      474.,      470.,      600.,      605.,      475.
      365.,      471.,      601.,      606.,      476.,      472.,      602.,      607.,      477.
      366.,      472.,      602.,      607.,      477.,      473.,      603.,      608.,      478.
      367.,      473.,      603.,      608.,      478.,      474.,      604.,      609.,      479.
      368.,      474.,      604.,      609.,      479.,      475.,      605.,      610.,      480.
      369.,      476.,      606.,      611.,      481.,      477.,      607.,      612.,      482.
      370.,      477.,      607.,      612.,      482.,      478.,      608.,      613.,      483.
      371.,      478.,      608.,      613.,      483.,      479.,      609.,      614.,      484.
      372.,      479.,      609.,      614.,      484.,      480.,      610.,      615.,      485.
      373.,      481.,      611.,      616.,      486.,      482.,      612.,      617.,      487.
      374.,      482.,      612.,      617.,      487.,      483.,      613.,      618.,      488.
      375.,      483.,      613.,      618.,      488.,      484.,      614.,      619.,      489.
      376.,      484.,      614.,      619.,      489.,      485.,      615.,      620.,      490.
      377.,      486.,      616.,      621.,      491.,      487.,      617.,      622.,      492.
      378.,      487.,      617.,      622.,      492.,      488.,      618.,      623.,      493.
      379.,      488.,      618.,      623.,      493.,      489.,      619.,      624.,      494.
      380.,      489.,      619.,      624.,      494.,      490.,      620.,      625.,      495.
      381.,      491.,      621.,      626.,      496.,      492.,      622.,      627.,      497.
      382.,      492.,      622.,      627.,      497.,      493.,      623.,      628.,      498.
      383.,      493.,      623.,      628.,      498.,      494.,      624.,      629.,      499.
      384.,      494.,      624.,      629.,      499.,      495.,      625.,      630.,      500.
      385.,      496.,      626.,      631.,      501.,      497.,      627.,      632.,      502.
      386.,      497.,      627.,      632.,      502.,      498.,      628.,      633.,      503.
      387.,      498.,      628.,      633.,      503.,      499.,      629.,      634.,      504.
      388.,      499.,      629.,      634.,      504.,      500.,      630.,      635.,      505.
      389.,      501.,      631.,      636.,      506.,      502.,      632.,      637.,      507.
      390.,      502.,      632.,      637.,      507.,      503.,      633.,      638.,      508.
      391.,      503.,      633.,      638.,      508.,      504.,      634.,      639.,      509.
      392.,      504.,      634.,      639.,      509.,      505.,      635.,      640.,      510.
      393.,      506.,      636.,      641.,      511.,      507.,      637.,      642.,      512.
      394.,      507.,      637.,      642.,      512.,      508.,      638.,      643.,      513.
      395.,      508.,      638.,      643.,      513.,      509.,      639.,      644.,      514.
      396.,      509.,      639.,      644.,      514.,      510.,      640.,      645.,      515.
      397.,      511.,      641.,      646.,      516.,      512.,      642.,      647.,      517.
      398.,      512.,      642.,      647.,      517.,      513.,      643.,      648.,      518.
      399.,      513.,      643.,      648.,      518.,      514.,      644.,      649.,      519.
      400.,      514.,      644.,      649.,      519.,      515.,      645.,      650.,      520.
      401.,      521.,      651.,      656.,      526.,      522.,      652.,      657.,      527.
      402.,      522.,      652.,      657.,      527.,      523.,      653.,      658.,      528.
      403.,      523.,      653.,      658.,      528.,      524.,      654.,      659.,      529.
      404.,      524.,      654.,      659.,      529.,      525.,      655.,      660.,      530.
      405.,      526.,      656.,      661.,      531.,      527.,      657.,      662.,      532.
      406.,      527.,      657.,      662.,      532.,      528.,      658.,      663.,      533.
      407.,      528.,      658.,      663.,      533.,      529.,      659.,      664.,      534.
      408.,      529.,      659.,      664.,      534.,      530.,      660.,      665.,      535.
      409.,      531.,      661.,      666.,      536.,      532.,      662.,      667.,      537.
      410.,      532.,      662.,      667.,      537.,      533.,      663.,      668.,      538.
      411.,      533.,      663.,      668.,      538.,      534.,      664.,      669.,      539.
      412.,      534.,      664.,      669.,      539.,      535.,      665.,      670.,      540.
      413.,      536.,      666.,      671.,      541.,      537.,      667.,      672.,      542.
      414.,      537.,      667.,      672.,      542.,      538.,      668.,      673.,      543.
      415.,      538.,      668.,      673.,      543.,      539.,      669.,      674.,      544.
      416.,      539.,      669.,      674.,      544.,      540.,      670.,      675.,      545.
      417.,      541.,      671.,      676.,      546.,      542.,      672.,      677.,      547.
      418.,      542.,      672.,      677.,      547.,      543.,      673.,      678.,      548.
      419.,      543.,      673.,      678.,      548.,      544.,      674.,      679.,      549.
      420.,      544.,      674.,      679.,      549.,      545.,      675.,      680.,      550.
      421.,      546.,      676.,      681.,      551.,      547.,      677.,      682.,      552.
      422.,      547.,      677.,      682.,      552.,      548.,      678.,      683.,      553.
      423.,      548.,      678.,      683.,      553.,      549.,      679.,      684.,      554.
      424.,      549.,      679.,      684.,      554.,      550.,      680.,      685.,      555.
      425.,      551.,      681.,      686.,      556.,      552.,      682.,      687.,      557.
      426.,      552.,      682.,      687.,      557.,      553.,      683.,      688.,      558.
      427.,      553.,      683.,      688.,      558.,      554.,      684.,      689.,      559.
      428.,      554.,      684.,      689.,      559.,      555.,      685.,      690.,      560.
      429.,      556.,      686.,      691.,      561.,      557.,      687.,      692.,      562.
      430.,      557.,      687.,      692.,      562.,      558.,      688.,      693.,      563.
      431.,      558.,      688.,      693.,      563.,      559.,      689.,      694.,      564.
      432.,      559.,      689.,      694.,      564.,      560.,      690.,      695.,      565.
      433.,      561.,      691.,      696.,      566.,      562.,      692.,      697.,      567.
      434.,      562.,      692.,      697.,      567.,      563.,      693.,      698.,      568.
      435.,      563.,      693.,      698.,      568.,      564.,      694.,      699.,      569.
      436.,      564.,      694.,      699.,      569.,      565.,      695.,      700.,      570.
      437.,      566.,      696.,      701.,      571.,      567.,      697.,      702.,      572.
      438.,      567.,      697.,      702.,      572.,      568.,      698.,      703.,      573.
      439.,      568.,      698.,      703.,      573.,      569.,      699.,      704.,      574.
      440.,      569.,      699.,      704.,      574.,      570.,      700.,      705.,      575.
      441.,      571.,      701.,      706.,      576.,      572.,      702.,      707.,      577.
      442.,      572.,      702.,      707.,      577.,      573.,      703.,      708.,      578.
      443.,      573.,      703.,      708.,      578.,      574.,      704.,      709.,      579.
      444.,      574.,      704.,      709.,      579.,      575.,      705.,      710.,      580.
      445.,      576.,      706.,      711.,      581.,      577.,      707.,      712.,      582.
      446.,      577.,      707.,      712.,      582.,      578.,      708.,      713.,      583.
      447.,      578.,      708.,      713.,      583.,      579.,      709.,      714.,      584.
      448.,      579.,      709.,      714.,      584.,      580.,      710.,      715.,      585.
      449.,      581.,      711.,      716.,      586.,      582.,      712.,      717.,      587.
      450.,      582.,      712.,      717.,      587.,      583.,      713.,      718.,      588.
      451.,      583.,      713.,      718.,      588.,      584.,      714.,      719.,      589.
      452.,      584.,      714.,      719.,      589.,      585.,      715.,      720.,      590.
      453.,      586.,      716.,      721.,      591.,      587.,      717.,      722.,      592.
      454.,      587.,      717.,      722.,      592.,      588.,      718.,      723.,      593.
      455.,      588.,      718.,      723.,      593.,      589.,      719.,      724.,      594.
      456.,      589.,      719.,      724.,      594.,      590.,      720.,      725.,      595.
      457.,      591.,      721.,      726.,      596.,      592.,      722.,      727.,      597.
      458.,      592.,      722.,      727.,      597.,      593.,      723.,      728.,      598.
      459.,      593.,      723.,      728.,      598.,      594.,      724.,      729.,      599.
      460.,      594.,      724.,      729.,      599.,      595.,      725.,      730.,      600.
      461.,      596.,      726.,      731.,      601.,      597.,      727.,      732.,      602.
      462.,      597.,      727.,      732.,      602.,      598.,      728.,      733.,      603.
      463.,      598.,      728.,      733.,      603.,      599.,      729.,      734.,      604.
      464.,      599.,      729.,      734.,      604.,      600.,      730.,      735.,      605.
      465.,      601.,      731.,      736.,      606.,      602.,      732.,      737.,      607.
      466.,      602.,      732.,      737.,      607.,      603.,      733.,      738.,      608.
      467.,      603.,      733.,      738.,      608.,      604.,      734.,      739.,      609.
      468.,      604.,      734.,      739.,      609.,      605.,      735.,      740.,      610.
      469.,      606.,      736.,      741.,      611.,      607.,      737.,      742.,      612.
      470.,      607.,      737.,      742.,      612.,      608.,      738.,      743.,      613.
      471.,      608.,      738.,      743.,      613.,      609.,      739.,      744.,      614.
      472.,      609.,      739.,      744.,      614.,      610.,      740.,      745.,      615.
      473.,      611.,      741.,      746.,      616.,      612.,      742.,      747.,      617.
      474.,      612.,      742.,      747.,      617.,      613.,      743.,      748.,      618.
      475.,      613.,      743.,      748.,      618.,      614.,      744.,      749.,      619.
      476.,      614.,      744.,      749.,      619.,      615.,      745.,      750.,      620.
      477.,      616.,      746.,      751.,      621.,      617.,      747.,      752.,      622.
      478.,      617.,      747.,      752.,      622.,      618.,      748.,      753.,      623.
      479.,      618.,      748.,      753.,      623.,      619.,      749.,      754.,      624.
      480.,      619.,      749.,      754.,      624.,      620.,      750.,      755.,      625.
      481.,      621.,      751.,      756.,      626.,      622.,      752.,      757.,      627.
      482.,      622.,      752.,      757.,      627.,      623.,      753.,      758.,      628.
      483.,      623.,      753.,      758.,      628.,      624.,      754.,      759.,      629.
      484.,      624.,      754.,      759.,      629.,      625.,      755.,      760.,      630.
      485.,      626.,      756.,      761.,      631.,      627.,      757.,      762.,      632.
      486.,      627.,      757.,      762.,      632.,      628.,      758.,      763.,      633.
      487.,      628.,      758.,      763.,      633.,      629.,      759.,      764.,      634.
      488.,      629.,      759.,      764.,      634.,      630.,      760.,      765.,      635.
      489.,      631.,      761.,      766.,      636.,      632.,      762.,      767.,      637.
      490.,      632.,      762.,      767.,      637.,      633.,      763.,      768.,      638.
      491.,      633.,      763.,      768.,      638.,      634.,      764.,      769.,      639.
      492.,      634.,      764.,      769.,      639.,      635.,      765.,      770.,      640.
      493.,      636.,      766.,      771.,      641.,      637.,      767.,      772.,      642.
      494.,      637.,      767.,      772.,      642.,      638.,      768.,      773.,      643.
      495.,      638.,      768.,      773.,      643.,      639.,      769.,      774.,      644.
      496.,      639.,      769.,      774.,      644.,      640.,      770.,      775.,      645.
      497.,      641.,      771.,      776.,      646.,      642.,      772.,      777.,      647.
      498.,      642.,      772.,      777.,      647.,      643.,      773.,      778.,      648.
      499.,      643.,      773.,      778.,      648.,      644.,      774.,      779.,      649.
      500.,      644.,      774.,      779.,      649.,      645.,      775.,      780.,      650.
      501.,      651.,      781.,      786.,      656.,      652.,      782.,      787.,      657.
      502.,      652.,      782.,      787.,      657.,      653.,      783.,      788.,      658.
      503.,      653.,      783.,      788.,      658.,      654.,      784.,      789.,      659.
      504.,      654.,      784.,      789.,      659.,      655.,      785.,      790.,      660.
      505.,      656.,      786.,      791.,      661.,      657.,      787.,      792.,      662.
      506.,      657.,      787.,      792.,      662.,      658.,      788.,      793.,      663.
      507.,      658.,      788.,      793.,      663.,      659.,      789.,      794.,      664.
      508.,      659.,      789.,      794.,      664.,      660.,      790.,      795.,      665.
      509.,      661.,      791.,      796.,      666.,      662.,      792.,      797.,      667.
      510.,      662.,      792.,      797.,      667.,      663.,      793.,      798.,      668.
      511.,      663.,      793.,      798.,      668.,      664.,      794.,      799.,      669.
      512.,      664.,      794.,      799.,      669.,      665.,      795.,      800.,      670.
      513.,      666.,      796.,      801.,      671.,      667.,      797.,      802.,      672.
      514.,      667.,      797.,      802.,      672.,      668.,      798.,      803.,      673.
      515.,      668.,      798.,      803.,      673.,      669.,      799.,      804.,      674.
      516.,      669.,      799.,      804.,      674.,      670.,      800.,      805.,      675.
      517.,      671.,      801.,      806.,      676.,      672.,      802.,      807.,      677.
      518.,      672.,      802.,      807.,      677.,      673.,      803.,      808.,      678.
      519.,      673.,      803.,      808.,      678.,      674.,      804.,      809.,      679.
      520.,      674.,      804.,      809.,      679.,      675.,      805.,      810.,      680.
      521.,      676.,      806.,      811.,      681.,      677.,      807.,      812.,      682.
      522.,      677.,      807.,      812.,      682.,      678.,      808.,      813.,      683.
      523.,      678.,      808.,      813.,      683.,      679.,      809.,      814.,      684.
      524.,      679.,      809.,      814.,      684.,      680.,      810.,      815.,      685.
      525.,      681.,      811.,      816.,      686.,      682.,      812.,      817.,      687.
      526.,      682.,      812.,      817.,      687.,      683.,      813.,      818.,      688.
      527.,      683.,      813.,      818.,      688.,      684.,      814.,      819.,      689.
      528.,      684.,      814.,      819.,      689.,      685.,      815.,      820.,      690.
      529.,      686.,      816.,      821.,      691.,      687.,      817.,      822.,      692.
      530.,      687.,      817.,      822.,      692.,      688.,      818.,      823.,      693.
      531.,      688.,      818.,      823.,      693.,      689.,      819.,      824.,      694.
      532.,      689.,      819.,      824.,      694.,      690.,      820.,      825.,      695.
      533.,      691.,      821.,      826.,      696.,      692.,      822.,      827.,      697.
      534.,      692.,      822.,      827.,      697.,      693.,      823.,      828.,      698.
      535.,      693.,      823.,      828.,      698.,      694.,      824.,      829.,      699.
      536.,      694.,      824.,      829.,      699.,      695.,      825.,      830.,      700.
      537.,      696.,      826.,      831.,      701.,      697.,      827.,      832.,      702.
      538.,      697.,      827.,      832.,      702.,      698.,      828.,      833.,      703.
      539.,      698.,      828.,      833.,      703.,      699.,      829.,      834.,      704.
      540.,      699.,      829.,      834.,      704.,      700.,      830.,      835.,      705.
      541.,      701.,      831.,      836.,      706.,      702.,      832.,      837.,      707.
      542.,      702.,      832.,      837.,      707.,      703.,      833.,      838.,      708.
      543.,      703.,      833.,      838.,      708.,      704.,      834.,      839.,      709.
      544.,      704.,      834.,      839.,      709.,      705.,      835.,      840.,      710.
      545.,      706.,      836.,      841.,      711.,      707.,      837.,      842.,      712.
      546.,      707.,      837.,      842.,      712.,      708.,      838.,      843.,      713.
      547.,      708.,      838.,      843.,      713.,      709.,      839.,      844.,      714.
      548.,      709.,      839.,      844.,      714.,      710.,      840.,      845.,      715.
      549.,      711.,      841.,      846.,      716.,      712.,      842.,      847.,      717.
      550.,      712.,      842.,      847.,      717.,      713.,      843.,      848.,      718.
      551.,      713.,      843.,      848.,      718.,      714.,      844.,      849.,      719.
      552.,      714.,      844.,      849.,      719.,      715.,      845.,      850.,      720.
      553.,      716.,      846.,      851.,      721.,      717.,      847.,      852.,      722.
      554.,      717.,      847.,      852.,      722.,      718.,      848.,      853.,      723.
      555.,      718.,      848.,      853.,      723.,      719.,      849.,      854.,      724.
      556.,      719.,      849.,      854.,      724.,      720.,      850.,      855.,      725.
      557.,      721.,      851.,      856.,      726.,      722.,      852.,      857.,      727.
      558.,      722.,      852.,      857.,      727.,      723.,      853.,      858.,      728.
      559.,      723.,      853.,      858.,      728.,      724.,      854.,      859.,      729.
      560.,      724.,      854.,      859.,      729.,      725.,      855.,      860.,      730.
      561.,      726.,      856.,      861.,      731.,      727.,      857.,      862.,      732.
      562.,      727.,      857.,      862.,      732.,      728.,      858.,      863.,      733.
      563.,      728.,      858.,      863.,      733.,      729.,      859.,      864.,      734.
      564.,      729.,      859.,      864.,      734.,      730.,      860.,      865.,      735.
      565.,      731.,      861.,      866.,      736.,      732.,      862.,      867.,      737.
      566.,      732.,      862.,      867.,      737.,      733.,      863.,      868.,      738.
      567.,      733.,      863.,      868.,      738.,      734.,      864.,      869.,      739.
      568.,      734.,      864.,      869.,      739.,      735.,      865.,      870.,      740.
      569.,      736.,      866.,      871.,      741.,      737.,      867.,      872.,      742.
      570.,      737.,      867.,      872.,      742.,      738.,      868.,      873.,      743.
      571.,      738.,      868.,      873.,      743.,      739.,      869.,      874.,      744.
      572.,      739.,      869.,      874.,      744.,      740.,      870.,      875.,      745.
      573.,      741.,      871.,      876.,      746.,      742.,      872.,      877.,      747.
      574.,      742.,      872.,      877.,      747.,      743.,      873.,      878.,      748.
      575.,      743.,      873.,      878.,      748.,      744.,      874.,      879.,      749.
      576.,      744.,      874.,      879.,      749.,      745.,      875.,      880.,      750.
      577.,      746.,      876.,      881.,      751.,      747.,      877.,      882.,      752.
      578.,      747.,      877.,      882.,      752.,      748.,      878.,      883.,      753.
      579.,      748.,      878.,      883.,      753.,      749.,      879.,      884.,      754.
      580.,      749.,      879.,      884.,      754.,      750.,      880.,      885.,      755.
      581.,      751.,      881.,      886.,      756.,      752.,      882.,      887.,      757.
      582.,      752.,      882.,      887.,      757.,      753.,      883.,      888.,      758.
      583.,      753.,      883.,      888.,      758.,      754.,      884.,      889.,      759.
      584.,      754.,      884.,      889.,      759.,      755.,      885.,      890.,      760.
      585.,      756.,      886.,      891.,      761.,      757.,      887.,      892.,      762.
      586.,      757.,      887.,      892.,      762.,      758.,      888.,      893.,      763.
      587.,      758.,      888.,      893.,      763.,      759.,      889.,      894.,      764.
      588.,      759.,      889.,      894.,      764.,      760.,      890.,      895.,      765.
      589.,      761.,      891.,      896.,      766.,      762.,      892.,      897.,      767.
      590.,      762.,      892.,      897.,      767.,      763.,      893.,      898.,      768.
      591.,      763.,      893.,      898.,      768.,      764.,      894.,      899.,      769.
      592.,      764.,      894.,      899.,      769.,      765.,      895.,      900.,      770.
      593.,      766.,      896.,      901.,      771.,      767.,      897.,      902.,      772.
      594.,      767.,      897.,      902.,      772.,      768.,      898.,      903.,      773.
      595.,      768.,      898.,      903.,      773.,      769.,      899.,      904.,      774.
      596.,      769.,      899.,      904.,      774.,      770.,      900.,      905.,      775.
      597.,      771.,      901.,      906.,      776.,      772.,      902.,      907.,      777.
      598.,      772.,      902.,      907.,      777.,      773.,      903.,      908.,      778.
      599.,      773.,      903.,      908.,      778.,      774.,      904.,      909.,      779.
      600.,      774.,      904.,      909.,      779.,      775.,      905.,      910.,      780.
      601.,      781.,      911.,      916.,      786.,      782.,      912.,      917.,      787.
      602.,      782.,      912.,      917.,      787.,      783.,      913.,      918.,      788.
      603.,      783.,      913.,      918.,      788.,      784.,      914.,      919.,      789.
      604.,      784.,      914.,      919.,      789.,      785.,      915.,      920.,      790.
      605.,      786.,      916.,      921.,      791.,      787.,      917.,      922.,      792.
      606.,      787.,      917.,      922.,      792.,      788.,      918.,      923.,      793.
      607.,      788.,      918.,      923.,      793.,      789.,      919.,      924.,      794.
      608.,      789.,      919.,      924.,      794.,      790.,      920.,      925.,      795.
      609.,      791.,      921.,      926.,      796.,      792.,      922.,      927.,      797.
      610.,      792.,      922.,      927.,      797.,      793.,      923.,      928.,      798.
      611.,      793.,      923.,      928.,      798.,      794.,      924.,      929.,      799.
      612.,      794.,      924.,      929.,      799.,      795.,      925.,      930.,      800.
      613.,      796.,      926.,      931.,      801.,      797.,      927.,      932.,      802.
      614.,      797.,      927.,      932.,      802.,      798.,      928.,      933.,      803.
      615.,      798.,      928.,      933.,      803.,      799.,      929.,      934.,      804.
      616.,      799.,      929.,      934.,      804.,      800.,      930.,      935.,      805.
      617.,      801.,      931.,      936.,      806.,      802.,      932.,      937.,      807.
      618.,      802.,      932.,      937.,      807.,      803.,      933.,      938.,      808.
      619.,      803.,      933.,      938.,      808.,      804.,      934.,      939.,      809.
      620.,      804.,      934.,      939.,      809.,      805.,      935.,      940.,      810.
      621.,      806.,      936.,      941.,      811.,      807.,      937.,      942.,      812.
      622.,      807.,      937.,      942.,      812.,      808.,      938.,      943.,      813.
      623.,      808.,      938.,      943.,      813.,      809.,      939.,      944.,      814.
      624.,      809.,      939.,      944.,      814.,      810.,      940.,      945.,      815.
      625.,      811.,      941.,      946.,      816.,      812.,      942.,      947.,      817.
      626.,      812.,      942.,      947.,      817.,      813.,      943.,      948.,      818.
      627.,      813.,      943.,      948.,      818.,      814.,      944.,      949.,      819.
      628.,      814.,      944.,      949.,      819.,      815.,      945.,      950.,      820.
      629.,      816.,      946.,      951.,      821.,      817.,      947.,      952.,      822.
      630.,      817.,      947.,      952.,      822.,      818.,      948.,      953.,      823.
      631.,      818.,      948.,      953.,      823.,      819.,      949.,      954.,      824.
      632.,      819.,      949.,      954.,      824.,      820.,      950.,      955.,      825.
      633.,      821.,      951.,      956.,      826.,      822.,      952.,      957.,      827.
      634.,      822.,      952.,      957.,      827.,      823.,      953.,      958.,      828.
      635.,      823.,      953.,      958.,      828.,      824.,      954.,      959.,      829.
      636.,      824.,      954.,      959.,      829.,      825.,      955.,      960.,      830.
      637.,      826.,      956.,      961.,      831.,      827.,      957.,      962.,      832.
      638.,      827.,      957.,      962.,      832.,      828.,      958.,      963.,      833.
      639.,      828.,      958.,      963.,      833.,      829.,      959.,      964.,      834.
      640.,      829.,      959.,      964.,      834.,      830.,      960.,      965.,      835.
      641.,      831.,      961.,      966.,      836.,      832.,      962.,      967.,      837.
      642.,      832.,      962.,      967.,      837.,      833.,      963.,      968.,      838.
      643.,      833.,      963.,      968.,      838.,      834.,      964.,      969.,      839.
      644.,      834.,      964.,      969.,      839.,      835.,      965.,      970.,      840.
      645.,      836.,      966.,      971.,      841.,      837.,      967.,      972.,      842.
      646.,      837.,      967.,      972.,      842.,      838.,      968.,      973.,      843.
      647.,      838.,      968.,      973.,      843.,      839.,      969.,      974.,      844.
      648.,      839.,      969.,      974.,      844.,      840.,      970.,      975.,      845.
      649.,      841.,      971.,      976.,      846.,      842.,      972.,      977.,      847.
      650.,      842.,      972.,      977.,      847.,      843.,      973.,      978.,      848.
      651.,      843.,      973.,      978.,      848.,      844.,      974.,      979.,      849.
      652.,      844.,      974.,      979.,      849.,      845.,      975.,      980.,      850.
      653.,      846.,      976.,      981.,      851.,      847.,      977.,      982.,      852.
      654.,      847.,      977.,      982.,      852.,      848.,      978.,      983.,      853.
      655.,      848.,      978.,      983.,      853.,      849.,      979.,      984.,      854.
      656.,      849.,      979.,      984.,      854.,      850.,      980.,      985.,      855.
      657.,      851.,      981.,      986.,      856.,      852.,      982.,      987.,      857.
      658.,      852.,      982.,      987.,      857.,      853.,      983.,      988.,      858.
      659.,      853.,      983.,      988.,      858.,      854.,      984.,      989.,      859.
      660.,      854.,      984.,      989.,      859.,      855.,      985.,      990.,      860.
      661.,      856.,      986.,      991.,      861.,      857.,      987.,      992.,      862.
      662.,      857.,      987.,      992.,      862.,      858.,      988.,      993.,      863.
      663.,      858.,      988.,      993.,      863.,      859.,      989.,      994.,      864.
      664.,      859.,      989.,      994.,      864.,      860.,      990.,      995.,      865.
      665.,      861.,      991.,      996.,      866.,      862.,      992.,      997.,      867.
      666.,      862.,      992.,      997.,      867.,      863.,      993.,      998.,      868.
      667.,      863.,      993.,      998.,      868.,      864.,      994.,      999.,      869.
      668.,      864.,      994.,      999.,      869.,      865.,      995.,     1000.,      870.
      669.,      866.,      996.,     1001.,      871.,      867.,      997.,     1002.,      872.
      670.,      867.,      997.,     1002.,      872.,      868.,      998.,     1003.,      873.
      671.,      868.,      998.,     1003.,      873.,      869.,      999.,     1004.,      874.
      672.,      869.,      999.,     1004.,      874.,      870.,     1000.,     1005.,      875.
      673.,      871.,     1001.,     1006.,      876.,      872.,     1002.,     1007.,      877.
      674.,      872.,     1002.,     1007.,      877.,      873.,     1003.,     1008.,      878.
      675.,      873.,     1003.,     1008.,      878.,      874.,     1004.,     1009.,      879.
      676.,      874.,     1004.,     1009.,      879.,      875.,     1005.,     1010.,      880.
      677.,      876.,     1006.,     1011.,      881.,      877.,     1007.,     1012.,      882.
      678.,      877.,     1007.,     1012.,      882.,      878.,     1008.,     1013.,      883.
      679.,      878.,     1008.,     1013.,      883.,      879.,     1009.,     1014.,      884.
      680.,      879.,     1009.,     1014.,      884.,      880.,     1010.,     1015.,      885.
      681.,      881.,     1011.,     1016.,      886.,      882.,     1012.,     1017.,      887.
      682.,      882.,     1012.,     1017.,      887.,      883.,     1013.,     1018.,      888.
      683.,      883.,     1013.,     1018.,      888.,      884.,     1014.,     1019.,      889.
      684.,      884.,     1014.,     1019.,      889.,      885.,     1015.,     1020.,      890.
      685.,      886.,     1016.,     1021.,      891.,      887.,     1017.,     1022.,      892.
      686.,      887.,     1017.,     1022.,      892.,      888.,     1018.,     1023.,      893.
      687.,      888.,     1018.,     1023.,      893.,      889.,     1019.,     1024.,      894.
      688.,      889.,     1019.,     1024.,      894.,      890.,     1020.,     1025.,      895.
      689.,      891.,     1021.,     1026.,      896.,      892.,     1022.,     1027.,      897.
      690.,      892.,     1022.,     1027.,      897.,      893.,     1023.,     1028.,      898.
      691.,      893.,     1023.,     1028.,      898.,      894.,     1024.,     1029.,      899.
      692.,      894.,     1024.,     1029.,      899.,      895.,     1025.,     1030.,      900.
      693.,      896.,     1026.,     1031.,      901.,      897.,     1027.,     1032.,      902.
      694.,      897.,     1027.,     1032.,      902.,      898.,     1028.,     1033.,      903.
      695.,      898.,     1028.,     1033.,      903.,      899.,     1029.,     1034.,      904.
      696.,      899.,     1029.,     1034.,      904.,      900.,     1030.,     1035.,      905.
      697.,      901.,     1031.,     1036.,      906.,      902.,     1032.,     1037.,      907.
      698.,      902.,     1032.,     1037.,      907.,      903.,     1033.,     1038.,      908.
      699.,      903.,     1033.,     1038.,      908.,      904.,     1034.,     1039.,      909.
      700.,      904.,     1034.,     1039.,      909.,      905.,     1035.,     1040.,      910.
      701.,      911.,     1041.,     1046.,      916.,      912.,     1042.,     1047.,      917.
      702.,      912.,     1042.,     1047.,      917.,      913.,     1043.,     1048.,      918.
      703.,      913.,     1043.,     1048.,      918.,      914.,     1044.,     1049.,      919.
      704.,      914.,     1044.,     1049.,      919.,      915.,     1045.,     1050.,      920.
      705.,      916.,     1046.,     1051.,      921.,      917.,     1047.,     1052.,      922.
      706.,      917.,     1047.,     1052.,      922.,      918.,     1048.,     1053.,      923.
      707.,      918.,     1048.,     1053.,      923.,      919.,     1049.,     1054.,      924.
      708.,      919.,     1049.,     1054.,      924.,      920.,     1050.,     1055.,      925.
      709.,      921.,     1051.,     1056.,      926.,      922.,     1052.,     1057.,      927.
      710.,      922.,     1052.,     1057.,      927.,      923.,     1053.,     1058.,      928.
      711.,      923.,     1053.,     1058.,      928.,      924.,     1054.,     1059.,      929.
      712.,      924.,     1054.,     1059.,      929.,      925.,     1055.,     1060.,      930.
      713.,      926.,     1056.,     1061.,      931.,      927.,     1057.,     1062.,      932.
      714.,      927.,     1057.,     1062.,      932.,      928.,     1058.,     1063.,      933.
      715.,      928.,     1058.,     1063.,      933.,      929.,     1059.,     1064.,      934.
      716.,      929.,     1059.,     1064.,      934.,      930.,     1060.,     1065.,      935.
      717.,      931.,     1061.,     1066.,      936.,      932.,     1062.,     1067.,      937.
      718.,      932.,     1062.,     1067.,      937.,      933.,     1063.,     1068.,      938.
      719.,      933.,     1063.,     1068.,      938.,      934.,     1064.,     1069.,      939.
      720.,      934.,     1064.,     1069.,      939.,      935.,     1065.,     1070.,      940.
      721.,      936.,     1066.,     1071.,      941.,      937.,     1067.,     1072.,      942.
      722.,      937.,     1067.,     1072.,      942.,      938.,     1068.,     1073.,      943.
      723.,      938.,     1068.,     1073.,      943.,      939.,     1069.,     1074.,      944.
      724.,      939.,     1069.,     1074.,      944.,      940.,     1070.,     1075.,      945.
      725.,      941.,     1071.,     1076.,      946.,      942.,     1072.,     1077.,      947.
      726.,      942.,     1072.,     1077.,      947.,      943.,     1073.,     1078.,      948.
      727.,      943.,     1073.,     1078.,      948.,      944.,     1074.,     1079.,      949.
      728.,      944.,     1074.,     1079.,      949.,      945.,     1075.,     1080.,      950.
      729.,      946.,     1076.,     1081.,      951.,      947.,     1077.,     1082.,      952.
      730.,      947.,     1077.,     1082.,      952.,      948.,     1078.,     1083.,      953.
      731.,      948.,     1078.,     1083.,      953.,      949.,     1079.,     1084.,      954.
      732.,      949.,     1079.,     1084.,      954.,      950.,     1080.,     1085.,      955.
      733.,      951.,     1081.,     1086.,      956.,      952.,     1082.,     1087.,      957.
      734.,      952.,     1082.,     1087.,      957.,      953.,     1083.,     1088.,      958.
      735.,      953.,     1083.,     1088.,      958.,      954.,     1084.,     1089.,      959.
      736.,      954.,     1084.,     1089.,      959.,      955.,     1085.,     1090.,      960.
      737.,      956.,     1086.,     1091.,      961.,      957.,     1087.,     1092.,      962.
      738.,      957.,     1087.,     1092.,      962.,      958.,     1088.,     1093.,      963.
      739.,      958.,     1088.,     1093.,      963.,      959.,     1089.,     1094.,      964.
      740.,      959.,     1089.,     1094.,      964.,      960.,     1090.,     1095.,      965.
      741.,      961.,     1091.,     1096.,      966.,      962.,     1092.,     1097.,      967.
      742.,      962.,     1092.,     1097.,      967.,      963.,     1093.,     1098.,      968.
      743.,      963.,     1093.,     1098.,      968.,      964.,     1094.,     1099.,      969.
      744.,      964.,     1094.,     1099.,      969.,      965.,     1095.,     1100.,      970.
      745.,      966.,     1096.,     1101.,      971.,      967.,     1097.,     1102.,      972.
      746.,      967.,     1097.,     1102.,      972.,      968.,     1098.,     1103.,      973.
      747.,      968.,     1098.,     1103.,      973.,      969.,     1099.,     1104.,      974.
      748.,      969.,     1099.,     1104.,      974.,      970.,     1100.,     1105.,      975.
      749.,      971.,     1101.,     1106.,      976.,      972.,     1102.,     1107.,      977.
      750.,      972.,     1102.,     1107.,      977.,      973.,     1103.,     1108.,      978.
      751.,      973.,     1103.,     1108.,      978.,      974.,     1104.,     1109.,      979.
      752.,      974.,     1104.,     1109.,      979.,      975.,     1105.,     1110.,      980.
      753.,      976.,     1106.,     1111.,      981.,      977.,     1107.,     1112.,      982.
      754.,      977.,     1107.,     1112.,      982.,      978.,     1108.,     1113.,      983.
      755.,      978.,     1108.,     1113.,      983.,      979.,     1109.,     1114.,      984.
      756.,      979.,     1109.,     1114.,      984.,      980.,     1110.,     1115.,      985.
      757.,      981.,     1111.,     1116.,      986.,      982.,     1112.,     1117.,      987.
      758.,      982.,     1112.,     1117.,      987.,      983.,     1113.,     1118.,      988.
      759.,      983.,     1113.,     1118.,      988.,      984.,     1114.,     1119.,      989.
      760.,      984.,     1114.,     1119.,      989.,      985.,     1115.,     1120.,      990.
      761.,      986.,     1116.,     1121.,      991.,      987.,     1117.,     1122.,      992.
      762.,      987.,     1117.,     1122.,      992.,      988.,     1118.,     1123.,      993.
      763.,      988.,     1118.,     1123.,      993.,      989.,     1119.,     1124.,      994.
      764.,      989.,     1119.,     1124.,      994.,      990.,     1120.,     1125.,      995.
      765.,      991.,     1121.,     1126.,      996.,      992.,     1122.,     1127.,      997.
      766.,      992.,     1122.,     1127.,      997.,      993.,     1123.,     1128.,      998.
      767.,      993.,     1123.,     1128.,      998.,      994.,     1124.,     1129.,      999.
      768.,      994.,     1124.,     1129.,      999.,      995.,     1125.,     1130.,     1000.
      769.,      996.,     1126.,     1131.,     1001.,      997.,     1127.,     1132.,     1002.
      770.,      997.,     1127.,     1132.,     1002.,      998.,     1128.,     1133.,     1003.
      771.,      998.,     1128.,     1133.,     1003.,      999.,     1129.,     1134.,     1004.
      772.,      999.,     1129.,     1134.,     1004.,     1000.,     1130.,     1135.,     1005.
      773.,     1001.,     1131.,     1136.,     1006.,     1002.,     1132.,     1137.,     1007.
      774.,     1002.,     1132.,     1137.,     1007.,     1003.,     1133.,     1138.,     1008.
      775.,     1003.,     1133.,     1138.,     1008.,     1004.,     1134.,     1139.,     1009.
      776.,     1004.,     1134.,     1139.,     1009.,     1005.,     1135.,     1140.,     1010.
      777.,     1006.,     1136.,     1141.,     1011.,     1007.,     1137.,     1142.,     1012.
      778.,     1007.,     1137.,     1142.,     1012.,     1008.,     1138.,     1143.,     1013.
      779.,     1008.,     1138.,     1143.,     1013.,     1009.,     1139.,     1144.,     1014.
      780.,     1009.,     1139.,     1144.,     1014.,     1010.,     1140.,     1145.,     1015.
      781.,     1011.,     1141.,     1146.,     1016.,     1012.,     1142.,     1147.,     1017.
      782.,     1012.,     1142.,     1147.,     1017.,     1013.,     1143.,     1148.,     1018.
      783.,     1013.,     1143.,     1148.,     1018.,     1014.,     1144.,     1149.,     1019.
      784.,     1014.,     1144.,     1149.,     1019.,     1015.,     1145.,     1150.,     1020.
      785.,     1016.,     1146.,     1151.,     1021.,     1017.,     1147.,     1152.,     1022.
      786.,     1017.,     1147.,     1152.,     1022.,     1018.,     1148.,     1153.,     1023.
      787.,     1018.,     1148.,     1153.,     1023.,     1019.,     1149.,     1154.,     1024.
      788.,     1019.,     1149.,     1154.,     1024.,     1020.,     1150.,     1155.,     1025.
      789.,     1021.,     1151.,     1156.,     1026.,     1022.,     1152.,     1157.,     1027.
      790.,     1022.,     1152.,     1157.,     1027.,     1023.,     1153.,     1158.,     1028.
      791.,     1023.,     1153.,     1158.,     1028.,     1024.,     1154.,     1159.,     1029.
      792.,     1024.,     1154.,     1159.,     1029.,     1025.,     1155.,     1160.,     1030.
      793.,     1026.,     1156.,     1161.,     1031.,     1027.,     1157.,     1162.,     1032.
      794.,     1027.,     1157.,     1162.,     1032.,     1028.,     1158.,     1163.,     1033.
      795.,     1028.,     1158.,     1163.,     1033.,     1029.,     1159.,     1164.,     1034.
      796.,     1029.,     1159.,     1164.,     1034.,     1030.,     1160.,     1165.,     1035.
      797.,     1031.,     1161.,     1166.,     1036.,     1032.,     1162.,     1167.,     1037.
      798.,     1032.,     1162.,     1167.,     1037.,     1033.,     1163.,     1168.,     1038.
      799.,     1033.,     1163.,     1168.,     1038.,     1034.,     1164.,     1169.,     1039.
      800.,     1034.,     1164.,     1169.,     1039.,     1035.,     1165.,     1170.,     1040.
      801.,     1041.,     1171.,     1176.,     1046.,     1042.,     1172.,     1177.,     1047.
      802.,     1042.,     1172.,     1177.,     1047.,     1043.,     1173.,     1178.,     1048.
      803.,     1043.,     1173.,     1178.,     1048.,     1044.,     1174.,     1179.,     1049.
      804.,     1044.,     1174.,     1179.,     1049.,     1045.,     1175.,     1180.,     1050.
      805.,     1046.,     1176.,     1181.,     1051.,     1047.,     1177.,     1182.,     1052.
      806.,     1047.,     1177.,     1182.,     1052.,     1048.,     1178.,     1183.,     1053.
      807.,     1048.,     1178.,     1183.,     1053.,     1049.,     1179.,     1184.,     1054.
      808.,     1049.,     1179.,     1184.,     1054.,     1050.,     1180.,     1185.,     1055.
      809.,     1051.,     1181.,     1186.,     1056.,     1052.,     1182.,     1187.,     1057.
      810.,     1052.,     1182.,     1187.,     1057.,     1053.,     1183.,     1188.,     1058.
      811.,     1053.,     1183.,     1188.,     1058.,     1054.,     1184.,     1189.,     1059.
      812.,     1054.,     1184.,     1189.,     1059.,     1055.,     1185.,     1190.,     1060.
      813.,     1056.,     1186.,     1191.,     1061.,     1057.,     1187.,     1192.,     1062.
      814.,     1057.,     1187.,     1192.,     1062.,     1058.,     1188.,     1193.,     1063.
      815.,     1058.,     1188.,     1193.,     1063.,     1059.,     1189.,     1194.,     1064.
      816.,     1059.,     1189.,     1194.,     1064.,     1060.,     1190.,     1195.,     1065.
      817.,     1061.,     1191.,     1196.,     1066.,     1062.,     1192.,     1197.,     1067.
      818.,     1062.,     1192.,     1197.,     1067.,     1063.,     1193.,     1198.,     1068.
      819.,     1063.,     1193.,     1198.,     1068.,     1064.,     1194.,     1199.,     1069.
      820.,     1064.,     1194.,     1199.,     1069.,     1065.,     1195.,     1200.,     1070.
      821.,     1066.,     1196.,     1201.,     1071.,     1067.,     1197.,     1202.,     1072.
      822.,     1067.,     1197.,     1202.,     1072.,     1068.,     1198.,     1203.,     1073.
      823.,     1068.,     1198.,     1203.,     1073.,     1069.,     1199.,     1204.,     1074.
      824.,     1069.,     1199.,     1204.,     1074.,     1070.,     1200.,     1205.,     1075.
      825.,     1071.,     1201.,     1206.,     1076.,     1072.,     1202.,     1207.,     1077.
      826.,     1072.,     1202.,     1207.,     1077.,     1073.,     1203.,     1208.,     1078.
      827.,     1073.,     1203.,     1208.,     1078.,     1074.,     1204.,     1209.,     1079.
      828.,     1074.,     1204.,     1209.,     1079.,     1075.,     1205.,     1210.,     1080.
      829.,     1076.,     1206.,     1211.,     1081.,     1077.,     1207.,     1212.,     1082.
      830.,     1077.,     1207.,     1212.,     1082.,     1078.,     1208.,     1213.,     1083.
      831.,     1078.,     1208.,     1213.,     1083.,     1079.,     1209.,     1214.,     1084.
      832.,     1079.,     1209.,     1214.,     1084.,     1080.,     1210.,     1215.,     1085.
      833.,     1081.,     1211.,     1216.,     1086.,     1082.,     1212.,     1217.,     1087.
      834.,     1082.,     1212.,     1217.,     1087.,     1083.,     1213.,     1218.,     1088.
      835.,     1083.,     1213.,     1218.,     1088.,     1084.,     1214.,     1219.,     1089.
      836.,     1084.,     1214.,     1219.,     1089.,     1085.,     1215.,     1220.,     1090.
      837.,     1086.,     1216.,     1221.,     1091.,     1087.,     1217.,     1222.,     1092.
      838.,     1087.,     1217.,     1222.,     1092.,     1088.,     1218.,     1223.,     1093.
      839.,     1088.,     1218.,     1223.,     1093.,     1089.,     1219.,     1224.,     1094.
      840.,     1089.,     1219.,     1224.,     1094.,     1090.,     1220.,     1225.,     1095.
      841.,     1091.,     1221.,     1226.,     1096.,     1092.,     1222.,     1227.,     1097.
      842.,     1092.,     1222.,     1227.,     1097.,     1093.,     1223.,     1228.,     1098.
      843.,     1093.,     1223.,     1228.,     1098.,     1094.,     1224.,     1229.,     1099.
      844.,     1094.,     1224.,     1229.,     1099.,     1095.,     1225.,     1230.,     1100.
      845.,     1096.,     1226.,     1231.,     1101.,     1097.,     1227.,     1232.,     1102.
      846.,     1097.,     1227.,     1232.,     1102.,     1098.,     1228.,     1233.,     1103.
      847.,     1098.,     1228.,     1233.,     1103.,     1099.,     1229.,     1234.,     1104.
      848.,     1099.,     1229.,     1234.,     1104.,     1100.,     1230.,     1235.,     1105.
      849.,     1101.,     1231.,     1236.,     1106.,     1102.,     1232.,     1237.,     1107.
      850.,     1102.,     1232.,     1237.,     1107.,     1103.,     1233.,     1238.,     1108.
      851.,     1103.,     1233.,     1238.,     1108.,     1104.,     1234.,     1239.,     1109.
      852.,     1104.,     1234.,     1239.,     1109.,     1105.,     1235.,     1240.,     1110.
      853.,     1106.,     1236.,     1241.,     1111.,     1107.,     1237.,     1242.,     1112.
      854.,     1107.,     1237.,     1242.,     1112.,     1108.,     1238.,     1243.,     1113.
      855.,     1108.,     1238.,     1243.,     1113.,     1109.,     1239.,     1244.,     1114.
      856.,     1109.,     1239.,     1244.,     1114.,     1110.,     1240.,     1245.,     1115.
      857.,     1111.,     1241.,     1246.,     1116.,     1112.,     1242.,     1247.,     1117.
      858.,     1112.,     1242.,     1247.,     1117.,     1113.,     1243.,     1248.,     1118.
      859.,     1113.,     1243.,     1248.,     1118.,     1114.,     1244.,     1249.,     1119.
      860.,     1114.,     1244.,     1249.,     1119.,     1115.,     1245.,     1250.,     1120.
      861.,     1116.,     1246.,     1251.,     1121.,     1117.,     1247.,     1252.,     1122.
      862.,     1117.,     1247.,     1252.,     1122.,     1118.,     1248.,     1253.,     1123.
      863.,     1118.,     1248.,     1253.,     1123.,     1119.,     1249.,     1254.,     1124.
      864.,     1119.,     1249.,     1254.,     1124.,     1120.,     1250.,     1255.,     1125.
      865.,     1121.,     1251.,     1256.,     1126.,     1122.,     1252.,     1257.,     1127.
      866.,     1122.,     1252.,     1257.,     1127.,     1123.,     1253.,     1258.,     1128.
      867.,     1123.,     1253.,     1258.,     1128.,     1124.,     1254.,     1259.,     1129.
      868.,     1124.,     1254.,     1259.,     1129.,     1125.,     1255.,     1260.,     1130.
      869.,     1126.,     1256.,     1261.,     1131.,     1127.,     1257.,     1262.,     1132.
      870.,     1127.,     1257.,     1262.,     1132.,     1128.,     1258.,     1263.,     1133.
      871.,     1128.,     1258.,     1263.,     1133.,     1129.,     1259.,     1264.,     1134.
      872.,     1129.,     1259.,     1264.,     1134.,     1130.,     1260.,     1265.,     1135.
      873.,     1131.,     1261.,     1266.,     1136.,     1132.,     1262.,     1267.,     1137.
      874.,     1132.,     1262.,     1267.,     1137.,     1133.,     1263.,     1268.,     1138.
      875.,     1133.,     1263.,     1268.,     1138.,     1134.,     1264.,     1269.,     1139.
      876.,     1134.,     1264.,     1269.,     1139.,     1135.,     1265.,     1270.,     1140.
      877.,     1136.,     1266.,     1271.,     1141.,     1137.,     1267.,     1272.,     1142.
      878.,     1137.,     1267.,     1272.,     1142.,     1138.,     1268.,     1273.,     1143.
      879.,     1138.,     1268.,     1273.,     1143.,     1139.,     1269.,     1274.,     1144.
      880.,     1139.,     1269.,     1274.,     1144.,     1140.,     1270.,     1275.,     1145.
      881.,     1141.,     1271.,     1276.,     1146.,     1142.,     1272.,     1277.,     1147.
      882.,     1142.,     1272.,     1277.,     1147.,     1143.,     1273.,     1278.,     1148.
      883.,     1143.,     1273.,     1278.,     1148.,     1144.,     1274.,     1279.,     1149.
      884.,     1144.,     1274.,     1279.,     1149.,     1145.,     1275.,     1280.,     1150.
      885.,     1146.,     1276.,     1281.,     1151.,     1147.,     1277.,     1282.,     1152.
      886.,     1147.,     1277.,     1282.,     1152.,     1148.,     1278.,     1283.,     1153.
      887.,     1148.,     1278.,     1283.,     1153.,     1149.,     1279.,     1284.,     1154.
      888.,     1149.,     1279.,     1284.,     1154.,     1150.,     1280.,     1285.,     1155.
      889.,     1151.,     1281.,     1286.,     1156.,     1152.,     1282.,     1287.,     1157.
      890.,     1152.,     1282.,     1287.,     1157.,     1153.,     1283.,     1288.,     1158.
      891.,     1153.,     1283.,     1288.,     1158.,     1154.,     1284.,     1289.,     1159.
      892.,     1154.,     1284.,     1289.,     1159.,     1155.,     1285.,     1290.,     1160.
      893.,     1156.,     1286.,     1291.,     1161.,     1157.,     1287.,     1292.,     1162.
      894.,     1157.,     1287.,     1292.,     1162.,     1158.,     1288.,     1293.,     1163.
      895.,     1158.,     1288.,     1293.,     1163.,     1159.,     1289.,     1294.,     1164.
      896.,     1159.,     1289.,     1294.,     1164.,     1160.,     1290.,     1295.,     1165.
      897.,     1161.,     1291.,     1296.,     1166.,     1162.,     1292.,     1297.,     1167.
      898.,     1162.,     1292.,     1297.,     1167.,     1163.,     1293.,     1298.,     1168.
      899.,     1163.,     1293.,     1298.,     1168.,     1164.,     1294.,     1299.,     1169.
      900.,     1164.,     1294.,     1299.,     1169.,     1165.,     1295.,     1300.,     1170.
      901.,     1171.,     1301.,     1306.,     1176.,     1172.,     1302.,     1307.,     1177.
      902.,     1172.,     1302.,     1307.,     1177.,     1173.,     1303.,     1308.,     1178.
      903.,     1173.,     1303.,     1308.,     1178.,     1174.,     1304.,     1309.,     1179.
      904.,     1174.,     1304.,     1309.,     1179.,     1175.,     1305.,     1310.,     1180.
      905.,     1176.,     1306.,     1311.,     1181.,     1177.,     1307.,     1312.,     1182.
      906.,     1177.,     1307.,     1312.,     1182.,     1178.,     1308.,     1313.,     1183.
      907.,     1178.,     1308.,     1313.,     1183.,     1179.,     1309.,     1314.,     1184.
      908.,     1179.,     1309.,     1314.,     1184.,     1180.,     1310.,     1315.,     1185.
      909.,     1181.,     1311.,     1316.,     1186.,     1182.,     1312.,     1317.,     1187.
      910.,     1182.,     1312.,     1317.,     1187.,     1183.,     1313.,     1318.,     1188.
      911.,     1183.,     1313.,     1318.,     1188.,     1184.,     1314.,     1319.,     1189.
      912.,     1184.,     1314.,     1319.,     1189.,     1185.,     1315.,     1320.,     1190.
      913.,     1186.,     1316.,     1321.,     1191.,     1187.,     1317.,     1322.,     1192.
      914.,     1187.,     1317.,     1322.,     1192.,     1188.,     1318.,     1323.,     1193.
      915.,     1188.,     1318.,     1323.,     1193.,     1189.,     1319.,     1324.,     1194.
      916.,     1189.,     1319.,     1324.,     1194.,     1190.,     1320.,     1325.,     1195.
      917.,     1191.,     1321.,     1326.,     1196.,     1192.,     1322.,     1327.,     1197.
      918.,     1192.,     1322.,     1327.,     1197.,     1193.,     1323.,     1328.,     1198.
      919.,     1193.,     1323.,     1328.,     1198.,     1194.,     1324.,     1329.,     1199.
      920.,     1194.,     1324.,     1329.,     1199.,     1195.,     1325.,     1330.,     1200.
      921.,     1196.,     1326.,     1331.,     1201.,     1197.,     1327.,     1332.,     1202.
      922.,     1197.,     1327.,     1332.,     1202.,     1198.,     1328.,     1333.,     1203.
      923.,     1198.,     1328.,     1333.,     1203.,     1199.,     1329.,     1334.,     1204.
      924.,     1199.,     1329.,     1334.,     1204.,     1200.,     1330.,     1335.,     1205.
      925.,     1201.,     1331.,     1336.,     1206.,     1202.,     1332.,     1337.,     1207.
      926.,     1202.,     1332.,     1337.,     1207.,     1203.,     1333.,     1338.,     1208.
      927.,     1203.,     1333.,     1338.,     1208.,     1204.,     1334.,     1339.,     1209.
      928.,     1204.,     1334.,     1339.,     1209.,     1205.,     1335.,     1340.,     1210.
      929.,     1206.,     1336.,     1341.,     1211.,     1207.,     1337.,     1342.,     1212.
      930.,     1207.,     1337.,     1342.,     1212.,     1208.,     1338.,     1343.,     1213.
      931.,     1208.,     1338.,     1343.,     1213.,     1209.,     1339.,     1344.,     1214.
      932.,     1209.,     1339.,     1344.,     1214.,     1210.,     1340.,     1345.,     1215.
      933.,     1211.,     1341.,     1346.,     1216.,     1212.,     1342.,     1347.,     1217.
      934.,     1212.,     1342.,     1347.,     1217.,     1213.,     1343.,     1348.,     1218.
      935.,     1213.,     1343.,     1348.,     1218.,     1214.,     1344.,     1349.,     1219.
      936.,     1214.,     1344.,     1349.,     1219.,     1215.,     1345.,     1350.,     1220.
      937.,     1216.,     1346.,     1351.,     1221.,     1217.,     1347.,     1352.,     1222.
      938.,     1217.,     1347.,     1352.,     1222.,     1218.,     1348.,     1353.,     1223.
      939.,     1218.,     1348.,     1353.,     1223.,     1219.,     1349.,     1354.,     1224.
      940.,     1219.,     1349.,     1354.,     1224.,     1220.,     1350.,     1355.,     1225.
      941.,     1221.,     1351.,     1356.,     1226.,     1222.,     1352.,     1357.,     1227.
      942.,     1222.,     1352.,     1357.,     1227.,     1223.,     1353.,     1358.,     1228.
      943.,     1223.,     1353.,     1358.,     1228.,     1224.,     1354.,     1359.,     1229.
      944.,     1224.,     1354.,     1359.,     1229.,     1225.,     1355.,     1360.,     1230.
      945.,     1226.,     1356.,     1361.,     1231.,     1227.,     1357.,     1362.,     1232.
      946.,     1227.,     1357.,     1362.,     1232.,     1228.,     1358.,     1363.,     1233.
      947.,     1228.,     1358.,     1363.,     1233.,     1229.,     1359.,     1364.,     1234.
      948.,     1229.,     1359.,     1364.,     1234.,     1230.,     1360.,     1365.,     1235.
      949.,     1231.,     1361.,     1366.,     1236.,     1232.,     1362.,     1367.,     1237.
      950.,     1232.,     1362.,     1367.,     1237.,     1233.,     1363.,     1368.,     1238.
      951.,     1233.,     1363.,     1368.,     1238.,     1234.,     1364.,     1369.,     1239.
      952.,     1234.,     1364.,     1369.,     1239.,     1235.,     1365.,     1370.,     1240.
      953.,     1236.,     1366.,     1371.,     1241.,     1237.,     1367.,     1372.,     1242.
      954.,     1237.,     1367.,     1372.,     1242.,     1238.,     1368.,     1373.,     1243.
      955.,     1238.,     1368.,     1373.,     1243.,     1239.,     1369.,     1374.,     1244.
      956.,     1239.,     1369.,     1374.,     1244.,     1240.,     1370.,     1375.,     1245.
      957.,     1241.,     1371.,     1376.,     1246.,     1242.,     1372.,     1377.,     1247.
      958.,     1242.,     1372.,     1377.,     1247.,     1243.,     1373.,     1378.,     1248.
      959.,     1243.,     1373.,     1378.,     1248.,     1244.,     1374.,     1379.,     1249.
      960.,     1244.,     1374.,     1379.,     1249.,     1245.,     1375.,     1380.,     1250.
      961.,     1246.,     1376.,     1381.,     1251.,     1247.,     1377.,     1382.,     1252.
      962.,     1247.,     1377.,     1382.,     1252.,     1248.,     1378.,     1383.,     1253.
      963.,     1248.,     1378.,     1383.,     1253.,     1249.,     1379.,     1384.,     1254.
      964.,     1249.,     1379.,     1384.,     1254.,     1250.,     1380.,     1385.,     1255.
      965.,     1251.,     1381.,     1386.,     1256.,     1252.,     1382.,     1387.,     1257.
      966.,     1252.,     1382.,     1387.,     1257.,     1253.,     1383.,     1388.,     1258.
      967.,     1253.,     1383.,     1388.,     1258.,     1254.,     1384.,     1389.,     1259.
      968.,     1254.,     1384.,     1389.,     1259.,     1255.,     1385.,     1390.,     1260.
      969.,     1256.,     1386.,     1391.,     1261.,     1257.,     1387.,     1392.,     1262.
      970.,     1257.,     1387.,     1392.,     1262.,     1258.,     1388.,     1393.,     1263.
      971.,     1258.,     1388.,     1393.,     1263.,     1259.,     1389.,     1394.,     1264.
      972.,     1259.,     1389.,     1394.,     1264.,     1260.,     1390.,     1395.,     1265.
      973.,     1261.,     1391.,     1396.,     1266.,     1262.,     1392.,     1397.,     1267.
      974.,     1262.,     1392.,     1397.,     1267.,     1263.,     1393.,     1398.,     1268.
      975.,     1263.,     1393.,     1398.,     1268.,     1264.,     1394.,     1399.,     1269.
      976.,     1264.,     1394.,     1399.,     1269.,     1265.,     1395.,     1400.,     1270.
      977.,     1266.,     1396.,     1401.,     1271.,     1267.,     1397.,     1402.,     1272.
      978.,     1267.,     1397.,     1402.,     1272.,     1268.,     1398.,     1403.,     1273.
      979.,     1268.,     1398.,     1403.,     1273.,     1269.,     1399.,     1404.,     1274.
      980.,     1269.,     1399.,     1404.,     1274.,     1270.,     1400.,     1405.,     1275.
      981.,     1271.,     1401.,     1406.,     1276.,     1272.,     1402.,     1407.,     1277.
      982.,     1272.,     1402.,     1407.,     1277.,     1273.,     1403.,     1408.,     1278.
      983.,     1273.,     1403.,     1408.,     1278.,     1274.,     1404.,     1409.,     1279.
      984.,     1274.,     1404.,     1409.,     1279.,     1275.,     1405.,     1410.,     1280.
      985.,     1276.,     1406.,     1411.,     1281.,     1277.,     1407.,     1412.,     1282.
      986.,     1277.,     1407.,     1412.,     1282.,     1278.,     1408.,     1413.,     1283.
      987.,     1278.,     1408.,     1413.,     1283.,     1279.,     1409.,     1414.,     1284.
      988.,     1279.,     1409.,     1414.,     1284.,     1280.,     1410.,     1415.,     1285.
      989.,     1281.,     1411.,     1416.,     1286.,     1282.,     1412.,     1417.,     1287.
      990.,     1282.,     1412.,     1417.,     1287.,     1283.,     1413.,     1418.,     1288.
      991.,     1283.,     1413.,     1418.,     1288.,     1284.,     1414.,     1419.,     1289.
      992.,     1284.,     1414.,     1419.,     1289.,     1285.,     1415.,     1420.,     1290.
      993.,     1286.,     1416.,     1421.,     1291.,     1287.,     1417.,     1422.,     1292.
      994.,     1287.,     1417.,     1422.,     1292.,     1288.,     1418.,     1423.,     1293.
      995.,     1288.,     1418.,     1423.,     1293.,     1289.,     1419.,     1424.,     1294.
      996.,     1289.,     1419.,     1424.,     1294.,     1290.,     1420.,     1425.,     1295.
      997.,     1291.,     1421.,     1426.,     1296.,     1292.,     1422.,     1427.,     1297.
      998.,     1292.,     1422.,     1427.,     1297.,     1293.,     1423.,     1428.,     1298.
      999.,     1293.,     1423.,     1428.,     1298.,     1294.,     1424.,     1429.,     1299.
     1000.,     1294.,     1424.,     1429.,     1299.,     1295.,     1425.,     1430.,     1300.
     1001.,     1301.,     1431.,     1436.,     1306.,     1302.,     1432.,     1437.,     1307.
     1002.,     1302.,     1432.,     1437.,     1307.,     1303.,     1433.,     1438.,     1308.
     1003.,     1303.,     1433.,     1438.,     1308.,     1304.,     1434.,     1439.,     1309.
     1004.,     1304.,     1434.,     1439.,     1309.,     1305.,     1435.,     1440.,     1310.
     1005.,     1306.,     1436.,     1441.,     1311.,     1307.,     1437.,     1442.,     1312.
     1006.,     1307.,     1437.,     1442.,     1312.,     1308.,     1438.,     1443.,     1313.
     1007.,     1308.,     1438.,     1443.,     1313.,     1309.,     1439.,     1444.,     1314.
     1008.,     1309.,     1439.,     1444.,     1314.,     1310.,     1440.,     1445.,     1315.
     1009.,     1311.,     1441.,     1446.,     1316.,     1312.,     1442.,     1447.,     1317.
     1010.,     1312.,     1442.,     1447.,     1317.,     1313.,     1443.,     1448.,     1318.
     1011.,     1313.,     1443.,     1448.,     1318.,     1314.,     1444.,     1449.,     1319.
     1012.,     1314.,     1444.,     1449.,     1319.,     1315.,     1445.,     1450.,     1320.
     1013.,     1316.,     1446.,     1451.,     1321.,     1317.,     1447.,     1452.,     1322.
     1014.,     1317.,     1447.,     1452.,     1322.,     1318.,     1448.,     1453.,     1323.
     1015.,     1318.,     1448.,     1453.,     1323.,     1319.,     1449.,     1454.,     1324.
     1016.,     1319.,     1449.,     1454.,     1324.,     1320.,     1450.,     1455.,     1325.
     1017.,     1321.,     1451.,     1456.,     1326.,     1322.,     1452.,     1457.,     1327.
     1018.,     1322.,     1452.,     1457.,     1327.,     1323.,     1453.,     1458.,     1328.
     1019.,     1323.,     1453.,     1458.,     1328.,     1324.,     1454.,     1459.,     1329.
     1020.,     1324.,     1454.,     1459.,     1329.,     1325.,     1455.,     1460.,     1330.
     1021.,     1326.,     1456.,     1461.,     1331.,     1327.,     1457.,     1462.,     1332.
     1022.,     1327.,     1457.,     1462.,     1332.,     1328.,     1458.,     1463.,     1333.
     1023.,     1328.,     1458.,     1463.,     1333.,     1329.,     1459.,     1464.,     1334.
     1024.,     1329.,     1459.,     1464.,     1334.,     1330.,     1460.,     1465.,     1335.
     1025.,     1331.,     1461.,     1466.,     1336.,     1332.,     1462.,     1467.,     1337.
     1026.,     1332.,     1462.,     1467.,     1337.,     1333.,     1463.,     1468.,     1338.
     1027.,     1333.,     1463.,     1468.,     1338.,     1334.,     1464.,     1469.,     1339.
     1028.,     1334.,     1464.,     1469.,     1339.,     1335.,     1465.,     1470.,     1340.
     1029.,     1336.,     1466.,     1471.,     1341.,     1337.,     1467.,     1472.,     1342.
     1030.,     1337.,     1467.,     1472.,     1342.,     1338.,     1468.,     1473.,     1343.
     1031.,     1338.,     1468.,     1473.,     1343.,     1339.,     1469.,     1474.,     1344.
     1032.,     1339.,     1469.,     1474.,     1344.,     1340.,     1470.,     1475.,     1345.
     1033.,     1341.,     1471.,     1476.,     1346.,     1342.,     1472.,     1477.,     1347.
     1034.,     1342.,     1472.,     1477.,     1347.,     1343.,     1473.,     1478.,     1348.
     1035.,     1343.,     1473.,     1478.,     1348.,     1344.,     1474.,     1479.,     1349.
     1036.,     1344.,     1474.,     1479.,     1349.,     1345.,     1475.,     1480.,     1350.
     1037.,     1346.,     1476.,     1481.,     1351.,     1347.,     1477.,     1482.,     1352.
     1038.,     1347.,     1477.,     1482.,     1352.,     1348.,     1478.,     1483.,     1353.
     1039.,     1348.,     1478.,     1483.,     1353.,     1349.,     1479.,     1484.,     1354.
     1040.,     1349.,     1479.,     1484.,     1354.,     1350.,     1480.,     1485.,     1355.
     1041.,     1351.,     1481.,     1486.,     1356.,     1352.,     1482.,     1487.,     1357.
     1042.,     1352.,     1482.,     1487.,     1357.,     1353.,     1483.,     1488.,     1358.
     1043.,     1353.,     1483.,     1488.,     1358.,     1354.,     1484.,     1489.,     1359.
     1044.,     1354.,     1484.,     1489.,     1359.,     1355.,     1485.,     1490.,     1360.
     1045.,     1356.,     1486.,     1491.,     1361.,     1357.,     1487.,     1492.,     1362.
     1046.,     1357.,     1487.,     1492.,     1362.,     1358.,     1488.,     1493.,     1363.
     1047.,     1358.,     1488.,     1493.,     1363.,     1359.,     1489.,     1494.,     1364.
     1048.,     1359.,     1489.,     1494.,     1364.,     1360.,     1490.,     1495.,     1365.
     1049.,     1361.,     1491.,     1496.,     1366.,     1362.,     1492.,     1497.,     1367.
     1050.,     1362.,     1492.,     1497.,     1367.,     1363.,     1493.,     1498.,     1368.
     1051.,     1363.,     1493.,     1498.,     1368.,     1364.,     1494.,     1499.,     1369.
     1052.,     1364.,     1494.,     1499.,     1369.,     1365.,     1495.,     1500.,     1370.
     1053.,     1366.,     1496.,     1501.,     1371.,     1367.,     1497.,     1502.,     1372.
     1054.,     1367.,     1497.,     1502.,     1372.,     1368.,     1498.,     1503.,     1373.
     1055.,     1368.,     1498.,     1503.,     1373.,     1369.,     1499.,     1504.,     1374.
     1056.,     1369.,     1499.,     1504.,     1374.,     1370.,     1500.,     1505.,     1375.
     1057.,     1371.,     1501.,     1506.,     1376.,     1372.,     1502.,     1507.,     1377.
     1058.,     1372.,     1502.,     1507.,     1377.,     1373.,     1503.,     1508.,     1378.
     1059.,     1373.,     1503.,     1508.,     1378.,     1374.,     1504.,     1509.,     1379.
     1060.,     1374.,     1504.,     1509.,     1379.,     1375.,     1505.,     1510.,     1380.
     1061.,     1376.,     1506.,     1511.,     1381.,     1377.,     1507.,     1512.,     1382.
     1062.,     1377.,     1507.,     1512.,     1382.,     1378.,     1508.,     1513.,     1383.
     1063.,     1378.,     1508.,     1513.,     1383.,     1379.,     1509.,     1514.,     1384.
     1064.,     1379.,     1509.,     1514.,     1384.,     1380.,     1510.,     1515.,     1385.
     1065.,     1381.,     1511.,     1516.,     1386.,     1382.,     1512.,     1517.,     1387.
     1066.,     1382.,     1512.,     1517.,     1387.,     1383.,     1513.,     1518.,     1388.
     1067.,     1383.,     1513.,     1518.,     1388.,     1384.,     1514.,     1519.,     1389.
     1068.,     1384.,     1514.,     1519.,     1389.,     1385.,     1515.,     1520.,     1390.
     1069.,     1386.,     1516.,     1521.,     1391.,     1387.,     1517.,     1522.,     1392.
     1070.,     1387.,     1517.,     1522.,     1392.,     1388.,     1518.,     1523.,     1393.
     1071.,     1388.,     1518.,     1523.,     1393.,     1389.,     1519.,     1524.,     1394.
     1072.,     1389.,     1519.,     1524.,     1394.,     1390.,     1520.,     1525.,     1395.
     1073.,     1391.,     1521.,     1526.,     1396.,     1392.,     1522.,     1527.,     1397.
     1074.,     1392.,     1522.,     1527.,     1397.,     1393.,     1523.,     1528.,     1398.
     1075.,     1393.,     1523.,     1528.,     1398.,     1394.,     1524.,     1529.,     1399.
     1076.,     1394.,     1524.,     1529.,     1399.,     1395.,     1525.,     1530.,     1400.
     1077.,     1396.,     1526.,     1531.,     1401.,     1397.,     1527.,     1532.,     1402.
     1078.,     1397.,     1527.,     1532.,     1402.,     1398.,     1528.,     1533.,     1403.
     1079.,     1398.,     1528.,     1533.,     1403.,     1399.,     1529.,     1534.,     1404.
     1080.,     1399.,     1529.,     1534.,     1404.,     1400.,     1530.,     1535.,     1405.
     1081.,     1401.,     1531.,     1536.,     1406.,     1402.,     1532.,     1537.,     1407.
     1082.,     1402.,     1532.,     1537.,     1407.,     1403.,     1533.,     1538.,     1408.
     1083.,     1403.,     1533.,     1538.,     1408.,     1404.,     1534.,     1539.,     1409.
     1084.,     1404.,     1534.,     1539.,     1409.,     1405.,     1535.,     1540.,     1410.
     1085.,     1406.,     1536.,     1541.,     1411.,     1407.,     1537.,     1542.,     1412.
     1086.,     1407.,     1537.,     1542.,     1412.,     1408.,     1538.,     1543.,     1413.
     1087.,     1408.,     1538.,     1543.,     1413.,     1409.,     1539.,     1544.,     1414.
     1088.,     1409.,     1539.,     1544.,     1414.,     1410.,     1540.,     1545.,     1415.
     1089.,     1411.,     1541.,     1546.,     1416.,     1412.,     1542.,     1547.,     1417.
     1090.,     1412.,     1542.,     1547.,     1417.,     1413.,     1543.,     1548.,     1418.
     1091.,     1413.,     1543.,     1548.,     1418.,     1414.,     1544.,     1549.,     1419.
     1092.,     1414.,     1544.,     1549.,     1419.,     1415.,     1545.,     1550.,     1420.
     1093.,     1416.,     1546.,     1551.,     1421.,     1417.,     1547.,     1552.,     1422.
     1094.,     1417.,     1547.,     1552.,     1422.,     1418.,     1548.,     1553.,     1423.
     1095.,     1418.,     1548.,     1553.,     1423.,     1419.,     1549.,     1554.,     1424.
     1096.,     1419.,     1549.,     1554.,     1424.,     1420.,     1550.,     1555.,     1425.
     1097.,     1421.,     1551.,     1556.,     1426.,     1422.,     1552.,     1557.,     1427.
     1098.,     1422.,     1552.,     1557.,     1427.,     1423.,     1553.,     1558.,     1428.
     1099.,     1423.,     1553.,     1558.,     1428.,     1424.,     1554.,     1559.,     1429.
     1100.,     1424.,     1554.,     1559.,     1429.,     1425.,     1555.,     1560.,     1430.
     1101.,     1431.,     1561.,     1566.,     1436.,     1432.,     1562.,     1567.,     1437.
     1102.,     1432.,     1562.,     1567.,     1437.,     1433.,     1563.,     1568.,     1438.
     1103.,     1433.,     1563.,     1568.,     1438.,     1434.,     1564.,     1569.,     1439.
     1104.,     1434.,     1564.,     1569.,     1439.,     1435.,     1565.,     1570.,     1440.
     1105.,     1436.,     1566.,     1571.,     1441.,     1437.,     1567.,     1572.,     1442.
     1106.,     1437.,     1567.,     1572.,     1442.,     1438.,     1568.,     1573.,     1443.
     1107.,     1438.,     1568.,     1573.,     1443.,     1439.,     1569.,     1574.,     1444.
     1108.,     1439.,     1569.,     1574.,     1444.,     1440.,     1570.,     1575.,     1445.
     1109.,     1441.,     1571.,     1576.,     1446.,     1442.,     1572.,     1577.,     1447.
     1110.,     1442.,     1572.,     1577.,     1447.,     1443.,     1573.,     1578.,     1448.
     1111.,     1443.,     1573.,     1578.,     1448.,     1444.,     1574.,     1579.,     1449.
     1112.,     1444.,     1574.,     1579.,     1449.,     1445.,     1575.,     1580.,     1450.
     1113.,     1446.,     1576.,     1581.,     1451.,     1447.,     1577.,     1582.,     1452.
     1114.,     1447.,     1577.,     1582.,     1452.,     1448.,     1578.,     1583.,     1453.
     1115.,     1448.,     1578.,     1583.,     1453.,     1449.,     1579.,     1584.,     1454.
     1116.,     1449.,     1579.,     1584.,     1454.,     1450.,     1580.,     1585.,     1455.
     1117.,     1451.,     1581.,     1586.,     1456.,     1452.,     1582.,     1587.,     1457.
     1118.,     1452.,     1582.,     1587.,     1457.,     1453.,     1583.,     1588.,     1458.
     1119.,     1453.,     1583.,     1588.,     1458.,     1454.,     1584.,     1589.,     1459.
     1120.,     1454.,     1584.,     1589.,     1459.,     1455.,     1585.,     1590.,     1460.
     1121.,     1456.,     1586.,     1591.,     1461.,     1457.,     1587.,     1592.,     1462.
     1122.,     1457.,     1587.,     1592.,     1462.,     1458.,     1588.,     1593.,     1463.
     1123.,     1458.,     1588.,     1593.,     1463.,     1459.,     1589.,     1594.,     1464.
     1124.,     1459.,     1589.,     1594.,     1464.,     1460.,     1590.,     1595.,     1465.
     1125.,     1461.,     1591.,     1596.,     1466.,     1462.,     1592.,     1597.,     1467.
     1126.,     1462.,     1592.,     1597.,     1467.,     1463.,     1593.,     1598.,     1468.
     1127.,     1463.,     1593.,     1598.,     1468.,     1464.,     1594.,     1599.,     1469.
     1128.,     1464.,     1594.,     1599.,     1469.,     1465.,     1595.,     1600.,     1470.
     1129.,     1466.,     1596.,     1601.,     1471.,     1467.,     1597.,     1602.,     1472.
     1130.,     1467.,     1597.,     1602.,     1472.,     1468.,     1598.,     1603.,     1473.
     1131.,     1468.,     1598.,     1603.,     1473.,     1469.,     1599.,     1604.,     1474.
     1132.,     1469.,     1599.,     1604.,     1474.,     1470.,     1600.,     1605.,     1475.
     1133.,     1471.,     1601.,     1606.,     1476.,     1472.,     1602.,     1607.,     1477.
     1134.,     1472.,     1602.,     1607.,     1477.,     1473.,     1603.,     1608.,     1478.
     1135.,     1473.,     1603.,     1608.,     1478.,     1474.,     1604.,     1609.,     1479.
     1136.,     1474.,     1604.,     1609.,     1479.,     1475.,     1605.,     1610.,     1480.
     1137.,     1476.,     1606.,     1611.,     1481.,     1477.,     1607.,     1612.,     1482.
     1138.,     1477.,     1607.,     1612.,     1482.,     1478.,     1608.,     1613.,     1483.
     1139.,     1478.,     1608.,     1613.,     1483.,     1479.,     1609.,     1614.,     1484.
     1140.,     1479.,     1609.,     1614.,     1484.,     1480.,     1610.,     1615.,     1485.
     1141.,     1481.,     1611.,     1616.,     1486.,     1482.,     1612.,     1617.,     1487.
     1142.,     1482.,     1612.,     1617.,     1487.,     1483.,     1613.,     1618.,     1488.
     1143.,     1483.,     1613.,     1618.,     1488.,     1484.,     1614.,     1619.,     1489.
     1144.,     1484.,     1614.,     1619.,     1489.,     1485.,     1615.,     1620.,     1490.
     1145.,     1486.,     1616.,     1621.,     1491.,     1487.,     1617.,     1622.,     1492.
     1146.,     1487.,     1617.,     1622.,     1492.,     1488.,     1618.,     1623.,     1493.
     1147.,     1488.,     1618.,     1623.,     1493.,     1489.,     1619.,     1624.,     1494.
     1148.,     1489.,     1619.,     1624.,     1494.,     1490.,     1620.,     1625.,     1495.
     1149.,     1491.,     1621.,     1626.,     1496.,     1492.,     1622.,     1627.,     1497.
     1150.,     1492.,     1622.,     1627.,     1497.,     1493.,     1623.,     1628.,     1498.
     1151.,     1493.,     1623.,     1628.,     1498.,     1494.,     1624.,     1629.,     1499.
     1152.,     1494.,     1624.,     1629.,     1499.,     1495.,     1625.,     1630.,     1500.
     1153.,     1496.,     1626.,     1631.,     1501.,     1497.,     1627.,     1632.,     1502.
     1154.,     1497.,     1627.,     1632.,     1502.,     1498.,     1628.,     1633.,     1503.
     1155.,     1498.,     1628.,     1633.,     1503.,     1499.,     1629.,     1634.,     1504.
     1156.,     1499.,     1629.,     1634.,     1504.,     1500.,     1630.,     1635.,     1505.
     1157.,     1501.,     1631.,     1636.,     1506.,     1502.,     1632.,     1637.,     1507.
     1158.,     1502.,     1632.,     1637.,     1507.,     1503.,     1633.,     1638.,     1508.
     1159.,     1503.,     1633.,     1638.,     1508.,     1504.,     1634.,     1639.,     1509.
     1160.,     1504.,     1634.,     1639.,     1509.,     1505.,     1635.,     1640.,     1510.
     1161.,     1506.,     1636.,     1641.,     1511.,     1507.,     1637.,     1642.,     1512.
     1162.,     1507.,     1637.,     1642.,     1512.,     1508.,     1638.,     1643.,     1513.
     1163.,     1508.,     1638.,     1643.,     1513.,     1509.,     1639.,     1644.,     1514.
     1164.,     1509.,     1639.,     1644.,     1514.,     1510.,     1640.,     1645.,     1515.
     1165.,     1511.,     1641.,     1646.,     1516.,     1512.,     1642.,     1647.,     1517.
     1166.,     1512.,     1642.,     1647.,     1517.,     1513.,     1643.,     1648.,     1518.
     1167.,     1513.,     1643.,     1648.,     1518.,     1514.,     1644.,     1649.,     1519.
     1168.,     1514.,     1644.,     1649.,     1519.,     1515.,     1645.,     1650.,     1520.
     1169.,     1516.,     1646.,     1651.,     1521.,     1517.,     1647.,     1652.,     1522.
     1170.,     1517.,     1647.,     1652.,     1522.,     1518.,     1648.,     1653.,     1523.
     1171.,     1518.,     1648.,     1653.,     1523.,     1519.,     1649.,     1654.,     1524.
     1172.,     1519.,     1649.,     1654.,     1524.,     1520.,     1650.,     1655.,     1525.
     1173.,     1521.,     1651.,     1656.,     1526.,     1522.,     1652.,     1657.,     1527.
     1174.,     1522.,     1652.,     1657.,     1527.,     1523.,     1653.,     1658.,     1528.
     1175.,     1523.,     1653.,     1658.,     1528.,     1524.,     1654.,     1659.,     1529.
     1176.,     1524.,     1654.,     1659.,     1529.,     1525.,     1655.,     1660.,     1530.
     1177.,     1526.,     1656.,     1661.,     1531.,     1527.,     1657.,     1662.,     1532.
     1178.,     1527.,     1657.,     1662.,     1532.,     1528.,     1658.,     1663.,     1533.
     1179.,     1528.,     1658.,     1663.,     1533.,     1529.,     1659.,     1664.,     1534.
     1180.,     1529.,     1659.,     1664.,     1534.,     1530.,     1660.,     1665.,     1535.
     1181.,     1531.,     1661.,     1666.,     1536.,     1532.,     1662.,     1667.,     1537.
     1182.,     1532.,     1662.,     1667.,     1537.,     1533.,     1663.,     1668.,     1538.
     1183.,     1533.,     1663.,     1668.,     1538.,     1534.,     1664.,     1669.,     1539.
     1184.,     1534.,     1664.,     1669.,     1539.,     1535.,     1665.,     1670.,     1540.
     1185.,     1536.,     1666.,     1671.,     1541.,     1537.,     1667.,     1672.,     1542.
     1186.,     1537.,     1667.,     1672.,     1542.,     1538.,     1668.,     1673.,     1543.
     1187.,     1538.,     1668.,     1673.,     1543.,     1539.,     1669.,     1674.,     1544.
     1188.,     1539.,     1669.,     1674.,     1544.,     1540.,     1670.,     1675.,     1545.
     1189.,     1541.,     1671.,     1676.,     1546.,     1542.,     1672.,     1677.,     1547.
     1190.,     1542.,     1672.,     1677.,     1547.,     1543.,     1673.,     1678.,     1548.
     1191.,     1543.,     1673.,     1678.,     1548.,     1544.,     1674.,     1679.,     1549.
     1192.,     1544.,     1674.,     1679.,     1549.,     1545.,     1675.,     1680.,     1550.
     1193.,     1546.,     1676.,     1681.,     1551.,     1547.,     1677.,     1682.,     1552.
     1194.,     1547.,     1677.,     1682.,     1552.,     1548.,     1678.,     1683.,     1553.
     1195.,     1548.,     1678.,     1683.,     1553.,     1549.,     1679.,     1684.,     1554.
     1196.,     1549.,     1679.,     1684.,     1554.,     1550.,     1680.,     1685.,     1555.
     1197.,     1551.,     1681.,     1686.,     1556.,     1552.,     1682.,     1687.,     1557.
     1198.,     1552.,     1682.,     1687.,     1557.,     1553.,     1683.,     1688.,     1558.
     1199.,     1553.,     1683.,     1688.,     1558.,     1554.,     1684.,     1689.,     1559.
     1200.,     1554.,     1684.,     1689.,     1559.,     1555.,     1685.,     1690.,     1560.
     1201.,     1561.,     1691.,     1696.,     1566.,     1562.,     1692.,     1697.,     1567.
     1202.,     1562.,     1692.,     1697.,     1567.,     1563.,     1693.,     1698.,     1568.
     1203.,     1563.,     1693.,     1698.,     1568.,     1564.,     1694.,     1699.,     1569.
     1204.,     1564.,     1694.,     1699.,     1569.,     1565.,     1695.,     1700.,     1570.
     1205.,     1566.,     1696.,     1701.,     1571.,     1567.,     1697.,     1702.,     1572.
     1206.,     1567.,     1697.,     1702.,     1572.,     1568.,     1698.,     1703.,     1573.
     1207.,     1568.,     1698.,     1703.,     1573.,     1569.,     1699.,     1704.,     1574.
     1208.,     1569.,     1699.,     1704.,     1574.,     1570.,     1700.,     1705.,     1575.
     1209.,     1571.,     1701.,     1706.,     1576.,     1572.,     1702.,     1707.,     1577.
     1210.,     1572.,     1702.,     1707.,     1577.,     1573.,     1703.,     1708.,     1578.
     1211.,     1573.,     1703.,     1708.,     1578.,     1574.,     1704.,     1709.,     1579.
     1212.,     1574.,     1704.,     1709.,     1579.,     1575.,     1705.,     1710.,     1580.
     1213.,     1576.,     1706.,     1711.,     1581.,     1577.,     1707.,     1712.,     1582.
     1214.,     1577.,     1707.,     1712.,     1582.,     1578.,     1708.,     1713.,     1583.
     1215.,     1578.,     1708.,     1713.,     1583.,     1579.,     1709.,     1714.,     1584.
     1216.,     1579.,     1709.,     1714.,     1584.,     1580.,     1710.,     1715.,     1585.
     1217.,     1581.,     1711.,     1716.,     1586.,     1582.,     1712.,     1717.,     1587.
     1218.,     1582.,     1712.,     1717.,     1587.,     1583.,     1713.,     1718.,     1588.
     1219.,     1583.,     1713.,     1718.,     1588.,     1584.,     1714.,     1719.,     1589.
     1220.,     1584.,     1714.,     1719.,     1589.,     1585.,     1715.,     1720.,     1590.
     1221.,     1586.,     1716.,     1721.,     1591.,     1587.,     1717.,     1722.,     1592.
     1222.,     1587.,     1717.,     1722.,     1592.,     1588.,     1718.,     1723.,     1593.
     1223.,     1588.,     1718.,     1723.,     1593.,     1589.,     1719.,     1724.,     1594.
     1224.,     1589.,     1719.,     1724.,     1594.,     1590.,     1720.,     1725.,     1595.
     1225.,     1591.,     1721.,     1726.,     1596.,     1592.,     1722.,     1727.,     1597.
     1226.,     1592.,     1722.,     1727.,     1597.,     1593.,     1723.,     1728.,     1598.
     1227.,     1593.,     1723.,     1728.,     1598.,     1594.,     1724.,     1729.,     1599.
     1228.,     1594.,     1724.,     1729.,     1599.,     1595.,     1725.,     1730.,     1600.
     1229.,     1596.,     1726.,     1731.,     1601.,     1597.,     1727.,     1732.,     1602.
     1230.,     1597.,     1727.,     1732.,     1602.,     1598.,     1728.,     1733.,     1603.
     1231.,     1598.,     1728.,     1733.,     1603.,     1599.,     1729.,     1734.,     1604.
     1232.,     1599.,     1729.,     1734.,     1604.,     1600.,     1730.,     1735.,     1605.
     1233.,     1601.,     1731.,     1736.,     1606.,     1602.,     1732.,     1737.,     1607.
     1234.,     1602.,     1732.,     1737.,     1607.,     1603.,     1733.,     1738.,     1608.
     1235.,     1603.,     1733.,     1738.,     1608.,     1604.,     1734.,     1739.,     1609.
     1236.,     1604.,     1734.,     1739.,     1609.,     1605.,     1735.,     1740.,     1610.
     1237.,     1606.,     1736.,     1741.,     1611.,     1607.,     1737.,     1742.,     1612.
     1238.,     1607.,     1737.,     1742.,     1612.,     1608.,     1738.,     1743.,     1613.
     1239.,     1608.,     1738.,     1743.,     1613.,     1609.,     1739.,     1744.,     1614.
     1240.,     1609.,     1739.,     1744.,     1614.,     1610.,     1740.,     1745.,     1615.
     1241.,     1611.,     1741.,     1746.,     1616.,     1612.,     1742.,     1747.,     1617.
     1242.,     1612.,     1742.,     1747.,     1617.,     1613.,     1743.,     1748.,     1618.
     1243.,     1613.,     1743.,     1748.,     1618.,     1614.,     1744.,     1749.,     1619.
     1244.,     1614.,     1744.,     1749.,     1619.,     1615.,     1745.,     1750.,     1620.
     1245.,     1616.,     1746.,     1751.,     1621.,     1617.,     1747.,     1752.,     1622.
     1246.,     1617.,     1747.,     1752.,     1622.,     1618.,     1748.,     1753.,     1623.
     1247.,     1618.,     1748.,     1753.,     1623.,     1619.,     1749.,     1754.,     1624.
     1248.,     1619.,     1749.,     1754.,     1624.,     1620.,     1750.,     1755.,     1625.
     1249.,     1621.,     1751.,     1756.,     1626.,     1622.,     1752.,     1757.,     1627.
     1250.,     1622.,     1752.,     1757.,     1627.,     1623.,     1753.,     1758.,     1628.
     1251.,     1623.,     1753.,     1758.,     1628.,     1624.,     1754.,     1759.,     1629.
     1252.,     1624.,     1754.,     1759.,     1629.,     1625.,     1755.,     1760.,     1630.
     1253.,     1626.,     1756.,     1761.,     1631.,     1627.,     1757.,     1762.,     1632.
     1254.,     1627.,     1757.,     1762.,     1632.,     1628.,     1758.,     1763.,     1633.
     1255.,     1628.,     1758.,     1763.,     1633.,     1629.,     1759.,     1764.,     1634.
     1256.,     1629.,     1759.,     1764.,     1634.,     1630.,     1760.,     1765.,     1635.
     1257.,     1631.,     1761.,     1766.,     1636.,     1632.,     1762.,     1767.,     1637.
     1258.,     1632.,     1762.,     1767.,     1637.,     1633.,     1763.,     1768.,     1638.
     1259.,     1633.,     1763.,     1768.,     1638.,     1634.,     1764.,     1769.,     1639.
     1260.,     1634.,     1764.,     1769.,     1639.,     1635.,     1765.,     1770.,     1640.
     1261.,     1636.,     1766.,     1771.,     1641.,     1637.,     1767.,     1772.,     1642.
     1262.,     1637.,     1767.,     1772.,     1642.,     1638.,     1768.,     1773.,     1643.
     1263.,     1638.,     1768.,     1773.,     1643.,     1639.,     1769.,     1774.,     1644.
     1264.,     1639.,     1769.,     1774.,     1644.,     1640.,     1770.,     1775.,     1645.
     1265.,     1641.,     1771.,     1776.,     1646.,     1642.,     1772.,     1777.,     1647.
     1266.,     1642.,     1772.,     1777.,     1647.,     1643.,     1773.,     1778.,     1648.
     1267.,     1643.,     1773.,     1778.,     1648.,     1644.,     1774.,     1779.,     1649.
     1268.,     1644.,     1774.,     1779.,     1649.,     1645.,     1775.,     1780.,     1650.
     1269.,     1646.,     1776.,     1781.,     1651.,     1647.,     1777.,     1782.,     1652.
     1270.,     1647.,     1777.,     1782.,     1652.,     1648.,     1778.,     1783.,     1653.
     1271.,     1648.,     1778.,     1783.,     1653.,     1649.,     1779.,     1784.,     1654.
     1272.,     1649.,     1779.,     1784.,     1654.,     1650.,     1780.,     1785.,     1655.
     1273.,     1651.,     1781.,     1786.,     1656.,     1652.,     1782.,     1787.,     1657.
     1274.,     1652.,     1782.,     1787.,     1657.,     1653.,     1783.,     1788.,     1658.
     1275.,     1653.,     1783.,     1788.,     1658.,     1654.,     1784.,     1789.,     1659.
     1276.,     1654.,     1784.,     1789.,     1659.,     1655.,     1785.,     1790.,     1660.
     1277.,     1656.,     1786.,     1791.,     1661.,     1657.,     1787.,     1792.,     1662.
     1278.,     1657.,     1787.,     1792.,     1662.,     1658.,     1788.,     1793.,     1663.
     1279.,     1658.,     1788.,     1793.,     1663.,     1659.,     1789.,     1794.,     1664.
     1280.,     1659.,     1789.,     1794.,     1664.,     1660.,     1790.,     1795.,     1665.
     1281.,     1661.,     1791.,     1796.,     1666.,     1662.,     1792.,     1797.,     1667.
     1282.,     1662.,     1792.,     1797.,     1667.,     1663.,     1793.,     1798.,     1668.
     1283.,     1663.,     1793.,     1798.,     1668.,     1664.,     1794.,     1799.,     1669.
     1284.,     1664.,     1794.,     1799.,     1669.,     1665.,     1795.,     1800.,     1670.
     1285.,     1666.,     1796.,     1801.,     1671.,     1667.,     1797.,     1802.,     1672.
     1286.,     1667.,     1797.,     1802.,     1672.,     1668.,     1798.,     1803.,     1673.
     1287.,     1668.,     1798.,     1803.,     1673.,     1669.,     1799.,     1804.,     1674.
     1288.,     1669.,     1799.,     1804.,     1674.,     1670.,     1800.,     1805.,     1675.
     1289.,     1671.,     1801.,     1806.,     1676.,     1672.,     1802.,     1807.,     1677.
     1290.,     1672.,     1802.,     1807.,     1677.,     1673.,     1803.,     1808.,     1678.
     1291.,     1673.,     1803.,     1808.,     1678.,     1674.,     1804.,     1809.,     1679.
     1292.,     1674.,     1804.,     1809.,     1679.,     1675.,     1805.,     1810.,     1680.
     1293.,     1676.,     1806.,     1811.,     1681.,     1677.,     1807.,     1812.,     1682.
     1294.,     1677.,     1807.,     1812.,     1682.,     1678.,     1808.,     1813.,     1683.
     1295.,     1678.,     1808.,     1813.,     1683.,     1679.,     1809.,     1814.,     1684.
     1296.,     1679.,     1809.,     1814.,     1684.,     1680.,     1810.,     1815.,     1685.
     1297.,     1681.,     1811.,     1816.,     1686.,     1682.,     1812.,     1817.,     1687.
     1298.,     1682.,     1812.,     1817.,     1687.,     1683.,     1813.,     1818.,     1688.
     1299.,     1683.,     1813.,     1818.,     1688.,     1684.,     1814.,     1819.,     1689.
     1300.,     1684.,     1814.,     1819.,     1689.,     1685.,     1815.,     1820.,     1690.
     1301.,     1691.,     1821.,     1826.,     1696.,     1692.,     1822.,     1827.,     1697.
     1302.,     1692.,     1822.,     1827.,     1697.,     1693.,     1823.,     1828.,     1698.
     1303.,     1693.,     1823.,     1828.,     1698.,     1694.,     1824.,     1829.,     1699.
     1304.,     1694.,     1824.,     1829.,     1699.,     1695.,     1825.,     1830.,     1700.
     1305.,     1696.,     1826.,     1831.,     1701.,     1697.,     1827.,     1832.,     1702.
     1306.,     1697.,     1827.,     1832.,     1702.,     1698.,     1828.,     1833.,     1703.
     1307.,     1698.,     1828.,     1833.,     1703.,     1699.,     1829.,     1834.,     1704.
     1308.,     1699.,     1829.,     1834.,     1704.,     1700.,     1830.,     1835.,     1705.
     1309.,     1701.,     1831.,     1836.,     1706.,     1702.,     1832.,     1837.,     1707.
     1310.,     1702.,     1832.,     1837.,     1707.,     1703.,     1833.,     1838.,     1708.
     1311.,     1703.,     1833.,     1838.,     1708.,     1704.,     1834.,     1839.,     1709.
     1312.,     1704.,     1834.,     1839.,     1709.,     1705.,     1835.,     1840.,     1710.
     1313.,     1706.,     1836.,     1841.,     1711.,     1707.,     1837.,     1842.,     1712.
     1314.,     1707.,     1837.,     1842.,     1712.,     1708.,     1838.,     1843.,     1713.
     1315.,     1708.,     1838.,     1843.,     1713.,     1709.,     1839.,     1844.,     1714.
     1316.,     1709.,     1839.,     1844.,     1714.,     1710.,     1840.,     1845.,     1715.
     1317.,     1711.,     1841.,     1846.,     1716.,     1712.,     1842.,     1847.,     1717.
     1318.,     1712.,     1842.,     1847.,     1717.,     1713.,     1843.,     1848.,     1718.
     1319.,     1713.,     1843.,     1848.,     1718.,     1714.,     1844.,     1849.,     1719.
     1320.,     1714.,     1844.,     1849.,     1719.,     1715.,     1845.,     1850.,     1720.
     1321.,     1716.,     1846.,     1851.,     1721.,     1717.,     1847.,     1852.,     1722.
     1322.,     1717.,     1847.,     1852.,     1722.,     1718.,     1848.,     1853.,     1723.
     1323.,     1718.,     1848.,     1853.,     1723.,     1719.,     1849.,     1854.,     1724.
     1324.,     1719.,     1849.,     1854.,     1724.,     1720.,     1850.,     1855.,     1725.
     1325.,     1721.,     1851.,     1856.,     1726.,     1722.,     1852.,     1857.,     1727.
     1326.,     1722.,     1852.,     1857.,     1727.,     1723.,     1853.,     1858.,     1728.
     1327.,     1723.,     1853.,     1858.,     1728.,     1724.,     1854.,     1859.,     1729.
     1328.,     1724.,     1854.,     1859.,     1729.,     1725.,     1855.,     1860.,     1730.
     1329.,     1726.,     1856.,     1861.,     1731.,     1727.,     1857.,     1862.,     1732.
     1330.,     1727.,     1857.,     1862.,     1732.,     1728.,     1858.,     1863.,     1733.
     1331.,     1728.,     1858.,     1863.,     1733.,     1729.,     1859.,     1864.,     1734.
     1332.,     1729.,     1859.,     1864.,     1734.,     1730.,     1860.,     1865.,     1735.
     1333.,     1731.,     1861.,     1866.,     1736.,     1732.,     1862.,     1867.,     1737.
     1334.,     1732.,     1862.,     1867.,     1737.,     1733.,     1863.,     1868.,     1738.
     1335.,     1733.,     1863.,     1868.,     1738.,     1734.,     1864.,     1869.,     1739.
     1336.,     1734.,     1864.,     1869.,     1739.,     1735.,     1865.,     1870.,     1740.
     1337.,     1736.,     1866.,     1871.,     1741.,     1737.,     1867.,     1872.,     1742.
     1338.,     1737.,     1867.,     1872.,     1742.,     1738.,     1868.,     1873.,     1743.
     1339.,     1738.,     1868.,     1873.,     1743.,     1739.,     1869.,     1874.,     1744.
     1340.,     1739.,     1869.,     1874.,     1744.,     1740.,     1870.,     1875.,     1745.
     1341.,     1741.,     1871.,     1876.,     1746.,     1742.,     1872.,     1877.,     1747.
     1342.,     1742.,     1872.,     1877.,     1747.,     1743.,     1873.,     1878.,     1748.
     1343.,     1743.,     1873.,     1878.,     1748.,     1744.,     1874.,     1879.,     1749.
     1344.,     1744.,     1874.,     1879.,     1749.,     1745.,     1875.,     1880.,     1750.
     1345.,     1746.,     1876.,     1881.,     1751.,     1747.,     1877.,     1882.,     1752.
     1346.,     1747.,     1877.,     1882.,     1752.,     1748.,     1878.,     1883.,     1753.
     1347.,     1748.,     1878.,     1883.,     1753.,     1749.,     1879.,     1884.,     1754.
     1348.,     1749.,     1879.,     1884.,     1754.,     1750.,     1880.,     1885.,     1755.
     1349.,     1751.,     1881.,     1886.,     1756.,     1752.,     1882.,     1887.,     1757.
     1350.,     1752.,     1882.,     1887.,     1757.,     1753.,     1883.,     1888.,     1758.
     1351.,     1753.,     1883.,     1888.,     1758.,     1754.,     1884.,     1889.,     1759.
     1352.,     1754.,     1884.,     1889.,     1759.,     1755.,     1885.,     1890.,     1760.
     1353.,     1756.,     1886.,     1891.,     1761.,     1757.,     1887.,     1892.,     1762.
     1354.,     1757.,     1887.,     1892.,     1762.,     1758.,     1888.,     1893.,     1763.
     1355.,     1758.,     1888.,     1893.,     1763.,     1759.,     1889.,     1894.,     1764.
     1356.,     1759.,     1889.,     1894.,     1764.,     1760.,     1890.,     1895.,     1765.
     1357.,     1761.,     1891.,     1896.,     1766.,     1762.,     1892.,     1897.,     1767.
     1358.,     1762.,     1892.,     1897.,     1767.,     1763.,     1893.,     1898.,     1768.
     1359.,     1763.,     1893.,     1898.,     1768.,     1764.,     1894.,     1899.,     1769.
     1360.,     1764.,     1894.,     1899.,     1769.,     1765.,     1895.,     1900.,     1770.
     1361.,     1766.,     1896.,     1901.,     1771.,     1767.,     1897.,     1902.,     1772.
     1362.,     1767.,     1897.,     1902.,     1772.,     1768.,     1898.,     1903.,     1773.
     1363.,     1768.,     1898.,     1903.,     1773.,     1769.,     1899.,     1904.,     1774.
     1364.,     1769.,     1899.,     1904.,     1774.,     1770.,     1900.,     1905.,     1775.
     1365.,     1771.,     1901.,     1906.,     1776.,     1772.,     1902.,     1907.,     1777.
     1366.,     1772.,     1902.,     1907.,     1777.,     1773.,     1903.,     1908.,     1778.
     1367.,     1773.,     1903.,     1908.,     1778.,     1774.,     1904.,     1909.,     1779.
     1368.,     1774.,     1904.,     1909.,     1779.,     1775.,     1905.,     1910.,     1780.
     1369.,     1776.,     1906.,     1911.,     1781.,     1777.,     1907.,     1912.,     1782.
     1370.,     1777.,     1907.,     1912.,     1782.,     1778.,     1908.,     1913.,     1783.
     1371.,     1778.,     1908.,     1913.,     1783.,     1779.,     1909.,     1914.,     1784.
     1372.,     1779.,     1909.,     1914.,     1784.,     1780.,     1910.,     1915.,     1785.
     1373.,     1781.,     1911.,     1916.,     1786.,     1782.,     1912.,     1917.,     1787.
     1374.,     1782.,     1912.,     1917.,     1787.,     1783.,     1913.,     1918.,     1788.
     1375.,     1783.,     1913.,     1918.,     1788.,     1784.,     1914.,     1919.,     1789.
     1376.,     1784.,     1914.,     1919.,     1789.,     1785.,     1915.,     1920.,     1790.
     1377.,     1786.,     1916.,     1921.,     1791.,     1787.,     1917.,     1922.,     1792.
     1378.,     1787.,     1917.,     1922.,     1792.,     1788.,     1918.,     1923.,     1793.
     1379.,     1788.,     1918.,     1923.,     1793.,     1789.,     1919.,     1924.,     1794.
     1380.,     1789.,     1919.,     1924.,     1794.,     1790.,     1920.,     1925.,     1795.
     1381.,     1791.,     1921.,     1926.,     1796.,     1792.,     1922.,     1927.,     1797.
     1382.,     1792.,     1922.,     1927.,     1797.,     1793.,     1923.,     1928.,     1798.
     1383.,     1793.,     1923.,     1928.,     1798.,     1794.,     1924.,     1929.,     1799.
     1384.,     1794.,     1924.,     1929.,     1799.,     1795.,     1925.,     1930.,     1800.
     1385.,     1796.,     1926.,     1931.,     1801.,     1797.,     1927.,     1932.,     1802.
     1386.,     1797.,     1927.,     1932.,     1802.,     1798.,     1928.,     1933.,     1803.
     1387.,     1798.,     1928.,     1933.,     1803.,     1799.,     1929.,     1934.,     1804.
     1388.,     1799.,     1929.,     1934.,     1804.,     1800.,     1930.,     1935.,     1805.
     1389.,     1801.,     1931.,     1936.,     1806.,     1802.,     1932.,     1937.,     1807.
     1390.,     1802.,     1932.,     1937.,     1807.,     1803.,     1933.,     1938.,     1808.
     1391.,     1803.,     1933.,     1938.,     1808.,     1804.,     1934.,     1939.,     1809.
     1392.,     1804.,     1934.,     1939.,     1809.,     1805.,     1935.,     1940.,     1810.
     1393.,     1806.,     1936.,     1941.,     1811.,     1807.,     1937.,     1942.,     1812.
     1394.,     1807.,     1937.,     1942.,     1812.,     1808.,     1938.,     1943.,     1813.
     1395.,     1808.,     1938.,     1943.,     1813.,     1809.,     1939.,     1944.,     1814.
     1396.,     1809.,     1939.,     1944.,     1814.,     1810.,     1940.,     1945.,     1815.
     1397.,     1811.,     1941.,     1946.,     1816.,     1812.,     1942.,     1947.,     1817.
     1398.,     1812.,     1942.,     1947.,     1817.,     1813.,     1943.,     1948.,     1818.
     1399.,     1813.,     1943.,     1948.,     1818.,     1814.,     1944.,     1949.,     1819.
     1400.,     1814.,     1944.,     1949.,     1819.,     1815.,     1945.,     1950.,     1820.
