        1.,         2.11077E+01,         5.23456E+01,        -2.00000E+02,         2.94905E+00,         2.49656E-01,         0.00000E+00
        2.,         9.30411E+00,         2.88640E+01,        -2.00000E+02,         1.47015E+01,        -2.55423E+00,         0.00000E+00
        3.,        -2.49945E+00,         5.38227E+00,        -2.00000E+02,         2.64358E+01,        -5.38227E+00,         0.00000E+00
        4.,        -1.43030E+01,        -1.80994E+01,        -2.00000E+02,         3.81736E+01,        -8.16871E+00,         0.00000E+00
        5.,        -2.61066E+01,        -4.15811E+01,        -2.00000E+02,         4.99380E+01,        -1.09752E+01,         0.00000E+00
        6.,         2.11077E+01,         5.23456E+01,        -1.75000E+02,         2.93560E+00,         2.50490E-01,         3.47202E-02
        7.,         9.36004E+00,         2.88358E+01,        -1.75000E+02,         1.46928E+01,        -2.52630E+00,         2.04997E-02
        8.,        -2.38757E+00,         5.32603E+00,        -1.75000E+02,         2.64284E+01,        -5.32603E+00,        -4.23727E-02
        9.,        -1.41352E+01,        -1.81838E+01,        -1.75000E+02,         3.81683E+01,        -8.08912E+00,        -9.78022E-02
       10.,        -2.58828E+01,        -4.16936E+01,        -1.75000E+02,         4.99383E+01,        -1.08688E+01,        -1.08814E-01
       11.,        -3.63835E+00,         6.47847E+01,        -1.75000E+02,        -1.66410E-02,        -1.21417E+01,        -1.97272E-02
       12.,        -1.53817E+01,         4.12728E+01,        -1.75000E+02,         1.17362E+01,        -1.49191E+01,        -2.94437E-02
       13.,        -2.71250E+01,         1.77608E+01,        -1.75000E+02,         2.34696E+01,        -1.77608E+01,        -8.42805E-02
       14.,        -3.88683E+01,        -5.75116E+00,        -1.75000E+02,         3.52088E+01,        -2.04893E+01,        -1.25278E-01
       15.,        -5.06116E+01,        -2.92631E+01,        -1.75000E+02,         4.69712E+01,        -2.32675E+01,        -1.26907E-01
       16.,        -3.63835E+00,         6.47847E+01,        -2.00000E+02,         0.00000E+00,        -1.21455E+01,         0.00000E+00
       17.,        -1.54419E+01,         4.13030E+01,        -2.00000E+02,         1.17440E+01,        -1.49525E+01,         0.00000E+00
       18.,        -2.72455E+01,         1.78214E+01,        -2.00000E+02,         2.34785E+01,        -1.78214E+01,         0.00000E+00
       19.,        -3.90490E+01,        -5.66032E+00,        -2.00000E+02,         3.52156E+01,        -2.05761E+01,         0.00000E+00
       20.,        -5.08526E+01,        -2.91420E+01,        -2.00000E+02,         4.69691E+01,        -2.33809E+01,         0.00000E+00
       21.,         2.11077E+01,         5.23456E+01,        -1.50000E+02,         2.87766E+00,         2.69528E-01,         5.29920E-02
       22.,         9.41598E+00,         2.88077E+01,        -1.50000E+02,         1.46567E+01,        -2.46516E+00,         7.68809E-02
       23.,        -2.27569E+00,         5.26980E+00,        -1.50000E+02,         2.63771E+01,        -5.26980E+00,        -9.83147E-02
       24.,        -1.39674E+01,        -1.82681E+01,        -1.50000E+02,         3.81077E+01,        -7.98203E+00,        -2.46112E-01
       25.,        -2.56590E+01,        -4.18060E+01,        -1.50000E+02,         4.99149E+01,        -1.07429E+01,        -1.78882E-01
       26.,        -3.63835E+00,         6.47847E+01,        -1.50000E+02,        -7.43019E-02,        -1.21361E+01,        -3.92293E-02
       27.,        -1.53214E+01,         4.12425E+01,        -1.50000E+02,         1.16952E+01,        -1.48731E+01,        -5.25402E-02
       28.,        -2.70045E+01,         1.77002E+01,        -1.50000E+02,         2.34208E+01,        -1.77002E+01,        -1.64213E-01
       29.,        -3.86876E+01,        -5.84201E+00,        -1.50000E+02,         3.51592E+01,        -2.03904E+01,        -2.43621E-01
       30.,        -5.03706E+01,        -2.93843E+01,        -1.50000E+02,         4.69501E+01,        -2.31449E+01,        -1.93734E-01
       31.,         2.15377E+01,         3.98657E+01,        -1.33333E+02,         8.35658E+00,         1.84281E+00,         1.51588E-01
       32.,         1.22525E+01,         2.11923E+01,        -1.33333E+02,         1.77217E+01,        -3.14396E-01,         2.24407E-01
       33.,         2.96735E+00,         2.51892E+00,        -1.33333E+02,         2.69806E+01,        -2.51892E+00,        -1.28577E-01
       34.,        -6.31783E+00,        -1.61545E+01,        -1.33334E+02,         3.62553E+01,        -4.71652E+00,        -4.30004E-01
       35.,        -1.56030E+01,        -3.48279E+01,        -1.33334E+02,         4.56609E+01,        -6.90996E+00,        -2.92645E-01
       36.,        -2.33050E+00,         5.18429E+01,        -1.33333E+02,         5.51503E+00,        -1.01592E+01,        -2.53849E-02
       37.,        -1.16099E+01,         3.31667E+01,        -1.33333E+02,         1.48669E+01,        -1.23167E+01,        -1.81765E-02
       38.,        -2.08894E+01,         1.44904E+01,        -1.33333E+02,         2.41445E+01,        -1.44904E+01,        -2.16713E-01
       39.,        -3.01688E+01,        -4.18583E+00,        -1.33333E+02,         3.34344E+01,        -1.67098E+01,        -3.67885E-01
       40.,        -3.94482E+01,        -2.28621E+01,        -1.33333E+02,         4.28201E+01,        -1.89010E+01,        -2.57130E-01
       41.,         2.19673E+01,         2.73850E+01,        -1.16666E+02,         1.38368E+01,         3.46157E+00,         5.42402E-01
       42.,         1.50887E+01,         1.35762E+01,        -1.16666E+02,         2.07824E+01,         1.86979E+00,         5.54478E-01
       43.,         8.21003E+00,        -2.32649E-01,        -1.16667E+02,         2.75266E+01,         2.32649E-01,        -1.66334E-01
       44.,         1.33139E+00,        -1.40415E+01,        -1.16667E+02,         3.43241E+01,        -1.38380E+00,        -7.51135E-01
       45.,        -5.54726E+00,        -2.78503E+01,        -1.16667E+02,         4.13101E+01,        -3.05562E+00,        -6.66772E-01
       46.,        -1.02266E+00,         3.89011E+01,        -1.16667E+02,         1.10799E+01,        -8.09684E+00,         1.12563E-01
       47.,        -7.89844E+00,         2.50909E+01,        -1.16667E+02,         1.80243E+01,        -9.66316E+00,         1.36963E-01
       48.,        -1.47742E+01,         1.12806E+01,        -1.16667E+02,         2.48110E+01,        -1.12806E+01,        -3.15670E-01
       49.,        -2.16500E+01,        -2.52965E+00,        -1.16667E+02,         3.16340E+01,        -1.29254E+01,        -6.78449E-01
       50.,        -2.85258E+01,        -1.63399E+01,        -1.16667E+02,         3.86108E+01,        -1.45822E+01,        -4.91074E-01
       51.,         2.23967E+01,         1.49036E+01,        -1.00000E+02,         1.95022E+01,         4.11133E+00,         1.83979E+00
       52.,         1.79245E+01,         5.95935E+00,        -1.00000E+02,         2.37700E+01,         3.32326E+00,         8.94313E-01
       53.,         1.34524E+01,        -2.98492E+00,        -1.00000E+02,         2.79640E+01,         2.98492E+00,        -1.51530E-01
       54.,         8.98024E+00,        -1.19292E+01,        -1.00000E+02,         3.22220E+01,         1.39838E+00,        -1.09199E+00
       55.,         4.50811E+00,        -2.08735E+01,        -1.00000E+02,         3.66818E+01,         2.51974E-01,        -1.68535E+00
       56.,         2.85192E-01,         2.59594E+01,        -1.00000E+02,         1.68670E+01,        -6.49360E+00,         9.01166E-01
       57.,        -4.18694E+00,         1.70151E+01,        -1.00000E+02,         2.11895E+01,        -7.36606E+00,         3.47242E-01
       58.,        -8.65908E+00,         8.07081E+00,        -1.00000E+02,         2.53752E+01,        -8.07081E+00,        -4.54751E-01
       59.,        -1.31312E+01,        -8.73466E-01,        -1.00000E+02,         2.96135E+01,        -9.39934E+00,        -1.17128E+00
       60.,        -1.76034E+01,        -9.81774E+00,        -1.00000E+02,         3.40574E+01,        -1.05498E+01,        -1.46493E+00
       61.,         2.36677E+01,         1.73270E+01,        -7.46740E+01,         1.92167E+01,        -9.18444E-01,         3.80191E+00
       62.,         2.08659E+01,         9.51419E+00,        -7.52111E+01,         2.19508E+01,        -1.16966E+00,         2.03266E+00
       63.,         1.80640E+01,         1.70138E+00,        -7.57481E+01,         2.48260E+01,        -1.70138E+00,         5.47035E-01
       64.,         1.52622E+01,        -6.11143E+00,        -7.62852E+01,         2.78527E+01,        -1.44832E+00,        -8.99671E-01
       65.,         1.24604E+01,        -1.39242E+01,        -7.68222E+01,         3.11055E+01,        -1.52261E+00,        -2.42638E+00
       66.,        -1.26912E-02,         2.54375E+01,        -7.46869E+01,         1.78647E+01,        -9.09196E+00,         1.66981E+00
       67.,        -2.59798E+00,         1.77117E+01,        -7.50124E+01,         2.05953E+01,        -9.45224E+00,         5.90343E-01
       68.,        -5.18328E+00,         9.98592E+00,        -7.53379E+01,         2.34406E+01,        -9.98592E+00,        -6.42157E-01
       69.,        -7.76857E+00,         2.26013E+00,        -7.56635E+01,         2.64118E+01,        -1.01139E+01,        -1.80908E+00
       70.,        -1.03539E+01,        -5.46565E+00,        -7.59890E+01,         2.94978E+01,        -1.03955E+01,        -2.76762E+00
       71.,         2.47257E+01,         2.00891E+01,        -4.96375E+01,         1.81085E+01,        -5.99357E+00,         3.84279E+00
       72.,         2.30601E+01,         1.29827E+01,        -5.03996E+01,         1.97632E+01,        -5.95223E+00,         2.58021E+00
       73.,         2.13946E+01,         5.87641E+00,        -5.11616E+01,         2.15457E+01,        -5.87641E+00,         1.34083E+00
       74.,         1.97290E+01,        -1.22993E+00,        -5.19237E+01,         2.34585E+01,        -5.84050E+00,         7.10278E-02
       75.,         1.80634E+01,        -8.33626E+00,        -5.26857E+01,         2.55107E+01,        -5.72359E+00,        -1.36110E+00
       76.,        -1.09160E-01,         2.52685E+01,        -4.93674E+01,         1.77263E+01,        -1.13135E+01,         8.56816E-01
       77.,        -1.40687E+00,         1.82888E+01,        -4.98240E+01,         1.93321E+01,        -1.13499E+01,         2.03786E-01
       78.,        -2.70457E+00,         1.13090E+01,        -5.02805E+01,         2.10018E+01,        -1.13090E+01,        -7.17323E-01
       79.,        -4.00228E+00,         4.32930E+00,        -5.07370E+01,         2.27746E+01,        -1.15001E+01,        -1.69390E+00
       80.,        -5.29999E+00,        -2.65042E+00,        -5.11936E+01,         2.46405E+01,        -1.15711E+01,        -2.46527E+00
       81.,         2.56077E+01,         2.29560E+01,        -2.46915E+01,         1.62821E+01,        -9.62006E+00,         3.97076E+00
       82.,         2.46372E+01,         1.61984E+01,        -2.54930E+01,         1.71532E+01,        -9.53308E+00,         3.04213E+00
       83.,         2.36668E+01,         9.44081E+00,        -2.62944E+01,         1.81367E+01,        -9.44081E+00,         2.08319E+00
       84.,         2.26963E+01,         2.68319E+00,        -2.70959E+01,         1.92086E+01,        -9.31207E+00,         1.10707E+00
       85.,         2.17258E+01,        -4.07443E+00,        -2.78973E+01,         2.03512E+01,        -9.20367E+00,         1.32537E-01
       86.,        -3.36647E-03,         2.54538E+01,        -2.40481E+01,         1.63994E+01,        -1.22925E+01,         4.58800E-01
       87.,        -5.12713E-01,         1.88413E+01,        -2.45340E+01,         1.71776E+01,        -1.22784E+01,         8.19497E-02
       88.,        -1.02206E+00,         1.22287E+01,        -2.50199E+01,         1.80523E+01,        -1.22287E+01,        -5.56047E-01
       89.,        -1.53141E+00,         5.61613E+00,        -2.55057E+01,         1.89884E+01,        -1.22669E+01,        -1.21691E+00
       90.,        -2.04075E+00,        -9.96429E-01,        -2.59916E+01,         1.99359E+01,        -1.22644E+01,        -1.64657E+00
       91.,         2.63223E+01,         2.57563E+01,         2.65539E-01,         1.40743E+01,        -1.26332E+01,         4.41365E+00
       92.,         2.57307E+01,         1.90801E+01,        -4.94392E-01,         1.43649E+01,        -1.25181E+01,         3.60784E+00
       93.,         2.51392E+01,         1.24040E+01,        -1.25432E+00,         1.47396E+01,        -1.24040E+01,         2.81977E+00
       94.,         2.45476E+01,         5.72791E+00,        -2.01425E+00,         1.51714E+01,        -1.22774E+01,         2.03307E+00
       95.,         2.39560E+01,        -9.48208E-01,        -2.77418E+00,         1.56314E+01,        -1.21422E+01,         1.24256E+00
       96.,         3.05543E-01,         2.59950E+01,         1.26440E+00,         1.43644E+01,        -1.30418E+01,         7.92794E-01
       97.,         2.01899E-01,         1.94750E+01,         7.95126E-01,         1.45523E+01,        -1.30123E+01,         4.45089E-01
       98.,         9.82541E-02,         1.29551E+01,         3.25849E-01,         1.48058E+01,        -1.29551E+01,        -6.12064E-02
       99.,        -5.39023E-03,         6.43508E+00,        -1.43429E-01,         1.51024E+01,        -1.29697E+01,        -5.74992E-01
      100.,        -1.09035E-01,        -8.48990E-02,        -6.12706E-01,         1.54074E+01,        -1.29448E+01,        -9.24184E-01
      101.,         2.70736E+01,         2.83841E+01,         2.51478E+01,         1.17901E+01,        -1.51520E+01,         5.09364E+00
      102.,         2.65940E+01,         2.16363E+01,         2.45302E+01,         1.16209E+01,        -1.50215E+01,         4.34583E+00
      103.,         2.61143E+01,         1.48886E+01,         2.39125E+01,         1.15136E+01,        -1.48886E+01,         3.61848E+00
      104.,         2.56346E+01,         8.14079E+00,         2.32949E+01,         1.14360E+01,        -1.47573E+01,         2.90772E+00
      105.,         2.51549E+01,         1.39303E+00,         2.26772E+01,         1.13555E+01,        -1.46266E+01,         2.21505E+00
      106.,         8.18365E-01,         2.68934E+01,         2.65635E+01,         1.20258E+01,        -1.38150E+01,         1.64984E+00
      107.,         8.56404E-01,         2.02973E+01,         2.61296E+01,         1.17643E+01,        -1.37708E+01,         1.26198E+00
      108.,         8.94442E-01,         1.37011E+01,         2.56958E+01,         1.15558E+01,        -1.37011E+01,         7.64435E-01
      109.,         9.32481E-01,         7.10501E+00,         2.52620E+01,         1.13728E+01,        -1.36968E+01,         2.74977E-01
      110.,         9.70520E-01,         5.08880E-01,         2.48281E+01,         1.11886E+01,        -1.36674E+01,        -7.95186E-02
      111.,         2.78379E+01,         3.08846E+01,         5.01259E+01,         9.61400E+00,        -1.74492E+01,         5.96194E+00
      112.,         2.73725E+01,         2.40009E+01,         4.96358E+01,         9.09146E+00,        -1.72837E+01,         5.22608E+00
      113.,         2.69071E+01,         1.71172E+01,         4.91457E+01,         8.61407E+00,        -1.71172E+01,         4.51620E+00
      114.,         2.64417E+01,         1.02336E+01,         4.86556E+01,         8.14899E+00,        -1.69514E+01,         3.82643E+00
      115.,         2.59763E+01,         3.34989E+00,         4.81654E+01,         7.66361E+00,        -1.67835E+01,         3.15944E+00
      116.,         1.53549E+00,         2.81498E+01,         5.18423E+01,         9.72630E+00,        -1.48406E+01,         2.88840E+00
      117.,         1.55671E+00,         2.14042E+01,         5.14522E+01,         9.12439E+00,        -1.47607E+01,         2.41335E+00
      118.,         1.57792E+00,         1.46587E+01,         5.10621E+01,         8.56281E+00,        -1.46587E+01,         1.87358E+00
      119.,         1.59913E+00,         7.91315E+00,         5.06720E+01,         8.01792E+00,        -1.46159E+01,         1.34872E+00
      120.,         1.62035E+00,         1.16762E+00,         5.02819E+01,         7.47109E+00,        -1.45525E+01,         9.26597E-01
      121.,         2.88111E+01,         3.33353E+01,         7.52194E+01,         7.68186E+00,        -1.96811E+01,         6.96992E+00
      122.,         2.82257E+01,         2.62899E+01,         7.48240E+01,         6.90266E+00,        -1.94643E+01,         6.22839E+00
      123.,         2.76402E+01,         1.92444E+01,         7.44286E+01,         6.15594E+00,        -1.92444E+01,         5.50845E+00
      124.,         2.70547E+01,         1.21990E+01,         7.40333E+01,         5.40885E+00,        -1.90249E+01,         4.80757E+00
      125.,         2.64693E+01,         5.15358E+00,         7.36379E+01,         4.63000E+00,        -1.88041E+01,         4.12789E+00
      126.,         2.45635E+00,         2.97630E+01,         7.70945E+01,         7.68073E+00,        -1.62072E+01,         4.36185E+00
      127.,         2.35109E+00,         2.28391E+01,         7.67542E+01,         6.82811E+00,        -1.60725E+01,         3.79441E+00
      128.,         2.24583E+00,         1.59152E+01,         7.64139E+01,         6.00710E+00,        -1.59152E+01,         3.19330E+00
      129.,         2.14057E+00,         8.99122E+00,         7.60736E+01,         5.19545E+00,        -1.58186E+01,         2.60860E+00
      130.,         2.03531E+00,         2.06729E+00,         7.57333E+01,         4.38117E+00,        -1.57043E+01,         2.09582E+00
      131.,         3.00810E+01,         3.57930E+01,         1.00305E+02,         6.08463E+00,        -2.19369E+01,         8.06143E+00
      132.,         2.92795E+01,         2.85852E+01,         9.99887E+01,         5.13966E+00,        -2.16600E+01,         7.30972E+00
      133.,         2.84780E+01,         2.13775E+01,         9.96725E+01,         4.21693E+00,        -2.13775E+01,         6.57094E+00
      134.,         2.76765E+01,         1.41697E+01,         9.93563E+01,         3.28375E+00,        -2.10952E+01,         5.84549E+00
      135.,         2.68750E+01,         6.96191E+00,         9.90402E+01,         2.31054E+00,        -2.08097E+01,         5.13664E+00
      136.,         3.58084E+00,         3.17330E+01,         1.02313E+02,         6.00583E+00,        -1.79545E+01,         5.96616E+00
      137.,         3.27600E+00,         2.46338E+01,         1.02027E+02,         4.98948E+00,        -1.77559E+01,         5.31161E+00
      138.,         2.97116E+00,         1.75345E+01,         1.01742E+02,         3.99721E+00,        -1.75345E+01,         4.64735E+00
      139.,         2.66632E+00,         1.04352E+01,         1.01456E+02,         3.00847E+00,        -1.73739E+01,         3.99596E+00
      140.,         2.36148E+00,         3.33598E+00,         1.01170E+02,         2.01519E+00,        -1.71962E+01,         3.38486E+00
      141.,         3.15990E+01,         3.82867E+01,         1.25336E+02,         4.85693E+00,        -2.42597E+01,         9.17335E+00
      142.,         3.05313E+01,         3.09400E+01,         1.25103E+02,         3.83358E+00,        -2.39309E+01,         8.41691E+00
      143.,         2.94635E+01,         2.35933E+01,         1.24869E+02,         2.82335E+00,        -2.35933E+01,         7.66093E+00
      144.,         2.83958E+01,         1.62466E+01,         1.24636E+02,         1.79395E+00,        -2.32555E+01,         6.90950E+00
      145.,         2.73281E+01,         8.89991E+00,         1.24402E+02,         7.17811E-01,        -2.29125E+01,         6.16559E+00
      146.,         4.90862E+00,         3.40592E+01,         1.27492E+02,         4.75000E+00,        -2.00974E+01,         7.61344E+00
      147.,         4.35889E+00,         2.68092E+01,         1.27264E+02,         3.65485E+00,        -1.98397E+01,         6.88245E+00
      148.,         3.80915E+00,         1.95593E+01,         1.27036E+02,         2.57785E+00,        -1.95593E+01,         6.16006E+00
      149.,         3.25941E+00,         1.23093E+01,         1.26809E+02,         1.49844E+00,        -1.93364E+01,         5.44399E+00
      150.,         2.70967E+00,         5.05935E+00,         1.26581E+02,         4.10722E-01,        -1.90973E+01,         4.73583E+00
      151.,         3.32714E+01,         4.08417E+01,         1.50478E+02,         3.98634E+00,        -2.66681E+01,         1.02612E+01
      152.,         3.19060E+01,         3.33848E+01,         1.50295E+02,         2.97035E+00,        -2.63042E+01,         9.50386E+00
      153.,         3.05407E+01,         2.59278E+01,         1.50112E+02,         1.95922E+00,        -2.59278E+01,         8.73207E+00
      154.,         2.91753E+01,         1.84709E+01,         1.49929E+02,         9.21070E-01,        -2.55523E+01,         7.95379E+00
      155.,         2.78100E+01,         1.10140E+01,         1.49746E+02,        -1.70137E-01,        -2.51689E+01,         7.17198E+00
      156.,         6.43898E+00,         3.67402E+01,         1.52623E+02,         3.90743E+00,        -2.26318E+01,         9.23285E+00
      157.,         5.61239E+00,         2.93725E+01,         1.52456E+02,         2.81746E+00,        -2.23296E+01,         8.43414E+00
      158.,         4.78579E+00,         2.20047E+01,         1.52288E+02,         1.73989E+00,        -2.20047E+01,         7.65842E+00
      159.,         3.95920E+00,         1.46370E+01,         1.52120E+02,         6.54027E-01,        -2.17336E+01,         6.88038E+00
      160.,         3.13261E+00,         7.26923E+00,         1.51953E+02,        -4.46334E-01,        -2.14460E+01,         6.07865E+00
      161.,         3.50214E+01,         4.34687E+01,         1.75748E+02,         3.43942E+00,        -2.91685E+01,         1.12950E+01
      162.,         3.33751E+01,         3.59444E+01,         1.75608E+02,         2.51311E+00,        -2.88027E+01,         1.05361E+01
      163.,         3.17288E+01,         2.84200E+01,         1.75468E+02,         1.58447E+00,        -2.84200E+01,         9.74719E+00
      164.,         3.00825E+01,         2.08956E+01,         1.75327E+02,         6.21548E-01,        -2.80417E+01,         8.94018E+00
      165.,         2.84362E+01,         1.33713E+01,         1.75187E+02,        -4.00568E-01,        -2.76519E+01,         8.11768E+00
      166.,         8.17086E+00,         3.97743E+01,         1.77701E+02,         3.42587E+00,        -2.55539E+01,         1.07696E+01
      167.,         7.05683E+00,         3.23323E+01,         1.77593E+02,         2.42524E+00,        -2.52326E+01,         9.90618E+00
      168.,         5.94281E+00,         2.48902E+01,         1.77485E+02,         1.43118E+00,        -2.48902E+01,         9.07850E+00
      169.,         4.82878E+00,         1.74482E+01,         1.77377E+02,         4.22420E-01,        -2.45937E+01,         8.23916E+00
      170.,         3.71475E+00,         1.00062E+01,         1.77269E+02,        -6.08899E-01,        -2.42807E+01,         7.34526E+00
      171.,         3.70258E+01,         4.61909E+01,         2.00884E+02,         3.15357E+00,        -3.17818E+01,         1.22526E+01
      172.,         3.51084E+01,         3.86460E+01,         2.00809E+02,         2.39657E+00,        -3.14520E+01,         1.14832E+01
      173.,         3.31910E+01,         3.11011E+01,         2.00733E+02,         1.63119E+00,        -3.11011E+01,         1.06695E+01
      174.,         3.12736E+01,         2.35561E+01,         2.00658E+02,         8.24896E-01,        -3.07603E+01,         9.82663E+00
      175.,         2.93562E+01,         1.60112E+01,         2.00583E+02,        -4.67720E-02,        -3.04039E+01,         8.95630E+00
      176.,         1.01032E+01,         4.31595E+01,         2.02720E+02,         3.22187E+00,        -2.88609E+01,         1.21837E+01
      177.,         8.70484E+00,         3.56912E+01,         2.02669E+02,         2.39121E+00,        -2.85514E+01,         1.12514E+01
      178.,         7.30651E+00,         2.82230E+01,         2.02618E+02,         1.56104E+00,        -2.82230E+01,         1.03676E+01
      179.,         5.90817E+00,         2.07547E+01,         2.02566E+02,         7.09471E-01,        -2.79312E+01,         9.46334E+00
      180.,         4.50984E+00,         1.32864E+01,         2.02515E+02,        -1.73978E-01,        -2.76228E+01,         8.47569E+00
      181.,         3.92084E+01,         4.90164E+01,         2.25931E+02,         3.03457E+00,        -3.45180E+01,         1.31221E+01
      182.,         3.70312E+01,         4.14967E+01,         2.25910E+02,         2.52197E+00,        -3.42596E+01,         1.23260E+01
      183.,         3.48539E+01,         3.39769E+01,         2.25889E+02,         1.99586E+00,        -3.39769E+01,         1.14731E+01
      184.,         3.26767E+01,         2.64572E+01,         2.25869E+02,         1.42276E+00,        -3.37095E+01,         1.05817E+01
      185.,         3.04995E+01,         1.89375E+01,         2.25848E+02,         7.77811E-01,        -3.34230E+01,         9.65234E+00
      186.,         1.22347E+01,         4.68937E+01,         2.27673E+02,         3.18202E+00,        -3.25544E+01,         1.34522E+01
      187.,         1.05699E+01,         3.94505E+01,         2.27673E+02,         2.59759E+00,        -3.22889E+01,         1.24397E+01
      188.,         8.90520E+00,         3.20073E+01,         2.27673E+02,         2.00700E+00,        -3.20073E+01,         1.14902E+01
      189.,         7.24047E+00,         2.45642E+01,         2.27673E+02,         1.38777E+00,        -3.17515E+01,         1.05136E+01
      190.,         5.57574E+00,         1.71210E+01,         2.27673E+02,         7.25952E-01,        -3.14790E+01,         9.42768E+00
      191.,         4.15120E+01,         5.19487E+01,         2.50906E+02,         2.97402E+00,        -3.73985E+01,         1.39069E+01
      192.,         3.91061E+01,         4.45057E+01,         2.50934E+02,         2.77484E+00,        -3.72442E+01,         1.30625E+01
      193.,         3.67003E+01,         3.70628E+01,         2.50963E+02,         2.55771E+00,        -3.70628E+01,         1.21524E+01
      194.,         3.42945E+01,         2.96198E+01,         2.50991E+02,         2.28817E+00,        -3.69039E+01,         1.11974E+01
      195.,         3.18886E+01,         2.21769E+01,         2.51020E+02,         1.94085E+00,        -3.67221E+01,         1.01967E+01
      196.,         1.45639E+01,         5.09742E+01,         2.52553E+02,         3.17248E+00,        -3.66394E+01,         1.45684E+01
      197.,         1.26644E+01,         4.36074E+01,         2.52596E+02,         2.90380E+00,        -3.64462E+01,         1.34595E+01
      198.,         1.07650E+01,         3.62407E+01,         2.52639E+02,         2.62185E+00,        -3.62407E+01,         1.24307E+01
      199.,         8.86563E+00,         2.88739E+01,         2.52682E+02,         2.30383E+00,        -3.60489E+01,         1.13713E+01
      200.,         6.96622E+00,         2.15071E+01,         2.52725E+02,         1.93174E+00,        -3.58409E+01,         1.01809E+01
      201.,         4.39651E+01,         5.50121E+01,         2.75831E+02,         2.85553E+00,        -4.04599E+01,         1.46225E+01
      202.,         4.13511E+01,         4.76964E+01,         2.75897E+02,         3.03070E+00,        -4.04349E+01,         1.37052E+01
      203.,         3.87372E+01,         4.03807E+01,         2.75964E+02,         3.18361E+00,        -4.03807E+01,         1.27181E+01
      204.,         3.61233E+01,         3.30650E+01,         2.76030E+02,         3.27945E+00,        -4.03549E+01,         1.16833E+01
      205.,         3.35093E+01,         2.57493E+01,         2.76096E+02,         3.29234E+00,        -4.03035E+01,         1.05994E+01
      206.,         1.70893E+01,         5.53985E+01,         2.77356E+02,         3.04695E+00,        -4.11277E+01,         1.55444E+01
      207.,         1.49948E+01,         4.81575E+01,         2.77430E+02,         3.15558E+00,        -4.10261E+01,         1.43204E+01
      208.,         1.29002E+01,         4.09165E+01,         2.77505E+02,         3.24278E+00,        -4.09165E+01,         1.31964E+01
      209.,         1.08057E+01,         3.36755E+01,         2.77579E+02,         3.28593E+00,        -4.08072E+01,         1.20427E+01
      210.,         8.71125E+00,         2.64346E+01,         2.77654E+02,         3.26365E+00,        -4.06840E+01,         1.07422E+01
      211.,         4.65610E+01,         5.82252E+01,         3.00739E+02,         2.56466E+00,        -4.37483E+01,         1.52931E+01
      212.,         4.37946E+01,         5.10871E+01,         3.00824E+02,         3.16372E+00,        -4.38631E+01,         1.42774E+01
      213.,         4.10281E+01,         4.39490E+01,         3.00909E+02,         3.73584E+00,        -4.39490E+01,         1.31954E+01
      214.,         3.82617E+01,         3.68109E+01,         3.00995E+02,         4.24693E+00,        -4.40681E+01,         1.20684E+01
      215.,         3.54953E+01,         2.96727E+01,         3.01080E+02,         4.67099E+00,        -4.41597E+01,         1.08932E+01
      216.,         1.98092E+01,         6.01635E+01,         3.02074E+02,         2.66243E+00,        -4.60374E+01,         1.64130E+01
      217.,         1.75678E+01,         5.30931E+01,         3.02167E+02,         3.19686E+00,        -4.60308E+01,         1.50552E+01
      218.,         1.53265E+01,         4.60227E+01,         3.02259E+02,         3.70107E+00,        -4.60227E+01,         1.38202E+01
      219.,         1.30852E+01,         3.89523E+01,         3.02351E+02,         4.15442E+00,        -4.60034E+01,         1.25621E+01
      220.,         1.08438E+01,         3.18820E+01,         3.02443E+02,         4.53167E+00,        -4.59720E+01,         1.11468E+01
      221.,         4.92053E+01,         6.16137E+01,         3.25601E+02,         2.00636E+00,        -4.73189E+01,         1.59473E+01
      222.,         4.63534E+01,         5.46978E+01,         3.25679E+02,         3.05977E+00,        -4.75651E+01,         1.48149E+01
      223.,         4.35015E+01,         4.77820E+01,         3.25757E+02,         4.08225E+00,        -4.77820E+01,         1.36236E+01
      224.,         4.06496E+01,         4.08662E+01,         3.25835E+02,         5.04152E+00,        -4.80354E+01,         1.23951E+01
      225.,         3.77978E+01,         3.39504E+01,         3.25913E+02,         5.91230E+00,        -4.82633E+01,         1.11307E+01
      226.,         2.27218E+01,         6.52661E+01,         3.26703E+02,         1.89543E+00,        -5.13833E+01,         1.72208E+01
      227.,         2.03863E+01,         5.84053E+01,         3.26798E+02,         2.88987E+00,        -5.14646E+01,         1.57244E+01
      228.,         1.80507E+01,         5.15445E+01,         3.26892E+02,         3.84172E+00,        -5.15445E+01,         1.43667E+01
      229.,         1.57152E+01,         4.46836E+01,         3.26987E+02,         4.73436E+00,        -5.16049E+01,         1.29949E+01
      230.,         1.33797E+01,         3.78228E+01,         3.27081E+02,         5.54598E+00,        -5.16601E+01,         1.14698E+01
      231.,         5.19426E+01,         6.52064E+01,         3.50396E+02,         1.12334E+00,        -5.12287E+01,         1.66188E+01
      232.,         4.90479E+01,         5.85586E+01,         3.50454E+02,         2.64431E+00,        -5.15778E+01,         1.53518E+01
      233.,         4.61531E+01,         5.19107E+01,         3.50512E+02,         4.12680E+00,        -5.19107E+01,         1.40484E+01
      234.,         4.32583E+01,         4.52629E+01,         3.50570E+02,         5.54129E+00,        -5.22665E+01,         1.27212E+01
      235.,         4.03636E+01,         3.86151E+01,         3.50628E+02,         6.86556E+00,        -5.26025E+01,         1.13656E+01
      236.,         2.58252E+01,         7.07029E+01,         3.51238E+02,         6.69408E-01,        -5.71775E+01,         1.80766E+01
      237.,         2.34507E+01,         6.40833E+01,         3.51317E+02,         2.13009E+00,        -5.73092E+01,         1.64181E+01
      238.,         2.10762E+01,         5.74637E+01,         3.51397E+02,         3.54642E+00,        -5.74637E+01,         1.49315E+01
      239.,         1.87017E+01,         5.08441E+01,         3.51477E+02,         4.89887E+00,        -5.75756E+01,         1.34481E+01
      240.,         1.63272E+01,         4.42245E+01,         3.51557E+02,         6.15722E+00,        -5.76878E+01,         1.18088E+01
      241.,         5.46821E+01,         6.90681E+01,         3.75155E+02,        -7.06183E-02,        -5.56058E+01,         1.72930E+01
      242.,         5.18013E+01,         6.27309E+01,         3.75182E+02,         1.89096E+00,        -5.60172E+01,         1.59103E+01
      243.,         4.89205E+01,         5.63937E+01,         3.75209E+02,         3.82073E+00,        -5.63937E+01,         1.45077E+01
      244.,         4.60398E+01,         5.00565E+01,         3.75236E+02,         5.69575E+00,        -5.68455E+01,         1.30914E+01
      245.,         4.31590E+01,         4.37192E+01,         3.75264E+02,         7.48323E+00,        -5.72656E+01,         1.16613E+01
      246.,         2.91173E+01,         7.64704E+01,         3.75671E+02,        -9.55722E-01,        -6.34962E+01,         1.90429E+01
      247.,         2.67594E+01,         7.01157E+01,         3.75720E+02,         9.45657E-01,        -6.36439E+01,         1.72772E+01
      248.,         2.44016E+01,         6.37609E+01,         3.75768E+02,         2.78999E+00,        -6.37609E+01,         1.56514E+01
      249.,         2.20438E+01,         5.74062E+01,         3.75817E+02,         4.57629E+00,        -6.39262E+01,         1.40391E+01
      250.,         1.96859E+01,         5.10514E+01,         3.75865E+02,         6.29158E+00,        -6.40801E+01,         1.23095E+01
      251.,         5.73666E+01,         7.33185E+01,         4.00000E+02,        -8.87920E-01,        -6.04350E+01,         1.78153E+01
      252.,         5.46091E+01,         6.73132E+01,         4.00000E+02,         1.30760E+00,        -6.08711E+01,         1.64122E+01
      253.,         5.18516E+01,         6.13080E+01,         4.00000E+02,         3.35716E+00,        -6.13080E+01,         1.50253E+01
      254.,         4.90940E+01,         5.53027E+01,         4.00000E+02,         5.36033E+00,        -6.17224E+01,         1.36351E+01
      255.,         4.63365E+01,         4.92974E+01,         4.00000E+02,         7.42079E+00,        -6.21375E+01,         1.22156E+01
      256.,         3.25960E+01,         8.25649E+01,         4.00000E+02,        -2.34647E+00,        -6.98602E+01,         1.99825E+01
      257.,         3.03094E+01,         7.64908E+01,         4.00000E+02,        -2.29448E-01,        -7.00578E+01,         1.82299E+01
      258.,         2.80227E+01,         7.04167E+01,         4.00000E+02,         1.80044E+00,        -7.04167E+01,         1.65580E+01
      259.,         2.57361E+01,         6.43427E+01,         4.00000E+02,         3.78879E+00,        -7.03525E+01,         1.49002E+01
      260.,         2.34494E+01,         5.82686E+01,         4.00000E+02,         5.76103E+00,        -7.04422E+01,         1.31913E+01
      261.,         4.58537E+01,         3.99065E+01,        -2.00000E+02,         5.89680E+00,         1.26714E+01,         0.00000E+00
      262.,         3.40501E+01,         1.64249E+01,        -2.00000E+02,         1.76639E+01,         9.87966E+00,         0.00000E+00
      263.,         2.22466E+01,        -7.05682E+00,        -2.00000E+02,         2.93946E+01,         7.05682E+00,         0.00000E+00
      264.,         1.04430E+01,        -3.05385E+01,        -2.00000E+02,         4.11283E+01,         4.27739E+00,         0.00000E+00
      265.,        -1.36055E+00,        -5.40202E+01,        -2.00000E+02,         5.29089E+01,         1.46890E+00,         0.00000E+00
      266.,         4.58537E+01,         3.99065E+01,        -1.75000E+02,         5.88675E+00,         1.26622E+01,         1.13925E-01
      267.,         3.41018E+01,         1.63989E+01,        -1.75000E+02,         1.76553E+01,         9.90374E+00,         8.80302E-02
      268.,         2.23498E+01,        -7.10874E+00,        -1.75000E+02,         2.93878E+01,         7.10874E+00,        -6.60670E-03
      269.,         1.05979E+01,        -3.06164E+01,        -1.75000E+02,         4.11244E+01,         4.35054E+00,        -1.00658E-01
      270.,        -1.15400E+00,        -5.41240E+01,        -1.75000E+02,         5.29072E+01,         1.55999E+00,        -1.29034E-01
      271.,         4.58537E+01,         3.99065E+01,        -1.50000E+02,         5.83406E+00,         1.26792E+01,         1.93818E-01
      272.,         3.41534E+01,         1.63729E+01,        -1.50000E+02,         1.76192E+01,         9.95608E+00,         2.57978E-01
      273.,         2.24531E+01,        -7.16065E+00,        -1.50000E+02,         2.93352E+01,         7.16065E+00,        -1.13403E-02
      274.,         1.07528E+01,        -3.06942E+01,        -1.50000E+02,         4.10654E+01,         4.44461E+00,        -2.75979E-01
      275.,        -9.47460E-01,        -5.42278E+01,        -1.50000E+02,         5.28836E+01,         1.66915E+00,        -2.17632E-01
      276.,         4.54057E+01,         2.78881E+01,        -1.33332E+02,         1.12084E+01,         1.38149E+01,         3.79248E-01
      277.,         3.61148E+01,         9.21766E+00,        -1.33333E+02,         2.05691E+01,         1.16649E+01,         5.25104E-01
      278.,         2.68239E+01,        -9.45282E+00,        -1.33333E+02,         2.98194E+01,         9.45282E+00,         1.51539E-04
      279.,         1.75330E+01,        -2.81233E+01,        -1.33334E+02,         3.90966E+01,         7.25849E+00,        -4.82699E-01
      280.,         8.24213E+00,        -4.67938E+01,        -1.33334E+02,         4.85112E+01,         5.05974E+00,        -3.61595E-01
      281.,         4.49572E+01,         1.58686E+01,        -1.16666E+02,         1.65773E+01,         1.49886E+01,         9.87430E-01
      282.,         3.80757E+01,         2.06125E+00,        -1.16666E+02,         2.35092E+01,         1.33792E+01,         1.05705E+00
      283.,         3.11942E+01,        -1.17461E+01,        -1.16667E+02,         3.02352E+01,         1.17461E+01,        -1.69884E-02
      284.,         2.43127E+01,        -2.55534E+01,        -1.16667E+02,         3.70443E+01,         1.01389E+01,        -8.52260E-01
      285.,         1.74312E+01,        -3.93607E+01,        -1.16667E+02,         4.40432E+01,         8.44944E+00,        -8.03248E-01
      286.,         4.45081E+01,         3.84789E+00,        -1.00000E+02,         2.21211E+01,         1.45966E+01,         3.06586E+00
      287.,         4.00360E+01,        -5.09638E+00,        -1.00000E+02,         2.63667E+01,         1.40178E+01,         1.54352E+00
      288.,         3.55638E+01,        -1.40407E+01,        -1.00000E+02,         3.05542E+01,         1.40407E+01,        -9.12638E-03
      289.,         3.10917E+01,        -2.29849E+01,        -1.00000E+02,         3.48305E+01,         1.23094E+01,        -1.34786E+00
      290.,         2.66196E+01,        -3.19292E+01,        -1.00000E+02,         3.93537E+01,         1.11821E+01,        -2.14359E+00
      291.,         4.70071E+01,         9.29474E+00,        -7.51030E+01,         2.04868E+01,         6.91048E+00,         6.63826E+00
      292.,         4.40282E+01,         1.28298E+00,        -7.57763E+01,         2.32925E+01,         7.01173E+00,         3.78785E+00
      293.,         4.10493E+01,        -6.72879E+00,        -7.64496E+01,         2.63237E+01,         6.72879E+00,         1.42457E+00
      294.,         3.80705E+01,        -1.47406E+01,        -7.71228E+01,         2.95602E+01,         7.44854E+00,        -8.30535E-01
      295.,         3.50916E+01,        -2.27523E+01,        -7.77961E+01,         3.30744E+01,         7.72974E+00,        -3.07289E+00
      296.,         4.93256E+01,         1.48681E+01,        -5.04683E+01,         1.83489E+01,        -7.74736E-01,         7.22558E+00
      297.,         4.73225E+01,         7.47326E+00,        -5.14443E+01,         2.01933E+01,        -4.47787E-01,         5.12581E+00
      298.,         4.53194E+01,         7.83957E-02,        -5.24203E+01,         2.22307E+01,        -7.83957E-02,         3.02303E+00
      299.,         4.33163E+01,        -7.31647E+00,        -5.33963E+01,         2.44536E+01,         2.16917E-01,         8.64579E-01
      300.,         4.13132E+01,        -1.47113E+01,        -5.43723E+01,         2.68730E+01,         6.78926E-01,        -1.54856E+00
      301.,         5.10960E+01,         2.03242E+01,        -2.59920E+01,         1.59633E+01,        -6.72042E+00,         7.69533E+00
      302.,         4.96975E+01,         1.32415E+01,        -2.69894E+01,         1.70725E+01,        -6.45143E+00,         6.03970E+00
      303.,         4.82990E+01,         6.15868E+00,        -2.79868E+01,         1.83458E+01,        -6.15868E+00,         4.33525E+00
      304.,         4.69004E+01,        -9.24097E-01,        -2.89842E+01,         1.97511E+01,        -5.83242E+00,         2.58314E+00
      305.,         4.55019E+01,        -8.00687E+00,        -2.99816E+01,         2.12663E+01,        -5.52212E+00,         7.93273E-01
      306.,         5.23975E+01,         2.53505E+01,        -1.49377E+00,         1.35473E+01,        -1.17971E+01,         8.17403E+00
      307.,         5.13412E+01,         1.83343E+01,        -2.37179E+00,         1.40909E+01,        -1.15605E+01,         6.76767E+00
      308.,         5.02850E+01,         1.13182E+01,        -3.24981E+00,         1.47481E+01,        -1.13182E+01,         5.35883E+00
      309.,         4.92288E+01,         4.30204E+00,        -4.12783E+00,         1.54854E+01,        -1.10565E+01,         3.93157E+00
      310.,         4.81725E+01,        -2.71411E+00,        -5.00585E+00,         1.62682E+01,        -1.07668E+01,         2.47916E+00
      311.,         5.35122E+01,         2.97568E+01,         2.31030E+01,         1.12467E+01,        -1.59805E+01,         8.64744E+00
      312.,         5.25349E+01,         2.26634E+01,         2.24272E+01,         1.13318E+01,        -1.57840E+01,         7.42403E+00
      313.,         5.15576E+01,         1.55700E+01,         2.17513E+01,         1.14916E+01,        -1.55700E+01,         6.20440E+00
      314.,         5.05803E+01,         8.47659E+00,         2.10754E+01,         1.16821E+01,        -1.53580E+01,         4.99213E+00
      315.,         4.96030E+01,         1.38319E+00,         2.03995E+01,         1.18571E+01,        -1.51345E+01,         3.78866E+00
      316.,         5.45288E+01,         3.35983E+01,         4.79314E+01,         9.13916E+00,        -1.95488E+01,         9.15635E+00
      317.,         5.35446E+01,         2.63635E+01,         4.74320E+01,         8.86606E+00,        -1.93476E+01,         8.06003E+00
      318.,         5.25605E+01,         1.91287E+01,         4.69326E+01,         8.63678E+00,        -1.91287E+01,         6.97816E+00
      319.,         5.15764E+01,         1.18939E+01,         4.64332E+01,         8.40348E+00,        -1.89101E+01,         5.91255E+00
      320.,         5.05923E+01,         4.65915E+00,         4.59338E+01,         8.11494E+00,        -1.86738E+01,         4.86945E+00
      321.,         5.56397E+01,         3.69636E+01,         7.28472E+01,         7.29723E+00,        -2.26552E+01,         9.70007E+00
      322.,         5.45391E+01,         2.95744E+01,         7.25258E+01,         6.76056E+00,        -2.24323E+01,         8.70861E+00
      323.,         5.34384E+01,         2.21852E+01,         7.22045E+01,         6.24373E+00,        -2.21852E+01,         7.73092E+00
      324.,         5.23378E+01,         1.47960E+01,         7.18831E+01,         5.69572E+00,        -2.19380E+01,         6.77050E+00
      325.,         5.12371E+01,         7.40681E+00,         7.15617E+01,         5.06364E+00,        -2.16711E+01,         5.83077E+00
      326.,         5.69904E+01,         3.99686E+01,         9.79055E+01,         5.75358E+00,        -2.54344E+01,         1.02733E+01
      327.,         5.57016E+01,         3.24275E+01,         9.76943E+01,         5.05262E+00,        -2.51753E+01,         9.37638E+00
      328.,         5.44127E+01,         2.48864E+01,         9.74832E+01,         4.35290E+00,        -2.48864E+01,         8.48605E+00
      329.,         5.31239E+01,         1.73453E+01,         9.72720E+01,         3.60187E+00,        -2.45968E+01,         7.60613E+00
      330.,         5.18351E+01,         9.80424E+00,         9.70608E+01,         2.74605E+00,        -2.42816E+01,         6.74121E+00
      331.,         5.86168E+01,         4.26905E+01,         1.23040E+02,         4.53280E+00,        -2.79618E+01,         1.08531E+01
      332.,         5.70561E+01,         3.50154E+01,         1.22909E+02,         3.76105E+00,        -2.76686E+01,         1.00454E+01
      333.,         5.54954E+01,         2.73403E+01,         1.22777E+02,         2.97509E+00,        -2.73403E+01,         9.23258E+00
      334.,         5.39347E+01,         1.96652E+01,         1.22646E+02,         2.12104E+00,        -2.70072E+01,         8.41886E+00
      335.,         5.23740E+01,         1.19901E+01,         1.22515E+02,         1.14612E+00,        -2.66447E+01,         7.60833E+00
      336.,         6.02865E+01,         4.51450E+01,         1.48223E+02,         3.63616E+00,        -3.02510E+01,         1.14020E+01
      337.,         5.84266E+01,         3.73689E+01,         1.48151E+02,         2.87941E+00,        -2.99413E+01,         1.06835E+01
      338.,         5.65667E+01,         2.95927E+01,         1.48079E+02,         2.09626E+00,        -2.95927E+01,         9.94433E+00
      339.,         5.47067E+01,         2.18165E+01,         1.48006E+02,         1.23198E+00,        -2.92349E+01,         9.18908E+00
      340.,         5.28468E+01,         1.40403E+01,         1.47934E+02,         2.34180E-01,        -2.88441E+01,         8.42250E+00
      341.,         6.21374E+01,         4.74013E+01,         1.73523E+02,         3.02937E+00,        -3.23560E+01,         1.19208E+01
      342.,         5.99745E+01,         3.95614E+01,         1.73496E+02,         2.37115E+00,        -3.20598E+01,         1.12863E+01
      343.,         5.78116E+01,         3.17215E+01,         1.73469E+02,         1.67791E+00,        -3.17215E+01,         1.06132E+01
      344.,         5.56487E+01,         2.38816E+01,         1.73442E+02,         8.93343E-01,        -3.13719E+01,         9.90704E+00
      345.,         5.34858E+01,         1.60416E+01,         1.73416E+02,        -3.48376E-02,        -3.09865E+01,         9.17350E+00
      346.,         6.42522E+01,         4.94921E+01,         1.98779E+02,         2.66173E+00,        -3.43059E+01,         1.24011E+01
      347.,         6.18068E+01,         4.16346E+01,         1.98810E+02,         2.18263E+00,        -3.40628E+01,         1.18389E+01
      348.,         5.93613E+01,         3.37771E+01,         1.98840E+02,         1.66388E+00,        -3.37771E+01,         1.12200E+01
      349.,         5.69159E+01,         2.59196E+01,         1.98870E+02,         1.04694E+00,        -3.34772E+01,         1.05512E+01
      350.,         5.44704E+01,         1.80621E+01,         1.98901E+02,         2.78530E-01,        -3.31410E+01,         9.83825E+00
      351.,         6.64395E+01,         5.14216E+01,         2.23991E+02,         2.46695E+00,        -3.61173E+01,         1.28383E+01
      352.,         6.37302E+01,         4.35929E+01,         2.24049E+02,         2.24030E+00,        -3.59621E+01,         1.23281E+01
      353.,         6.10208E+01,         3.57643E+01,         2.24107E+02,         1.97214E+00,        -3.57643E+01,         1.17442E+01
      354.,         5.83115E+01,         2.79356E+01,         2.24164E+02,         1.60189E+00,        -3.55530E+01,         1.10945E+01
      355.,         5.56021E+01,         2.01070E+01,         2.24222E+02,         1.07488E+00,        -3.53051E+01,         1.03859E+01
      356.,         6.87281E+01,         5.32256E+01,         2.49179E+02,         2.36229E+00,        -3.78375E+01,         1.32426E+01
      357.,         6.57571E+01,         4.54779E+01,         2.49258E+02,         2.45476E+00,        -3.78042E+01,         1.27583E+01
      358.,         6.27861E+01,         3.77302E+01,         2.49336E+02,         2.50638E+00,        -3.77302E+01,         1.21857E+01
      359.,         5.98152E+01,         2.99825E+01,         2.49415E+02,         2.45487E+00,        -3.76432E+01,         1.15344E+01
      360.,         5.68442E+01,         2.22348E+01,         2.49493E+02,         2.24401E+00,        -3.75208E+01,         1.08117E+01
      361.,         7.10392E+01,         5.49334E+01,         2.74317E+02,         2.26266E+00,        -3.95166E+01,         1.36273E+01
      362.,         6.78513E+01,         4.73242E+01,         2.74411E+02,         2.72975E+00,        -3.96340E+01,         1.31380E+01
      363.,         6.46634E+01,         3.97150E+01,         2.74506E+02,         3.15989E+00,        -3.97150E+01,         1.25502E+01
      364.,         6.14755E+01,         3.21057E+01,         2.74601E+02,         3.48968E+00,        -3.97836E+01,         1.18756E+01
      365.,         5.82876E+01,         2.44965E+01,         2.74696E+02,         3.66188E+00,        -3.98196E+01,         1.11226E+01
      366.,         7.34353E+01,         5.65942E+01,         2.99511E+02,         2.08246E+00,        -4.12309E+01,         1.40091E+01
      367.,         7.00759E+01,         4.91802E+01,         2.99592E+02,         2.96951E+00,        -4.15140E+01,         1.34792E+01
      368.,         6.67165E+01,         4.17662E+01,         2.99672E+02,         3.82448E+00,        -4.17662E+01,         1.28493E+01
      369.,         6.33571E+01,         3.43522E+01,         2.99752E+02,         4.58463E+00,        -4.20071E+01,         1.21318E+01
      370.,         5.99977E+01,         2.69381E+01,         2.99833E+02,         5.19252E+00,        -4.22184E+01,         1.13345E+01
      371.,         7.57633E+01,         5.82539E+01,         3.24603E+02,         1.75525E+00,        -4.30643E+01,         1.43977E+01
      372.,         7.23018E+01,         5.10929E+01,         3.24663E+02,         3.08762E+00,        -4.35117E+01,         1.37942E+01
      373.,         6.88403E+01,         4.39319E+01,         3.24722E+02,         4.39203E+00,        -4.39319E+01,         1.30959E+01
      374.,         6.53787E+01,         3.67709E+01,         3.24782E+02,         5.61027E+00,        -4.43434E+01,         1.23172E+01
      375.,         6.19172E+01,         2.96100E+01,         3.24841E+02,         6.68845E+00,        -4.47302E+01,         1.14693E+01
      376.,         7.80546E+01,         5.99909E+01,         3.49686E+02,         1.23568E+00,        -4.51237E+01,         1.47996E+01
      377.,         7.45463E+01,         5.31407E+01,         3.49712E+02,         3.02150E+00,        -4.57151E+01,         1.40893E+01
      378.,         7.10379E+01,         4.62905E+01,         3.49738E+02,         4.78171E+00,        -4.62905E+01,         1.33037E+01
      379.,         6.75295E+01,         3.94403E+01,         3.49764E+02,         6.46225E+00,        -4.68505E+01,         1.24521E+01
      380.,         6.40211E+01,         3.25901E+01,         3.49790E+02,         8.01248E+00,        -4.73896E+01,         1.15387E+01
      381.,         8.02078E+01,         6.19218E+01,         3.74816E+02,         5.00180E-01,        -4.75763E+01,         1.52055E+01
      382.,         7.67230E+01,         5.54392E+01,         3.74814E+02,         2.72428E+00,        -4.82817E+01,         1.43671E+01
      383.,         7.32382E+01,         4.89567E+01,         3.74812E+02,         4.92505E+00,        -4.89567E+01,         1.34841E+01
      384.,         6.97534E+01,         4.24741E+01,         3.74810E+02,         7.06579E+00,        -4.96575E+01,         1.25575E+01
      385.,         6.62686E+01,         3.59915E+01,         3.74809E+02,         9.09916E+00,        -5.03330E+01,         1.15852E+01
      386.,         8.21796E+01,         6.41850E+01,         4.00000E+02,         1.78277E-01,        -5.04736E+01,         1.54615E+01
      387.,         7.88861E+01,         5.80865E+01,         4.00000E+02,         2.63320E+00,        -5.12211E+01,         1.45732E+01
      388.,         7.55927E+01,         5.19881E+01,         4.00000E+02,         4.89990E+00,        -5.19881E+01,         1.36689E+01
      389.,         7.22993E+01,         4.58897E+01,         4.00000E+02,         7.12290E+00,        -5.26537E+01,         1.27380E+01
      390.,         6.90058E+01,         3.97913E+01,         4.00000E+02,         9.43891E+00,        -5.33393E+01,         1.17757E+01
      391.,         7.05997E+01,         2.74674E+01,        -2.00000E+02,         8.84938E+00,         2.51090E+01,         0.00000E+00
      392.,         5.87961E+01,         3.98576E+00,        -2.00000E+02,         2.06236E+01,         2.23211E+01,         0.00000E+00
      393.,         4.69926E+01,        -1.94959E+01,        -2.00000E+02,         3.23580E+01,         1.94959E+01,         0.00000E+00
      394.,         3.51890E+01,        -4.29776E+01,        -2.00000E+02,         4.40952E+01,         1.67297E+01,         0.00000E+00
      395.,         2.33855E+01,        -6.64593E+01,        -2.00000E+02,         5.58794E+01,         1.39241E+01,         0.00000E+00
      396.,         7.05997E+01,         2.74674E+01,        -1.75000E+02,         8.84060E+00,         2.50879E+01,         1.96569E-01
      397.,         5.88435E+01,         3.96197E+00,        -1.75000E+02,         2.06144E+01,         2.23388E+01,         1.51005E-01
      398.,         4.70872E+01,        -1.95435E+01,        -1.75000E+02,         3.23499E+01,         1.95435E+01,         2.08585E-02
      399.,         3.53310E+01,        -4.30490E+01,        -1.75000E+02,         4.40914E+01,         1.67933E+01,        -1.14101E-01
      400.,         2.35748E+01,        -6.65545E+01,        -1.75000E+02,         5.58769E+01,         1.39974E+01,        -1.66111E-01
      401.,         7.05997E+01,         2.74674E+01,        -1.50000E+02,         8.79551E+00,         2.50906E+01,         3.42316E-01
      402.,         5.88908E+01,         3.93818E+00,        -1.50000E+02,         2.05770E+01,         2.23769E+01,         4.25825E-01
      403.,         4.71819E+01,        -1.95911E+01,        -1.50000E+02,         3.22937E+01,         1.95911E+01,         4.98477E-02
      404.,         3.54730E+01,        -4.31204E+01,        -1.50000E+02,         4.40339E+01,         1.68669E+01,        -3.30532E-01
      405.,         2.37641E+01,        -6.66496E+01,        -1.50000E+02,         5.58577E+01,         1.40799E+01,        -2.84486E-01
      406.,         6.92735E+01,         1.59101E+01,        -1.33333E+02,         1.40642E+01,         2.57832E+01,         5.93956E-01
      407.,         5.99769E+01,        -2.75740E+00,        -1.33333E+02,         2.34112E+01,         2.36439E+01,         7.86003E-01
      408.,         5.06804E+01,        -2.14249E+01,        -1.33333E+02,         3.26624E+01,         2.14249E+01,         6.14672E-02
      409.,         4.13838E+01,        -4.00923E+01,        -1.33334E+02,         4.19559E+01,         1.92251E+01,        -5.90384E-01
      410.,         3.20872E+01,        -5.87598E+01,        -1.33334E+02,         5.13799E+01,         1.70252E+01,        -4.58359E-01
      411.,         6.79470E+01,         4.35200E+00,        -1.16666E+02,         1.93238E+01,         2.65032E+01,         1.39286E+00
      412.,         6.10626E+01,        -9.45386E+00,        -1.16666E+02,         2.62325E+01,         2.48832E+01,         1.45736E+00
      413.,         5.41783E+01,        -2.32597E+01,        -1.16667E+02,         3.29723E+01,         2.32597E+01,        -1.24769E-02
      414.,         4.72939E+01,        -3.70656E+01,        -1.16667E+02,         3.98113E+01,         2.16580E+01,        -1.07544E+00
      415.,         4.04095E+01,        -5.08714E+01,        -1.16668E+02,         4.68219E+01,         1.99566E+01,        -1.01130E+00
      416.,         6.66196E+01,        -7.20784E+00,        -1.00000E+02,         2.47347E+01,         2.50670E+01,         4.03158E+00
      417.,         6.21474E+01,        -1.61521E+01,        -1.00000E+02,         2.89773E+01,         2.47231E+01,         1.92811E+00
      418.,         5.76753E+01,        -2.50964E+01,        -1.00000E+02,         3.32148E+01,         2.50964E+01,        -9.85942E-02
      419.,         5.32032E+01,        -3.40407E+01,        -1.00000E+02,         3.75527E+01,         2.32746E+01,        -1.76827E+00
      420.,         4.87310E+01,        -4.29849E+01,        -1.00000E+02,         4.21007E+01,         2.21620E+01,        -2.65295E+00
      421.,         7.01745E+01,         8.68659E-01,        -7.59002E+01,         2.17848E+01,         1.50663E+01,         8.94131E+00
      422.,         6.70114E+01,        -7.35468E+00,        -7.66202E+01,         2.48131E+01,         1.55543E+01,         5.15652E+00
      423.,         6.38482E+01,        -1.55780E+01,        -7.73401E+01,         2.80782E+01,         1.55780E+01,         2.02962E+00
      424.,         6.06851E+01,        -2.38014E+01,        -7.80600E+01,         3.15600E+01,         1.67929E+01,        -8.99032E-01
      425.,         5.75219E+01,        -3.20247E+01,        -7.87800E+01,         3.53094E+01,         1.74188E+01,        -3.65314E+00
      426.,         7.35913E+01,         8.92827E+00,        -5.18552E+01,         1.86321E+01,         5.19593E+00,         1.01209E+01
      427.,         7.12842E+01,         1.20611E+00,        -5.29091E+01,         2.08313E+01,         5.82038E+00,         7.29772E+00
      428.,         6.89772E+01,        -6.51606E+00,        -5.39630E+01,         2.32271E+01,         6.51606E+00,         4.41833E+00
      429.,         6.66701E+01,        -1.42382E+01,        -5.50169E+01,         2.58268E+01,         7.15133E+00,         1.46717E+00
      430.,         6.43631E+01,        -2.19604E+01,        -5.60709E+01,         2.86508E+01,         8.01917E+00,        -1.79572E+00
      431.,         7.63164E+01,         1.67153E+01,        -2.78468E+01,         1.55694E+01,        -2.78200E+00,         1.10029E+01
      432.,         7.45410E+01,         9.25260E+00,        -2.89173E+01,         1.71015E+01,        -2.31182E+00,         8.70208E+00
      433.,         7.27656E+01,         1.78991E+00,        -2.99877E+01,         1.88007E+01,        -1.78991E+00,         6.31804E+00
      434.,         7.09901E+01,        -5.67279E+00,        -3.10582E+01,         2.06533E+01,        -1.20707E+00,         3.83802E+00
      435.,         6.92147E+01,        -1.31355E+01,        -3.21287E+01,         2.26548E+01,        -6.38712E-01,         1.26169E+00
      436.,         7.83989E+01,         2.38411E+01,        -3.71044E+00,         1.27581E+01,        -9.71910E+00,         1.16257E+01
      437.,         7.69078E+01,         1.64231E+01,        -4.61350E+00,         1.37593E+01,        -9.37067E+00,         9.66904E+00
      438.,         7.54167E+01,         9.00508E+00,        -5.51655E+00,         1.48766E+01,        -9.00508E+00,         7.67386E+00
      439.,         7.39256E+01,         1.58708E+00,        -6.41960E+00,         1.60882E+01,        -8.58663E+00,         5.61715E+00
      440.,         7.24345E+01,        -5.83093E+00,        -7.32265E+00,         1.73733E+01,        -8.12342E+00,         3.48195E+00
      441.,         8.00752E+01,         3.00183E+01,         2.06775E+01,         1.02606E+01,        -1.54654E+01,         1.20004E+01
      442.,         7.86307E+01,         2.25052E+01,         2.00197E+01,         1.08303E+01,        -1.52445E+01,         1.03244E+01
      443.,         7.71863E+01,         1.49921E+01,         1.93619E+01,         1.14685E+01,        -1.49921E+01,         8.62094E+00
      444.,         7.57419E+01,         7.47898E+00,         1.87041E+01,         1.21364E+01,        -1.47185E+01,         6.88973E+00
      445.,         7.42975E+01,        -3.41372E-02,         1.80463E+01,         1.27920E+01,        -1.44215E+01,         5.12661E+00
      446.,         8.15236E+01,         3.52415E+01,         4.53632E+01,         8.07655E+00,        -2.02563E+01,         1.22307E+01
      447.,         8.00236E+01,         2.75685E+01,         4.49288E+01,         8.31009E+00,        -2.00916E+01,         1.07761E+01
      448.,         7.85237E+01,         1.98955E+01,         4.44943E+01,         8.57031E+00,        -1.98955E+01,         9.31291E+00
      449.,         7.70237E+01,         1.22225E+01,         4.40599E+01,         8.80603E+00,        -1.96810E+01,         7.84107E+00
      450.,         7.55237E+01,         4.54948E+00,         4.36254E+01,         8.96032E+00,        -1.94326E+01,         6.36818E+00
      451.,         8.28748E+01,         3.96101E+01,         7.03063E+01,         6.20757E+00,        -2.42528E+01,         1.23676E+01
      452.,         8.12476E+01,         3.17681E+01,         7.00606E+01,         6.19697E+00,        -2.41105E+01,         1.11143E+01
      453.,         7.96203E+01,         2.39262E+01,         6.98149E+01,         6.17791E+00,        -2.39262E+01,         9.85875E+00
      454.,         7.79930E+01,         1.60842E+01,         6.95692E+01,         6.08990E+00,        -2.37253E+01,         8.60385E+00
      455.,         7.63657E+01,         8.24223E+00,         6.93235E+01,         5.86638E+00,        -2.34846E+01,         7.35447E+00
      456.,         8.43714E+01,         4.32386E+01,         9.54093E+01,         4.64917E+00,        -2.75676E+01,         1.24565E+01
      457.,         8.25439E+01,         3.52367E+01,         9.53013E+01,         4.49224E+00,        -2.74268E+01,         1.13932E+01
      458.,         8.07164E+01,         2.72348E+01,         9.51932E+01,         4.29825E+00,        -2.72348E+01,         1.03259E+01
      459.,         7.88889E+01,         1.92329E+01,         9.50851E+01,         3.99975E+00,        -2.70257E+01,         9.25815E+00
      460.,         7.70614E+01,         1.12311E+01,         9.49770E+01,         3.52431E+00,        -2.67663E+01,         8.19620E+00
      461.,         8.60568E+01,         4.62242E+01,         1.20628E+02,         3.39921E+00,        -3.02971E+01,         1.25111E+01
      462.,         8.39714E+01,         3.80905E+01,         1.20625E+02,         3.19182E+00,        -3.01573E+01,         1.16318E+01
      463.,         8.18860E+01,         2.99567E+01,         1.20622E+02,         2.92347E+00,        -2.99567E+01,         1.07411E+01
      464.,         7.98006E+01,         2.18229E+01,         1.20619E+02,         2.52179E+00,        -2.97365E+01,         9.84333E+00
      465.,         7.77152E+01,         1.36892E+01,         1.20616E+02,         1.91008E+00,        -2.94574E+01,         8.94334E+00
      466.,         8.77409E+01,         4.86258E+01,         1.45920E+02,         2.45962E+00,        -3.24914E+01,         1.25287E+01
      467.,         8.53587E+01,         4.03964E+01,         1.45991E+02,         2.28805E+00,        -3.23636E+01,         1.18287E+01
      468.,         8.29765E+01,         3.21669E+01,         1.46061E+02,         2.03678E+00,        -3.21669E+01,         1.11050E+01
      469.,         8.05943E+01,         2.39374E+01,         1.46132E+02,         1.63003E+00,        -3.19493E+01,         1.03626E+01
      470.,         7.82121E+01,         1.57080E+01,         1.46202E+02,         9.88453E-01,        -3.16645E+01,         9.60607E+00
      471.,         8.95923E+01,         5.05317E+01,         1.71363E+02,         1.79421E+00,        -3.42163E+01,         1.25310E+01
      472.,         8.69026E+01,         4.22447E+01,         1.71463E+02,         1.74357E+00,        -3.41244E+01,         1.20009E+01
      473.,         8.42128E+01,         3.39577E+01,         1.71562E+02,         1.60024E+00,        -3.39577E+01,         1.14314E+01
      474.,         8.15231E+01,         2.56708E+01,         1.71662E+02,         1.28576E+00,        -3.37688E+01,         1.08287E+01
      475.,         7.88333E+01,         1.73838E+01,         1.71762E+02,         7.17880E-01,        -3.35072E+01,         1.01970E+01
      476.,         9.16944E+01,         5.19886E+01,         1.96764E+02,         1.36320E+00,        -3.55103E+01,         1.25274E+01
      477.,         8.87009E+01,         4.36899E+01,         1.96910E+02,         1.51431E+00,        -3.54895E+01,         1.21510E+01
      478.,         8.57073E+01,         3.53912E+01,         1.97057E+02,         1.56600E+00,        -3.53912E+01,         1.17185E+01
      479.,         8.27137E+01,         2.70924E+01,         1.97204E+02,         1.43766E+00,        -3.52705E+01,         1.12373E+01
      480.,         7.97201E+01,         1.87937E+01,         1.97351E+02,         1.04381E+00,        -3.50744E+01,         1.07113E+01
      481.,         9.38926E+01,         5.30327E+01,         2.22208E+02,         1.12615E+00,        -3.64219E+01,         1.25245E+01
      482.,         9.05890E+01,         4.47734E+01,         2.22366E+02,         1.54945E+00,        -3.65064E+01,         1.22788E+01
      483.,         8.72854E+01,         3.65141E+01,         2.22524E+02,         1.87212E+00,        -3.65141E+01,         1.19595E+01
      484.,         8.39818E+01,         2.82547E+01,         2.22682E+02,         2.01164E+00,        -3.64984E+01,         1.15757E+01
      485.,         8.06782E+01,         1.99954E+01,         2.22840E+02,         1.87957E+00,        -3.64075E+01,         1.11320E+01
      486.,         9.60925E+01,         5.37058E+01,         2.47693E+02,         1.03326E+00,        -3.70101E+01,         1.25395E+01
      487.,         9.25032E+01,         4.55455E+01,         2.47833E+02,         1.78718E+00,        -3.72339E+01,         1.23927E+01
      488.,         8.89140E+01,         3.73853E+01,         2.47972E+02,         2.44485E+00,        -3.73853E+01,         1.21567E+01
      489.,         8.53247E+01,         2.92250E+01,         2.48112E+02,         2.92296E+00,        -3.75121E+01,         1.18428E+01
      490.,         8.17355E+01,         2.10648E+01,         2.48251E+02,         3.13058E+00,        -3.75673E+01,         1.14559E+01
      491.,         9.81283E+01,         5.40678E+01,         2.73163E+02,         1.03597E+00,        -3.73672E+01,         1.25946E+01
      492.,         9.43196E+01,         4.60708E+01,         2.73267E+02,         2.16154E+00,        -3.77537E+01,         1.25055E+01
      493.,         9.05109E+01,         3.80738E+01,         2.73372E+02,         3.20179E+00,        -3.80738E+01,         1.23153E+01
      494.,         8.67022E+01,         3.00768E+01,         2.73477E+02,         4.07459E+00,        -3.83727E+01,         1.20385E+01
      495.,         8.28935E+01,         2.20798E+01,         2.73582E+02,         4.68871E+00,        -3.86060E+01,         1.16822E+01
      496.,         1.00223E+02,         5.41795E+01,         2.98566E+02,         1.06318E+00,        -3.75685E+01,         1.26961E+01
      497.,         9.62220E+01,         4.64134E+01,         2.98638E+02,         2.59566E+00,        -3.81363E+01,         1.26188E+01
      498.,         9.22211E+01,         3.86472E+01,         2.98710E+02,         4.05658E+00,        -3.86472E+01,         1.24363E+01
      499.,         8.82202E+01,         3.08811E+01,         2.98782E+02,         5.36704E+00,        -3.91387E+01,         1.21646E+01
      500.,         8.42193E+01,         2.31150E+01,         2.98854E+02,         6.43829E+00,        -3.95725E+01,         1.18113E+01
      501.,         1.02128E+02,         5.41434E+01,         3.23913E+02,         1.07713E+00,        -3.77583E+01,         1.28510E+01
      502.,         9.80168E+01,         4.66731E+01,         3.23942E+02,         3.02767E+00,        -3.85047E+01,         1.27373E+01
      503.,         9.39055E+01,         3.92027E+01,         3.23971E+02,         4.92259E+00,        -3.92027E+01,         1.25205E+01
      504.,         8.97942E+01,         3.17323E+01,         3.24000E+02,         6.68930E+00,        -3.98849E+01,         1.22194E+01
      505.,         8.56830E+01,         2.42620E+01,         3.24029E+02,         8.24604E+00,        -4.05201E+01,         1.18467E+01
      506.,         1.03863E+02,         5.40700E+01,         3.49296E+02,         1.03333E+00,        -3.80757E+01,         1.30564E+01
      507.,         9.97196E+01,         4.69587E+01,         3.49279E+02,         3.39649E+00,        -3.89776E+01,         1.28549E+01
      508.,         9.55767E+01,         3.98475E+01,         3.49263E+02,         5.72169E+00,        -3.98475E+01,         1.25667E+01
      509.,         9.14337E+01,         3.27363E+01,         3.49246E+02,         7.94169E+00,        -4.06983E+01,         1.22065E+01
      510.,         8.72908E+01,         2.56250E+01,         3.49229E+02,         9.98234E+00,        -4.15113E+01,         1.17804E+01
      511.,         1.05407E+02,         5.40940E+01,         3.74704E+02,         8.75160E-01,        -3.87051E+01,         1.32836E+01
      512.,         1.01312E+02,         4.74039E+01,         3.74664E+02,         3.63158E+00,        -3.97298E+01,         1.29556E+01
      513.,         9.72177E+01,         4.07139E+01,         3.74623E+02,         6.36225E+00,        -4.07139E+01,         1.25702E+01
      514.,         9.31231E+01,         3.40238E+01,         3.74582E+02,         9.01835E+00,        -4.17231E+01,         1.21348E+01
      515.,         8.90285E+01,         2.73337E+01,         3.74541E+02,         1.15397E+01,        -4.26941E+01,         1.16499E+01
      516.,         1.06732E+02,         5.43775E+01,         4.00000E+02,         1.11037E+00,        -3.97290E+01,         1.33861E+01
      517.,         1.02864E+02,         4.81205E+01,         4.00000E+02,         4.03684E+00,        -4.07926E+01,         1.29897E+01
      518.,         9.89952E+01,         4.18634E+01,         4.00000E+02,         6.78113E+00,        -4.18634E+01,         1.25630E+01
      519.,         9.51268E+01,         3.56064E+01,         4.00000E+02,         9.47504E+00,        -4.28451E+01,         1.21019E+01
      520.,         9.12585E+01,         2.93493E+01,         4.00000E+02,         1.22521E+01,        -4.38266E+01,         1.16081E+01
      521.,         9.53457E+01,         1.50284E+01,        -2.00000E+02,         1.18069E+01,         3.75497E+01,         0.00000E+00
      522.,         8.35421E+01,        -8.45333E+00,        -2.00000E+02,         2.35870E+01,         3.47658E+01,         0.00000E+00
      523.,         7.17386E+01,        -3.19350E+01,        -2.00000E+02,         3.53312E+01,         3.19350E+01,         0.00000E+00
      524.,         5.99350E+01,        -5.54167E+01,        -2.00000E+02,         4.70773E+01,         2.91798E+01,         0.00000E+00
      525.,         4.81315E+01,        -7.88984E+01,        -2.00000E+02,         5.88623E+01,         2.63753E+01,         0.00000E+00
      526.,         9.53457E+01,         1.50284E+01,        -1.75000E+02,         1.17989E+01,         3.75190E+01,         2.61345E-01
      527.,         8.35852E+01,        -8.47496E+00,        -1.75000E+02,         2.35784E+01,         3.47779E+01,         1.94328E-01
      528.,         7.18246E+01,        -3.19783E+01,        -1.75000E+02,         3.53232E+01,         3.19783E+01,         2.91233E-02
      529.,         6.00641E+01,        -5.54816E+01,        -1.75000E+02,         4.70747E+01,         2.92324E+01,        -1.40666E-01
      530.,         4.83036E+01,        -7.89849E+01,        -1.75000E+02,         5.88614E+01,         2.64288E+01,        -2.14038E-01
      531.,         9.53457E+01,         1.50284E+01,        -1.50000E+02,         1.17643E+01,         3.75068E+01,         4.59893E-01
      532.,         8.36282E+01,        -8.49659E+00,        -1.50000E+02,         2.35431E+01,         3.48027E+01,         5.40888E-01
      533.,         7.19107E+01,        -3.20215E+01,        -1.50000E+02,         3.52703E+01,         3.20215E+01,         5.66022E-02
      534.,         6.01932E+01,        -5.55465E+01,        -1.50000E+02,         4.70263E+01,         2.92832E+01,        -4.17157E-01
      535.,         4.84757E+01,        -7.90714E+01,        -1.50000E+02,         5.88504E+01,         2.64848E+01,        -3.68858E-01
      536.,         9.31409E+01,         3.93118E+00,        -1.33333E+02,         1.69332E+01,         3.77500E+01,         7.52344E-01
      537.,         8.38387E+01,        -1.47331E+01,        -1.33334E+02,         2.62696E+01,         3.56262E+01,         9.50737E-01
      538.,         7.45366E+01,        -3.33973E+01,        -1.33334E+02,         3.55379E+01,         3.33973E+01,         3.67504E-02
      539.,         6.52344E+01,        -5.20616E+01,        -1.33334E+02,         4.48538E+01,         3.11864E+01,        -7.43092E-01
      540.,         5.59323E+01,        -7.07259E+01,        -1.33335E+02,         5.42756E+01,         2.89857E+01,        -5.81202E-01
      541.,         9.09367E+01,        -7.16465E+00,        -1.16665E+02,         2.20950E+01,         3.80125E+01,         1.66714E+00
      542.,         8.40494E+01,        -2.09692E+01,        -1.16666E+02,         2.89873E+01,         3.63827E+01,         1.68382E+00
      543.,         7.71622E+01,        -3.47737E+01,        -1.16666E+02,         3.57632E+01,         3.47737E+01,        -1.20014E-01
      544.,         7.02749E+01,        -4.85782E+01,        -1.16667E+02,         4.26342E+01,         3.31722E+01,        -1.33867E+00
      545.,         6.33876E+01,        -6.23827E+01,        -1.16667E+02,         4.96374E+01,         3.14632E+01,        -1.23253E+00
      546.,         8.87310E+01,        -1.82636E+01,        -1.00000E+02,         2.73704E+01,         3.55901E+01,         4.69008E+00
      547.,         8.42589E+01,        -2.72078E+01,        -1.00000E+02,         3.16461E+01,         3.54766E+01,         2.08463E+00
      548.,         7.97868E+01,        -3.61521E+01,        -1.00000E+02,         3.59431E+01,         3.61521E+01,        -3.15889E-01
      549.,         7.53146E+01,        -4.50964E+01,        -1.00000E+02,         4.03319E+01,         3.42755E+01,        -2.20924E+00
      550.,         7.08425E+01,        -5.40407E+01,        -1.00000E+02,         4.48857E+01,         3.31911E+01,        -3.11782E+00
      551.,         9.31705E+01,        -8.21124E+00,        -7.68468E+01,         2.32762E+01,         2.38416E+01,         1.06619E+01
      552.,         8.98181E+01,        -1.65903E+01,        -7.75399E+01,         2.65910E+01,         2.46703E+01,         6.14009E+00
      553.,         8.64657E+01,        -2.49693E+01,        -7.82330E+01,         3.01165E+01,         2.49693E+01,         2.40307E+00
      554.,         8.31132E+01,        -3.33483E+01,        -7.89261E+01,         3.38288E+01,         2.65871E+01,        -1.04588E+00
      555.,         7.97608E+01,        -4.17273E+01,        -7.96192E+01,         3.77640E+01,         2.74912E+01,        -4.15483E+00
      556.,         9.75219E+01,         1.80991E+00,        -5.34432E+01,         1.91476E+01,         1.22950E+01,         1.24339E+01
      557.,         9.49056E+01,        -6.17766E+00,        -5.44839E+01,         2.17905E+01,         1.31804E+01,         9.01344E+00
      558.,         9.22894E+01,        -1.41652E+01,        -5.55246E+01,         2.46139E+01,         1.41652E+01,         5.48797E+00
      559.,         8.96731E+01,        -2.21528E+01,        -5.65652E+01,         2.76225E+01,         1.50932E+01,         1.88144E+00
      560.,         8.70569E+01,        -3.01404E+01,        -5.76059E+01,         3.08348E+01,         1.63183E+01,        -2.06549E+00
      561.,         1.01201E+02,         1.14841E+01,        -2.99157E+01,         1.52979E+01,         2.70684E+00,         1.37652E+01
      562.,         9.90429E+01,         3.69824E+00,        -3.09684E+01,         1.73835E+01,         3.35505E+00,         1.09113E+01
      563.,         9.68846E+01,        -4.08760E+00,        -3.20212E+01,         1.96254E+01,         4.08760E+00,         7.94073E+00
      564.,         9.47263E+01,        -1.18734E+01,        -3.30739E+01,         2.20182E+01,         4.89487E+00,         4.82694E+00
      565.,         9.25680E+01,        -1.96593E+01,        -3.41266E+01,         2.45657E+01,         5.70305E+00,         1.56368E+00
      566.,         1.04211E+02,         2.04071E+01,        -6.10171E+00,         1.18695E+01,        -5.75183E+00,         1.46209E+01
      567.,         1.02268E+02,         1.26317E+01,        -6.96796E+00,         1.35111E+01,        -5.32293E+00,         1.21734E+01
      568.,         1.00325E+02,         4.85623E+00,        -7.83420E+00,         1.52640E+01,        -4.85623E+00,         9.64687E+00
      569.,         9.83820E+01,        -2.91919E+00,        -8.70045E+00,         1.71159E+01,        -4.30596E+00,         7.00953E+00
      570.,         9.64390E+01,        -1.06946E+01,        -9.56669E+00,         1.90595E+01,        -3.68435E+00,         4.23119E+00
      571.,         1.06587E+02,         2.81986E+01,         1.80979E+01,         8.92631E+00,        -1.28312E+01,         1.49890E+01
      572.,         1.04669E+02,         2.02985E+01,         1.75182E+01,         1.02136E+01,        -1.26403E+01,         1.28956E+01
      573.,         1.02750E+02,         1.23984E+01,         1.69385E+01,         1.15617E+01,        -1.23984E+01,         1.07368E+01
      574.,         1.00832E+02,         4.49832E+00,         1.63587E+01,         1.29417E+01,        -1.21074E+01,         8.50339E+00
      575.,         9.89139E+01,        -3.40177E+00,         1.57790E+01,         1.43219E+01,        -1.17738E+01,         6.17660E+00
      576.,         1.08592E+02,         3.47331E+01,         4.26573E+01,         6.43929E+00,        -1.86835E+01,         1.50180E+01
      577.,         1.06587E+02,         2.66460E+01,         4.23585E+01,         7.46028E+00,        -1.86462E+01,         1.32228E+01
      578.,         1.04583E+02,         1.85589E+01,         4.20596E+01,         8.49165E+00,        -1.85589E+01,         1.13889E+01
      579.,         1.02578E+02,         1.04718E+01,         4.17608E+01,         9.48846E+00,        -1.84293E+01,         9.50925E+00
      580.,         1.00574E+02,         2.38475E+00,         4.14619E+01,         1.03946E+01,        -1.82474E+01,         7.58457E+00
      581.,         1.10401E+02,         4.01079E+01,         6.76282E+01,         4.35472E+00,        -2.34777E+01,         1.48098E+01
      582.,         1.08221E+02,         3.18243E+01,         6.75502E+01,         5.19614E+00,        -2.35392E+01,         1.32976E+01
      583.,         1.06042E+02,         2.35407E+01,         6.74721E+01,         6.00146E+00,        -2.35407E+01,         1.17622E+01
      584.,         1.03862E+02,         1.52571E+01,         6.73941E+01,         6.71080E+00,        -2.34968E+01,         1.02016E+01
      585.,         1.01683E+02,         6.97357E+00,         6.73161E+01,         7.24701E+00,        -2.33950E+01,         8.61582E+00
      586.,         1.12142E+02,         4.43845E+01,         9.28053E+01,         2.64819E+00,        -2.72819E+01,         1.44437E+01
      587.,         1.09767E+02,         3.59193E+01,         9.29052E+01,         3.39693E+00,        -2.74051E+01,         1.32124E+01
      588.,         1.07392E+02,         2.74542E+01,         9.30052E+01,         4.07119E+00,        -2.74542E+01,         1.19637E+01
      589.,         1.05017E+02,         1.89890E+01,         9.31051E+01,         4.59948E+00,        -2.74629E+01,         1.06986E+01
      590.,         1.02641E+02,         1.05238E+01,         9.32050E+01,         4.88714E+00,        -2.73979E+01,         9.42089E+00
      591.,         1.13975E+02,         4.76767E+01,         1.18215E+02,         1.28207E+00,        -3.01972E+01,         1.39854E+01
      592.,         1.11321E+02,         3.90668E+01,         1.18429E+02,         2.03113E+00,        -3.03700E+01,         1.30297E+01
      593.,         1.08667E+02,         3.04568E+01,         1.18643E+02,         2.67197E+00,        -3.04568E+01,         1.20559E+01
      594.,         1.06013E+02,         2.18469E+01,         1.18857E+02,         3.12439E+00,        -3.04977E+01,         1.10675E+01
      595.,         1.03359E+02,         1.32369E+01,         1.19072E+02,         3.28191E+00,        -3.04536E+01,         1.00687E+01
      596.,         1.15793E+02,         5.00644E+01,         1.43723E+02,         2.54248E-01,        -3.22935E+01,         1.34728E+01
      597.,         1.12819E+02,         4.13541E+01,         1.44005E+02,         1.08554E+00,        -3.25170E+01,         1.27881E+01
      598.,         1.09845E+02,         3.26437E+01,         1.44287E+02,         1.78134E+00,        -3.26437E+01,         1.20781E+01
      599.,         1.06871E+02,         2.39334E+01,         1.44569E+02,         2.25595E+00,        -3.27207E+01,         1.13487E+01
      600.,         1.03897E+02,         1.52231E+01,         1.44851E+02,         2.39477E+00,        -3.27018E+01,         1.06051E+01
      601.,         1.17655E+02,         5.16342E+01,         1.69365E+02,        -4.64917E-01,        -3.36354E+01,         1.29492E+01
      602.,         1.14344E+02,         4.28723E+01,         1.69664E+02,         5.25618E-01,        -3.39249E+01,         1.25242E+01
      603.,         1.11033E+02,         3.41103E+01,         1.69962E+02,         1.36148E+00,        -3.41103E+01,         1.20618E+01
      604.,         1.07722E+02,         2.53484E+01,         1.70261E+02,         1.95395E+00,        -3.42415E+01,         1.15707E+01
      605.,         1.04412E+02,         1.65865E+01,         1.70560E+02,         2.18355E+00,        -3.42704E+01,         1.10568E+01
      606.,         1.19667E+02,         5.24520E+01,         1.95027E+02,        -9.09060E-01,        -3.42759E+01,         1.24510E+01
      607.,         1.16009E+02,         4.36940E+01,         1.95328E+02,         3.13373E-01,        -3.46589E+01,         1.22651E+01
      608.,         1.12352E+02,         3.49359E+01,         1.95629E+02,         1.37037E+00,        -3.49359E+01,         1.20273E+01
      609.,         1.08694E+02,         2.61779E+01,         1.95930E+02,         2.17243E+00,        -3.51528E+01,         1.17490E+01
      610.,         1.05037E+02,         1.74198E+01,         1.96232E+02,         2.59760E+00,        -3.52662E+01,         1.14365E+01
      611.,         1.21648E+02,         5.25909E+01,         2.20759E+02,        -1.09166E+00,        -3.43031E+01,         1.20051E+01
      612.,         1.17662E+02,         4.38996E+01,         2.21030E+02,         4.18234E-01,        -3.48075E+01,         1.20292E+01
      613.,         1.13675E+02,         3.52082E+01,         2.21301E+02,         1.76107E+00,        -3.52082E+01,         1.19854E+01
      614.,         1.09689E+02,         2.65168E+01,         2.21571E+02,         2.84882E+00,        -3.55459E+01,         1.18880E+01
      615.,         1.05703E+02,         1.78254E+01,         2.21842E+02,         3.55988E+00,        -3.57828E+01,         1.17450E+01
      616.,         1.23562E+02,         5.21242E+01,         2.46527E+02,        -1.04140E+00,        -3.38030E+01,         1.16418E+01
      617.,         1.19275E+02,         4.35691E+01,         2.46741E+02,         7.97683E-01,        -3.44568E+01,         1.18356E+01
      618.,         1.14988E+02,         3.50139E+01,         2.46955E+02,         2.47729E+00,        -3.50139E+01,         1.19463E+01
      619.,         1.10700E+02,         2.64588E+01,         2.47169E+02,         3.91253E+00,        -3.55069E+01,         1.19915E+01
      620.,         1.06413E+02,         1.79037E+01,         2.47383E+02,         4.98514E+00,        -3.59065E+01,         1.19812E+01
      621.,         1.25310E+02,         5.11478E+01,         2.72248E+02,        -7.86606E-01,        -3.28964E+01,         1.13865E+01
      622.,         1.20776E+02,         4.28009E+01,         2.72394E+02,         1.40474E+00,        -3.37179E+01,         1.16990E+01
      623.,         1.16241E+02,         3.44541E+01,         2.72541E+02,         3.45408E+00,        -3.44541E+01,         1.19161E+01
      624.,         1.11707E+02,         2.61072E+01,         2.72687E+02,         5.28062E+00,        -3.51276E+01,         1.20589E+01
      625.,         1.07172E+02,         1.77603E+01,         2.72833E+02,         6.77270E+00,        -3.57193E+01,         1.21404E+01
      626.,         1.26955E+02,         4.97482E+01,         2.97950E+02,        -3.71118E-01,        -3.16882E+01,         1.12477E+01
      627.,         1.22220E+02,         4.16862E+01,         2.98018E+02,         2.18638E+00,        -3.26917E+01,         1.16210E+01
      628.,         1.17486E+02,         3.36241E+01,         2.98086E+02,         4.62492E+00,        -3.36241E+01,         1.18921E+01
      629.,         1.12751E+02,         2.55621E+01,         2.98154E+02,         6.86924E+00,        -3.44972E+01,         1.20852E+01
      630.,         1.08016E+02,         1.75000E+01,         2.98222E+02,         8.81724E+00,        -3.53014E+01,         1.22148E+01
      631.,         1.28282E+02,         4.80899E+01,         3.23566E+02,         1.73983E-01,        -3.03770E+01,         1.12329E+01
      632.,         1.23444E+02,         4.03788E+01,         3.23563E+02,         3.08779E+00,        -3.15510E+01,         1.16018E+01
      633.,         1.18606E+02,         3.26676E+01,         3.23560E+02,         5.91056E+00,        -3.26676E+01,         1.18695E+01
      634.,         1.13768E+02,         2.49565E+01,         3.23556E+02,         8.57491E+00,        -3.37339E+01,         1.20616E+01
      635.,         1.08930E+02,         1.72453E+01,         3.23553E+02,         1.09922E+01,        -3.47453E+01,         1.21973E+01
      636.,         1.29188E+02,         4.63675E+01,         3.49100E+02,         7.92078E-01,        -2.91810E+01,         1.13336E+01
      637.,         1.24378E+02,         3.90550E+01,         3.49064E+02,         4.03378E+00,        -3.04815E+01,         1.16312E+01
      638.,         1.19567E+02,         3.17424E+01,         3.49029E+02,         7.21994E+00,        -3.17424E+01,         1.18395E+01
      639.,         1.14757E+02,         2.44299E+01,         3.48994E+02,         1.02897E+01,        -3.29614E+01,         1.19821E+01
      640.,         1.09946E+02,         1.71174E+01,         3.48958E+02,         1.31666E+01,        -3.41387E+01,         1.20736E+01
      641.,         1.30011E+02,         4.46317E+01,         3.74606E+02,         1.38641E+00,        -2.81734E+01,         1.14971E+01
      642.,         1.25301E+02,         3.77760E+01,         3.74568E+02,         4.93750E+00,        -2.95677E+01,         1.16683E+01
      643.,         1.20591E+02,         3.09203E+01,         3.74530E+02,         8.45294E+00,        -3.09203E+01,         1.17819E+01
      644.,         1.15880E+02,         2.40646E+01,         3.74491E+02,         1.18920E+01,        -3.22751E+01,         1.18496E+01
      645.,         1.11170E+02,         1.72090E+01,         3.74453E+02,         1.52029E+01,        -3.35904E+01,         1.18760E+01
      646.,         1.30636E+02,         4.30914E+01,         4.00000E+02,         2.34418E+00,        -2.75128E+01,         1.15915E+01
      647.,         1.26179E+02,         3.67013E+01,         4.00000E+02,         5.98009E+00,        -2.89164E+01,         1.16745E+01
      648.,         1.21722E+02,         3.03111E+01,         4.00000E+02,         9.43203E+00,        -3.03111E+01,         1.17175E+01
      649.,         1.17265E+02,         2.39209E+01,         4.00000E+02,         1.28380E+01,        -3.16340E+01,         1.17280E+01
      650.,         1.12808E+02,         1.75307E+01,         4.00000E+02,         1.63404E+01,        -3.29410E+01,         1.17211E+01
      651.,         1.20092E+02,         2.58926E+00,        -2.00000E+02,         1.47761E+01,         4.99931E+01,         0.00000E+00
      652.,         1.08288E+02,        -2.08924E+01,        -2.00000E+02,         2.65628E+01,         4.72114E+01,         0.00000E+00
      653.,         9.64846E+01,        -4.43741E+01,        -2.00000E+02,         3.83205E+01,         4.43741E+01,         0.00000E+00
      654.,         8.46810E+01,        -6.78558E+01,        -2.00000E+02,         5.00792E+01,         4.16254E+01,         0.00000E+00
      655.,         7.28775E+01,        -9.13375E+01,        -2.00000E+02,         6.18666E+01,         3.88212E+01,         0.00000E+00
      656.,         1.20092E+02,         2.58926E+00,        -1.75000E+02,         1.47703E+01,         4.99560E+01,         3.02275E-01
      657.,         1.08327E+02,        -2.09119E+01,        -1.75000E+02,         2.65567E+01,         4.72193E+01,         2.15814E-01
      658.,         9.65620E+01,        -4.44130E+01,        -1.75000E+02,         3.83154E+01,         4.44130E+01,         2.07351E-02
      659.,         8.47972E+01,        -6.79142E+01,        -1.75000E+02,         5.00800E+01,         4.16671E+01,        -1.74439E-01
      660.,         7.30324E+01,        -9.14153E+01,        -1.75000E+02,         6.18693E+01,         3.88554E+01,        -2.64094E-01
      661.,         1.20092E+02,         2.58926E+00,        -1.50000E+02,         1.47484E+01,         4.99298E+01,         5.35059E-01
      662.,         1.08366E+02,        -2.09314E+01,        -1.50000E+02,         2.65305E+01,         4.72324E+01,         5.98875E-01
      663.,         9.66395E+01,        -4.44520E+01,        -1.50000E+02,         3.82767E+01,         4.44520E+01,         2.46700E-02
      664.,         8.49134E+01,        -6.79726E+01,        -1.50000E+02,         5.00485E+01,         4.16957E+01,        -5.12634E-01
      665.,         7.31873E+01,        -9.14932E+01,        -1.50000E+02,         6.18683E+01,         3.88864E+01,        -4.55745E-01
      666.,         1.17008E+02,        -8.04833E+00,        -1.33334E+02,         1.98221E+01,         4.97203E+01,         8.46462E-01
      667.,         1.07700E+02,        -2.67092E+01,        -1.33334E+02,         2.91589E+01,         4.76085E+01,         1.02801E+00
      668.,         9.83926E+01,        -4.53702E+01,        -1.33335E+02,         3.84527E+01,         4.53702E+01,        -3.36853E-02
      669.,         8.90850E+01,        -6.40311E+01,        -1.33335E+02,         4.77871E+01,         4.31457E+01,        -8.95233E-01
      670.,         7.97773E+01,        -8.26920E+01,        -1.33335E+02,         5.71960E+01,         4.09448E+01,        -7.00193E-01
      671.,         1.13926E+02,        -1.86814E+01,        -1.16665E+02,         2.48896E+01,         4.95205E+01,         1.82973E+00
      672.,         1.07036E+02,        -3.24848E+01,        -1.16666E+02,         3.17811E+01,         4.78830E+01,         1.78395E+00
      673.,         1.00146E+02,        -4.62882E+01,        -1.16666E+02,         3.86018E+01,         4.62882E+01,        -2.65923E-01
      674.,         9.32555E+01,        -6.00915E+01,        -1.16666E+02,         4.54955E+01,         4.46849E+01,        -1.58010E+00
      675.,         8.63652E+01,        -7.38949E+01,        -1.16667E+02,         5.24801E+01,         4.29725E+01,        -1.42787E+00
      676.,         1.10842E+02,        -2.93193E+01,        -1.00000E+02,         3.00286E+01,         4.62336E+01,         5.08188E+00
      677.,         1.06370E+02,        -3.82636E+01,        -1.00000E+02,         3.43631E+01,         4.63077E+01,         2.10549E+00
      678.,         1.01898E+02,        -4.72078E+01,        -1.00000E+02,         3.87227E+01,         4.72078E+01,        -5.56586E-01
      679.,         9.74261E+01,        -5.61521E+01,        -1.00000E+02,         4.31531E+01,         4.53079E+01,        -2.58778E+00
      680.,         9.29539E+01,        -6.50964E+01,        -1.00000E+02,         4.76934E+01,         4.42474E+01,        -3.48794E+00
      681.,         1.15994E+02,        -1.79286E+01,        -7.75431E+01,         2.49940E+01,         3.32826E+01,         1.17968E+01
      682.,         1.12459E+02,        -2.63992E+01,        -7.82107E+01,         2.86280E+01,         3.43638E+01,         6.76990E+00
      683.,         1.08925E+02,        -3.48697E+01,        -7.88783E+01,         3.24094E+01,         3.48697E+01,         2.60329E+00
      684.,         1.05390E+02,        -4.33403E+01,        -7.95459E+01,         3.63245E+01,         3.67760E+01,        -1.20163E+00
      685.,         1.01856E+02,        -5.18108E+01,        -8.02135E+01,         4.03939E+01,         3.78671E+01,        -4.52577E+00
      686.,         1.21084E+02,        -6.61785E+00,        -5.47435E+01,         2.00187E+01,         2.06564E+01,         1.40384E+01
      687.,         1.18172E+02,        -1.47601E+01,        -5.57433E+01,         2.31519E+01,         2.17188E+01,         1.01932E+01
      688.,         1.15260E+02,        -2.29024E+01,        -5.67432E+01,         2.64160E+01,         2.29024E+01,         6.20421E+00
      689.,         1.12348E+02,        -3.10446E+01,        -5.77430E+01,         2.98178E+01,         2.40375E+01,         2.13205E+00
      690.,         1.09435E+02,        -3.91869E+01,        -5.87429E+01,         3.33730E+01,         2.55080E+01,        -2.28193E+00
      691.,         1.25674E+02,         4.31860E+00,        -3.16462E+01,         1.53666E+01,         1.00012E+01,         1.57561E+01
      692.,         1.23122E+02,        -3.66136E+00,        -3.26630E+01,         1.80916E+01,         1.07675E+01,         1.24947E+01
      693.,         1.20570E+02,        -1.16413E+01,        -3.36797E+01,         2.09342E+01,         1.16413E+01,         9.08842E+00
      694.,         1.18019E+02,        -1.96213E+01,        -3.46965E+01,         2.38997E+01,         1.26103E+01,         5.50503E+00
      695.,         1.15467E+02,        -2.76012E+01,        -3.57132E+01,         2.69973E+01,         1.35864E+01,         1.74038E+00
      696.,         1.29624E+02,         1.45046E+01,        -8.12476E+00,         1.11873E+01,         5.05751E-01,         1.68499E+01
      697.,         1.27218E+02,         6.50928E+00,        -8.94379E+00,         1.36020E+01,         9.69132E-01,         1.40326E+01
      698.,         1.24812E+02,        -1.48604E+00,        -9.76283E+00,         1.61049E+01,         1.48604E+00,         1.10986E+01
      699.,         1.22406E+02,        -9.48136E+00,        -1.05819E+01,         1.86982E+01,         2.12855E+00,         8.01145E+00
      700.,         1.20001E+02,        -1.74767E+01,        -1.14009E+01,         2.13901E+01,         2.85940E+00,         4.73341E+00
      701.,         1.32864E+02,         2.34917E+01,         1.58772E+01,         7.59341E+00,        -7.49148E+00,         1.72770E+01
      702.,         1.30438E+02,         1.53459E+01,         1.53766E+01,         9.78152E+00,        -7.37558E+00,         1.48618E+01
      703.,         1.28012E+02,         7.20002E+00,         1.48759E+01,         1.20195E+01,        -7.20002E+00,         1.23411E+01
      704.,         1.25585E+02,        -9.45829E-01,         1.43753E+01,         1.42974E+01,        -6.91932E+00,         9.69827E+00
      705.,         1.23159E+02,        -9.09168E+00,         1.38747E+01,         1.66080E+01,        -6.58725E+00,         6.90047E+00
      706.,         1.35608E+02,         3.10678E+01,         4.03799E+01,         4.57399E+00,        -1.40951E+01,         1.71890E+01
      707.,         1.33056E+02,         2.27040E+01,         4.02032E+01,         6.61633E+00,        -1.42407E+01,         1.51269E+01
      708.,         1.30504E+02,         1.43402E+01,         4.00265E+01,         8.66438E+00,        -1.43402E+01,         1.29908E+01
      709.,         1.27952E+02,         5.97635E+00,         3.98498E+01,         1.06949E+01,        -1.43261E+01,         1.07664E+01
      710.,         1.25400E+02,        -2.38745E+00,         3.96731E+01,         1.26789E+01,        -1.42610E+01,         8.44239E+00
      711.,         1.37919E+02,         3.72551E+01,         6.53218E+01,         2.08625E+00,        -1.94388E+01,         1.67121E+01
      712.,         1.35162E+02,         2.86668E+01,         6.54091E+01,         4.05529E+00,        -1.97817E+01,         1.49967E+01
      713.,         1.32405E+02,         2.00784E+01,         6.54964E+01,         5.98478E+00,        -2.00784E+01,         1.32312E+01
      714.,         1.29649E+02,         1.14900E+01,         6.55838E+01,         7.83753E+00,        -2.02423E+01,         1.14081E+01
      715.,         1.26892E+02,         2.90164E+00,         6.56711E+01,         9.56102E+00,        -2.03591E+01,         9.51740E+00
      716.,         1.40038E+02,         4.20700E+01,         9.05599E+01,         8.21350E-02,        -2.35586E+01,         1.59697E+01
      717.,         1.37036E+02,         3.32767E+01,         9.08666E+01,         2.05172E+00,        -2.40463E+01,         1.46043E+01
      718.,         1.34034E+02,         2.44833E+01,         9.11734E+01,         3.94111E+00,        -2.44833E+01,         1.32050E+01
      719.,         1.31032E+02,         1.56899E+01,         9.14801E+01,         5.70085E+00,        -2.47744E+01,         1.17691E+01
      720.,         1.28031E+02,         6.89651E+00,         9.17869E+01,         7.25671E+00,        -2.50105E+01,         1.02940E+01
      721.,         1.42041E+02,         4.55989E+01,         1.16062E+02,        -1.47788E+00,        -2.65435E+01,         1.50610E+01
      722.,         1.38767E+02,         3.66409E+01,         1.16517E+02,         5.64864E-01,        -2.71413E+01,         1.40484E+01
      723.,         1.35493E+02,         2.76830E+01,         1.16973E+02,         2.49437E+00,        -2.76830E+01,         1.30113E+01
      724.,         1.32219E+02,         1.87250E+01,         1.17429E+02,         4.25190E+00,        -2.80625E+01,         1.19518E+01
      725.,         1.28945E+02,         9.76705E+00,         1.17885E+02,         5.74529E+00,        -2.83809E+01,         1.08720E+01
      726.,         1.44005E+02,         4.79194E+01,         1.41781E+02,        -2.62120E+00,        -2.84567E+01,         1.40687E+01
      727.,         1.40382E+02,         3.88578E+01,         1.42304E+02,        -4.33227E-01,        -2.91575E+01,         1.34067E+01
      728.,         1.36760E+02,         2.97962E+01,         1.42827E+02,         1.61225E+00,        -2.97962E+01,         1.27218E+01
      729.,         1.33137E+02,         2.07346E+01,         1.43351E+02,         3.45000E+00,        -3.02582E+01,         1.20214E+01
      730.,         1.29515E+02,         1.16730E+01,         1.43874E+02,         4.97441E+00,        -3.06520E+01,         1.13119E+01
      731.,         1.45845E+02,         4.91326E+01,         1.67690E+02,        -3.35614E+00,        -2.93869E+01,         1.30657E+01
      732.,         1.41866E+02,         4.00289E+01,         1.68202E+02,        -9.67075E-01,        -3.01888E+01,         1.27433E+01
      733.,         1.37886E+02,         3.09252E+01,         1.68713E+02,         1.25986E+00,        -3.09252E+01,         1.23933E+01
      734.,         1.33907E+02,         2.18215E+01,         1.69225E+02,         3.25592E+00,        -3.14742E+01,         1.20282E+01
      735.,         1.29927E+02,         1.27179E+01,         1.69736E+02,         4.90793E+00,        -3.19513E+01,         1.16584E+01
      736.,         1.47642E+02,         4.93106E+01,         1.93639E+02,        -3.70607E+00,        -2.93942E+01,         1.21213E+01
      737.,         1.43291E+02,         4.02398E+01,         1.94108E+02,        -1.06616E+00,        -3.03144E+01,         1.21136E+01
      738.,         1.38939E+02,         3.11691E+01,         1.94577E+02,         1.39983E+00,        -3.11691E+01,         1.20696E+01
      739.,         1.34588E+02,         2.20983E+01,         1.95047E+02,         3.62301E+00,        -3.18281E+01,         1.20061E+01
      740.,         1.30237E+02,         1.30276E+01,         1.95516E+02,         5.48860E+00,        -3.24149E+01,         1.19371E+01
      741.,         1.49328E+02,         4.85599E+01,         2.19687E+02,        -3.68089E+00,        -2.85888E+01,         1.12850E+01
      742.,         1.44612E+02,         3.96028E+01,         2.20072E+02,        -7.56648E-01,        -2.96483E+01,         1.15562E+01
      743.,         1.39895E+02,         3.06457E+01,         2.20458E+02,         1.99130E+00,        -3.06457E+01,         1.17798E+01
      744.,         1.35178E+02,         2.16887E+01,         2.20844E+02,         4.49569E+00,        -3.14440E+01,         1.19761E+01
      745.,         1.30461E+02,         1.27316E+01,         2.21229E+02,         6.64505E+00,        -3.21734E+01,         1.21622E+01
      746.,         1.50844E+02,         4.69938E+01,         2.45743E+02,        -3.29578E+00,        -2.70907E+01,         1.06007E+01
      747.,         1.45802E+02,         3.82310E+01,         2.46027E+02,        -6.94307E-02,        -2.83075E+01,         1.11021E+01
      748.,         1.40761E+02,         2.94681E+01,         2.46310E+02,         2.98834E+00,        -2.94681E+01,         1.15437E+01
      749.,         1.35719E+02,         2.07053E+01,         2.46594E+02,         5.81433E+00,        -3.04334E+01,         1.19490E+01
      750.,         1.30677E+02,         1.19424E+01,         2.46877E+02,         8.30433E+00,        -3.13367E+01,         1.23380E+01
      751.,         1.52092E+02,         4.47608E+01,         2.71720E+02,        -2.57259E+00,        -2.50610E+01,         1.01004E+01
      752.,         1.46791E+02,         3.62692E+01,         2.71895E+02,         9.56309E-01,        -2.64433E+01,         1.07712E+01
      753.,         1.41490E+02,         2.77777E+01,         2.72071E+02,         4.33368E+00,        -2.77777E+01,         1.13710E+01
      754.,         1.36189E+02,         1.92862E+01,         2.72247E+02,         7.50235E+00,        -2.89289E+01,         1.19264E+01
      755.,         1.30888E+02,         1.07947E+01,         2.72422E+02,         1.03692E+01,        -3.00270E+01,         1.24603E+01
      756.,         1.53060E+02,         4.20014E+01,         2.97661E+02,        -1.54564E+00,        -2.26486E+01,         9.79576E+00
      757.,         1.47576E+02,         3.38549E+01,         2.97720E+02,         2.27420E+00,        -2.41977E+01,         1.05663E+01
      758.,         1.42092E+02,         2.57084E+01,         2.97779E+02,         5.96646E+00,        -2.57084E+01,         1.12588E+01
      759.,         1.36608E+02,         1.75619E+01,         2.97838E+02,         9.48121E+00,        -2.70547E+01,         1.19015E+01
      760.,         1.31124E+02,         9.41543E+00,         2.97897E+02,         1.27392E+01,        -2.83576E+01,         1.25193E+01
      761.,         1.53590E+02,         3.89396E+01,         3.23513E+02,        -2.61489E-01,        -2.00968E+01,         9.68958E+00
      762.,         1.48045E+02,         3.11898E+01,         3.23461E+02,         3.81949E+00,        -2.17838E+01,         1.04832E+01
      763.,         1.42500E+02,         2.34400E+01,         3.23408E+02,         7.80344E+00,        -2.34400E+01,         1.11977E+01
      764.,         1.36955E+02,         1.56902E+01,         3.23356E+02,         1.16491E+01,        -2.49594E+01,         1.18620E+01
      765.,         1.31411E+02,         7.94043E+00,         3.23303E+02,         1.52931E+01,        -2.64452E+01,         1.25038E+01
      766.,         1.53619E+02,         3.58263E+01,         3.49155E+02,         1.18551E+00,        -1.76658E+01,         9.76310E+00
      767.,         1.48158E+02,         2.84951E+01,         3.49064E+02,         5.48792E+00,        -1.94256E+01,         1.05034E+01
      768.,         1.42698E+02,         2.11639E+01,         3.48972E+02,         9.73323E+00,        -2.11639E+01,         1.11713E+01
      769.,         1.37238E+02,         1.38327E+01,         3.48881E+02,         1.38872E+01,        -2.27928E+01,         1.17952E+01
      770.,         1.31778E+02,         6.50148E+00,         3.48789E+02,         1.79010E+01,        -2.43973E+01,         1.23985E+01
      771.,         1.53586E+02,         3.26301E+01,         3.74666E+02,         2.69365E+00,        -1.53295E+01,         9.95076E+00
      772.,         1.48277E+02,         2.57676E+01,         3.74596E+02,         7.19334E+00,        -1.71288E+01,         1.05725E+01
      773.,         1.42968E+02,         1.89051E+01,         3.74526E+02,         1.16588E+01,        -1.89051E+01,         1.11509E+01
      774.,         1.37659E+02,         1.20426E+01,         3.74455E+02,         1.60709E+01,        -2.06196E+01,         1.16985E+01
      775.,         1.32351E+02,         5.18009E+00,         3.74385E+02,         2.04079E+01,        -2.23105E+01,         1.22247E+01
      776.,         1.53363E+02,         2.96022E+01,         4.00000E+02,         4.52016E+00,        -1.33131E+01,         1.01351E+01
      777.,         1.48352E+02,         2.32003E+01,         4.00000E+02,         9.01012E+00,        -1.50629E+01,         1.06546E+01
      778.,         1.43342E+02,         1.67984E+01,         4.00000E+02,         1.33363E+01,        -1.67984E+01,         1.11362E+01
      779.,         1.38331E+02,         1.03965E+01,         4.00000E+02,         1.76411E+01,        -1.84556E+01,         1.15964E+01
      780.,         1.33321E+02,         3.99464E+00,         4.00000E+02,         2.20735E+01,        -2.00922E+01,         1.20600E+01
      781.,         1.44838E+02,        -9.84983E+00,        -2.00000E+02,         1.77611E+01,         6.24370E+01,         0.00000E+00
      782.,         1.33034E+02,        -3.33315E+01,        -2.00000E+02,         2.95541E+01,         5.96565E+01,         0.00000E+00
      783.,         1.21231E+02,        -5.68132E+01,        -2.00000E+02,         4.13274E+01,         5.68132E+01,         0.00000E+00
      784.,         1.09427E+02,        -8.02949E+01,        -2.00000E+02,         5.31009E+01,         5.40679E+01,         0.00000E+00
      785.,         9.76235E+01,        -1.03777E+02,        -2.00000E+02,         6.48929E+01,         5.12632E+01,         0.00000E+00
      786.,         1.44838E+02,        -9.84984E+00,        -1.75000E+02,         1.77589E+01,         6.23955E+01,         3.24744E-01
      787.,         1.33069E+02,        -3.33488E+01,        -1.75000E+02,         2.95524E+01,         5.96609E+01,         2.23105E-01
      788.,         1.21299E+02,        -5.68478E+01,        -1.75000E+02,         4.13279E+01,         5.68478E+01,         6.99812E-03
      789.,         1.09530E+02,        -8.03468E+01,        -1.75000E+02,         5.31066E+01,         5.40991E+01,        -2.04104E-01
      790.,         9.77612E+01,        -1.03846E+02,        -1.75000E+02,         6.49005E+01,         5.12803E+01,        -3.05180E-01
      791.,         1.44838E+02,        -9.84983E+00,        -1.50000E+02,         1.77502E+01,         6.23575E+01,         5.77059E-01
      792.,         1.33103E+02,        -3.33661E+01,        -1.50000E+02,         2.95408E+01,         5.96627E+01,         6.21083E-01
      793.,         1.21368E+02,        -5.68824E+01,        -1.50000E+02,         4.13104E+01,         5.68824E+01,        -1.47144E-02
      794.,         1.09634E+02,        -8.03987E+01,        -1.50000E+02,         5.30953E+01,         5.41081E+01,        -5.89822E-01
      795.,         9.78989E+01,        -1.03915E+02,        -1.50000E+02,         6.49076E+01,         5.12895E+01,        -5.25786E-01
      796.,         1.40875E+02,        -2.00271E+01,        -1.33335E+02,         2.27279E+01,         6.16936E+01,         8.96403E-01
      797.,         1.31562E+02,        -3.86849E+01,        -1.33335E+02,         3.20748E+01,         5.95893E+01,         1.05550E+00
      798.,         1.22249E+02,        -5.73427E+01,        -1.33335E+02,         4.13982E+01,         5.73427E+01,        -1.02920E-01
      799.,         1.12936E+02,        -7.60005E+01,        -1.33335E+02,         5.07453E+01,         5.51076E+01,        -1.01133E+00
      800.,         1.03622E+02,        -9.46583E+01,        -1.33335E+02,         6.01346E+01,         5.29054E+01,        -7.92525E-01
      801.,         1.36916E+02,        -3.01983E+01,        -1.16665E+02,         2.77021E+01,         6.10310E+01,         1.91260E+00
      802.,         1.30023E+02,        -4.40005E+01,        -1.16665E+02,         3.46049E+01,         5.93889E+01,         1.81353E+00
      803.,         1.23129E+02,        -5.78028E+01,        -1.16666E+02,         4.14736E+01,         5.78028E+01,        -3.86175E-01
      804.,         1.16236E+02,        -7.16050E+01,        -1.16666E+02,         4.83819E+01,         5.61980E+01,        -1.75290E+00
      805.,         1.09343E+02,        -8.54072E+01,        -1.16666E+02,         5.53390E+01,         5.44848E+01,        -1.56820E+00
      806.,         1.32954E+02,        -4.03750E+01,        -1.00000E+02,         3.27118E+01,         5.70416E+01,         5.27056E+00
      807.,         1.28482E+02,        -4.93193E+01,        -1.00000E+02,         3.71161E+01,         5.72334E+01,         2.07436E+00
      808.,         1.24010E+02,        -5.82636E+01,        -1.00000E+02,         4.15347E+01,         5.82636E+01,        -7.38295E-01
      809.,         1.19538E+02,        -6.72078E+01,        -1.00000E+02,         4.59952E+01,         5.63575E+01,        -2.84175E+00
      810.,         1.15065E+02,        -7.61521E+01,        -1.00000E+02,         5.05093E+01,         5.53142E+01,        -3.73071E+00
      811.,         1.38641E+02,        -2.83091E+01,        -7.79292E+01,         2.70205E+01,         4.34581E+01,         1.23786E+01
      812.,         1.34948E+02,        -3.67913E+01,        -7.85740E+01,         3.09473E+01,         4.46652E+01,         7.08242E+00
      813.,         1.31255E+02,        -4.52735E+01,        -7.92188E+01,         3.49476E+01,         4.52735E+01,         2.67619E+00
      814.,         1.27562E+02,        -5.37557E+01,        -7.98636E+01,         3.90157E+01,         4.73159E+01,        -1.32244E+00
      815.,         1.23868E+02,        -6.22379E+01,        -8.05083E+01,         4.31628E+01,         4.84846E+01,        -4.75556E+00
      816.,         1.44257E+02,        -1.63268E+01,        -5.54458E+01,         2.13909E+01,         3.02581E+01,         1.48914E+01
      817.,         1.41077E+02,        -2.44970E+01,        -5.64176E+01,         2.49832E+01,         3.13956E+01,         1.08125E+01
      818.,         1.37896E+02,        -3.26673E+01,        -5.73895E+01,         2.86428E+01,         3.26673E+01,         6.56778E+00
      819.,         1.34716E+02,        -4.08375E+01,        -5.83613E+01,         3.23764E+01,         3.38773E+01,         2.24117E+00
      820.,         1.31536E+02,        -4.90077E+01,        -5.93332E+01,         3.61937E+01,         3.54466E+01,        -2.41703E+00
      821.,         1.49655E+02,        -4.82839E+00,        -3.25760E+01,         1.60601E+01,         1.91159E+01,         1.68323E+01
      822.,         1.46715E+02,        -1.28404E+01,        -3.35920E+01,         1.94106E+01,         1.99222E+01,         1.33423E+01
      823.,         1.43775E+02,        -2.08525E+01,        -3.46081E+01,         2.28248E+01,         2.08525E+01,         9.69233E+00
      824.,         1.40836E+02,        -2.88645E+01,        -3.56241E+01,         2.63119E+01,         2.18654E+01,         5.84920E+00
      825.,         1.37896E+02,        -3.68766E+01,        -3.66402E+01,         2.98808E+01,         2.28932E+01,         1.81384E+00
      826.,         1.54453E+02,         5.90687E+00,        -9.23487E+00,         1.11755E+01,         9.16599E+00,         1.80657E+01
      827.,         1.51572E+02,        -2.11506E+00,        -1.00639E+01,         1.43778E+01,         9.61434E+00,         1.50413E+01
      828.,         1.48691E+02,        -1.01370E+01,        -1.08930E+01,         1.76317E+01,         1.01370E+01,         1.18782E+01
      829.,         1.45809E+02,        -1.81589E+01,        -1.17221E+01,         2.09472E+01,         1.07718E+01,         8.53785E+00
      830.,         1.42928E+02,        -2.61809E+01,        -1.25511E+01,         2.43379E+01,         1.15162E+01,         4.98132E+00
      831.,         1.58550E+02,         1.54225E+01,         1.46522E+01,         6.90179E+00,         7.84778E-01,         1.85327E+01
      832.,         1.55589E+02,         7.25600E+00,         1.41579E+01,         1.00367E+01,         8.06785E-01,         1.59406E+01
      833.,         1.52627E+02,        -9.10541E-01,         1.36636E+01,         1.32055E+01,         9.10541E-01,         1.32181E+01
      834.,         1.49666E+02,        -9.07708E+00,         1.31693E+01,         1.64134E+01,         1.10300E+00,         1.03433E+01
      835.,         1.46705E+02,        -1.72436E+01,         1.26750E+01,         1.96715E+01,         1.37013E+00,         7.27403E+00
      836.,         1.62072E+02,         2.34485E+01,         3.91103E+01,         3.28797E+00,        -6.09410E+00,         1.83696E+01
      837.,         1.58929E+02,         1.50665E+01,         3.89742E+01,         6.42667E+00,        -6.42217E+00,         1.61671E+01
      838.,         1.55786E+02,         6.68456E+00,         3.88381E+01,         9.57686E+00,        -6.68456E+00,         1.38676E+01
      839.,         1.52644E+02,        -1.69740E+00,         3.87020E+01,         1.27364E+01,        -6.85429E+00,         1.14503E+01
      840.,         1.49501E+02,        -1.00794E+01,         3.85659E+01,         1.59081E+01,        -6.95187E+00,         8.89324E+00
      841.,         1.64999E+02,         2.99845E+01,         6.40531E+01,         3.18775E-01,        -1.16045E+01,         1.77166E+01
      842.,         1.61612E+02,         2.13769E+01,         6.42306E+01,         3.51468E+00,        -1.22158E+01,         1.59031E+01
      843.,         1.58224E+02,         1.27693E+01,         6.44080E+01,         6.69766E+00,        -1.27693E+01,         1.40225E+01
      844.,         1.54837E+02,         4.16163E+00,         6.45854E+01,         9.85605E+00,        -1.32068E+01,         1.20609E+01
      845.,         1.51449E+02,        -4.44599E+00,         6.47628E+01,         1.29803E+01,        -1.35827E+01,         9.99841E+00
      846.,         1.67546E+02,         3.49831E+01,         8.93400E+01,        -2.03158E+00,        -1.57444E+01,         1.67121E+01
      847.,         1.63867E+02,         2.61673E+01,         8.97612E+01,         1.27674E+00,        -1.65757E+01,         1.52969E+01
      848.,         1.60189E+02,         1.73514E+01,         9.01824E+01,         4.54810E+00,        -1.73514E+01,         1.38382E+01
      849.,         1.56511E+02,         8.53560E+00,         9.06037E+01,         7.76182E+00,        -1.79948E+01,         1.23286E+01
      850.,         1.52833E+02,        -2.80242E-01,         9.10249E+01,         1.08948E+01,        -1.85742E+01,         1.07577E+01
      851.,         1.69758E+02,         3.85088E+01,         1.14913E+02,        -3.79307E+00,        -1.85982E+01,         1.54853E+01
      852.,         1.65778E+02,         2.95248E+01,         1.15503E+02,        -3.26070E-01,        -1.95958E+01,         1.44752E+01
      853.,         1.61799E+02,         2.05407E+01,         1.16093E+02,         3.08440E+00,        -2.05407E+01,         1.34393E+01
      854.,         1.57820E+02,         1.15567E+01,         1.16682E+02,         6.41102E+00,        -2.13304E+01,         1.23782E+01
      855.,         1.53841E+02,         2.57259E+00,         1.17272E+02,         9.61973E+00,        -2.20563E+01,         1.12899E+01
      856.,         1.71746E+02,         4.06026E+01,         1.40734E+02,        -4.98852E+00,        -2.02096E+01,         1.41487E+01
      857.,         1.67407E+02,         3.15265E+01,         1.41402E+02,        -1.31983E+00,        -2.13566E+01,         1.35446E+01
      858.,         1.63068E+02,         2.24504E+01,         1.42071E+02,         2.27318E+00,        -2.24504E+01,         1.29250E+01
      859.,         1.58730E+02,         1.33743E+01,         1.42739E+02,         5.75810E+00,        -2.33759E+01,         1.22982E+01
      860.,         1.54391E+02,         4.29815E+00,         1.43407E+02,         9.09321E+00,        -2.42344E+01,         1.16715E+01
      861.,         1.73423E+02,         4.13978E+01,         1.66790E+02,        -5.62931E+00,        -2.06970E+01,         1.28068E+01
      862.,         1.68733E+02,         3.22967E+01,         1.67429E+02,        -1.73131E+00,        -2.19732E+01,         1.25978E+01
      863.,         1.64042E+02,         2.31956E+01,         1.68068E+02,         2.07790E+00,        -2.31956E+01,         1.23760E+01
      864.,         1.59352E+02,         1.40946E+01,         1.68707E+02,         5.76359E+00,        -2.42435E+01,         1.21570E+01
      865.,         1.54662E+02,         4.99347E+00,         1.69347E+02,         9.28073E+00,        -2.52219E+01,         1.19569E+01
      866.,         1.74893E+02,         4.09533E+01,         1.92938E+02,        -5.73145E+00,        -2.01128E+01,         1.15524E+01
      867.,         1.69822E+02,         3.19272E+01,         1.93509E+02,        -1.58524E+00,        -2.15345E+01,         1.17109E+01
      868.,         1.64750E+02,         2.29011E+01,         1.94080E+02,         2.46097E+00,        -2.29011E+01,         1.18540E+01
      869.,         1.59678E+02,         1.38751E+01,         1.94651E+02,         6.37145E+00,        -2.40954E+01,         1.20034E+01
      870.,         1.54607E+02,         4.84903E+00,         1.95222E+02,         1.00993E+01,        -2.52177E+01,         1.21819E+01
      871.,         1.76095E+02,         3.94119E+01,         2.19184E+02,        -5.30942E+00,        -1.85924E+01,         1.04546E+01
      872.,         1.70651E+02,         3.05573E+01,         2.19650E+02,        -9.10479E-01,        -2.01757E+01,         1.09403E+01
      873.,         1.65207E+02,         2.17027E+01,         2.20116E+02,         3.38084E+00,        -2.17027E+01,         1.14032E+01
      874.,         1.59762E+02,         1.28480E+01,         2.20582E+02,         7.53023E+00,        -2.30676E+01,         1.18700E+01
      875.,         1.54318E+02,         3.99339E+00,         2.21047E+02,         1.14917E+01,        -2.43596E+01,         1.23687E+01
      876.,         1.76975E+02,         3.69350E+01,         2.45457E+02,        -4.38620E+00,        -1.62882E+01,         9.56923E+00
      877.,         1.71214E+02,         2.83344E+01,         2.45786E+02,         2.56329E-01,        -1.80389E+01,         1.03269E+01
      878.,         1.65453E+02,         1.97338E+01,         2.46116E+02,         4.79047E+00,        -1.97338E+01,         1.10519E+01
      879.,         1.59692E+02,         1.11331E+01,         2.46445E+02,         9.18564E+00,        -2.12830E+01,         1.17745E+01
      880.,         1.53931E+02,         2.53252E+00,         2.46774E+02,         1.34011E+01,        -2.27612E+01,         1.25260E+01
      881.,         1.77488E+02,         3.37109E+01,         2.71628E+02,        -2.99917E+00,        -1.33839E+01,         8.93181E+00
      882.,         1.71489E+02,         2.54355E+01,         2.71815E+02,         1.86453E+00,        -1.52985E+01,         9.89348E+00
      883.,         1.65490E+02,         1.71601E+01,         2.72002E+02,         6.62725E+00,        -1.71601E+01,         1.08124E+01
      884.,         1.59491E+02,         8.88463E+00,         2.72189E+02,         1.12636E+01,        -1.88969E+01,         1.17208E+01
      885.,         1.53491E+02,         6.09195E-01,         2.72376E+02,         1.57403E+01,        -2.05677E+01,         1.26527E+01
      886.,         1.77618E+02,         2.99255E+01,         2.97690E+02,        -1.19826E+00,        -1.00630E+01,         8.55253E+00
      887.,         1.71474E+02,         2.20344E+01,         2.97743E+02,         3.85601E+00,        -1.21278E+01,         9.64189E+00
      888.,         1.65331E+02,         1.41433E+01,         2.97796E+02,         8.82401E+00,        -1.41433E+01,         1.06806E+01
      889.,         1.59188E+02,         6.25214E+00,         2.97848E+02,         1.36860E+01,        -1.60580E+01,         1.17019E+01
      890.,         1.53045E+02,        -1.63898E+00,         2.97901E+02,         1.84179E+01,        -1.79128E+01,         1.27401E+01
      891.,         1.77185E+02,         2.58985E+01,         3.23594E+02,         9.24887E-01,        -6.64560E+00,         8.42861E+00
      892.,         1.71049E+02,         1.84050E+01,         3.23531E+02,         6.13210E+00,        -8.79956E+00,         9.56379E+00
      893.,         1.64913E+02,         1.09115E+01,         3.23468E+02,         1.12759E+01,        -1.09115E+01,         1.06443E+01
      894.,         1.58778E+02,         3.41807E+00,         3.23405E+02,         1.63445E+01,        -1.29443E+01,         1.17036E+01
      895.,         1.52642E+02,        -4.07539E+00,         3.23343E+02,         2.13244E+01,        -1.49275E+01,         1.27772E+01
      896.,         1.76427E+02,         2.17112E+01,         3.49264E+02,         3.28473E+00,        -3.21770E+00,         8.52424E+00
      897.,         1.70401E+02,         1.46398E+01,         3.49157E+02,         8.60506E+00,        -5.41066E+00,         9.62747E+00
      898.,         1.64375E+02,         7.56845E+00,         3.49050E+02,         1.38925E+01,        -7.56845E+00,         1.06786E+01
      899.,         1.58350E+02,         4.97063E-01,         3.48943E+02,         1.91398E+01,        -9.66720E+00,         1.17091E+01
      900.,         1.52324E+02,        -6.57432E+00,         3.48835E+02,         2.43402E+01,        -1.17256E+01,         1.27500E+01
      901.,         1.75443E+02,         1.75002E+01,         3.74751E+02,         5.75515E+00,         7.62648E-02,         8.78680E+00
      902.,         1.69631E+02,         1.08645E+01,         3.74666E+02,         1.11626E+01,        -2.09268E+00,         9.78587E+00
      903.,         1.63819E+02,         4.22869E+00,         3.74582E+02,         1.65528E+01,        -4.22869E+00,         1.07557E+01
      904.,         1.58007E+02,        -2.40706E+00,         3.74498E+02,         2.19293E+01,        -6.33489E+00,         1.17113E+01
      905.,         1.52195E+02,        -9.04282E+00,         3.74413E+02,         2.73056E+01,        -8.40602E+00,         1.26672E+01
      906.,         1.74276E+02,         1.34483E+01,         4.00000E+02,         8.49254E+00,         3.07044E+00,         9.09957E+00
      907.,         1.68814E+02,         7.22124E+00,         4.00000E+02,         1.38143E+01,         1.02162E+00,         9.99013E+00
      908.,         1.63351E+02,         9.94166E-01,         4.00000E+02,         1.90095E+01,        -9.94166E-01,         1.08502E+01
      909.,         1.57889E+02,        -5.23290E+00,         4.00000E+02,         2.42183E+01,        -2.98320E+00,         1.17015E+01
      910.,         1.52426E+02,        -1.14600E+01,         4.00000E+02,         2.95900E+01,        -4.93299E+00,         1.25725E+01
      911.,         1.69584E+02,        -2.22889E+01,        -2.00000E+02,         2.07579E+01,         7.48796E+01,         0.00000E+00
      912.,         1.57780E+02,        -4.57706E+01,        -2.00000E+02,         3.25567E+01,         7.20993E+01,         0.00000E+00
      913.,         1.45977E+02,        -6.92523E+01,        -2.00000E+02,         4.43464E+01,         6.92523E+01,         0.00000E+00
      914.,         1.34173E+02,        -9.27340E+01,        -2.00000E+02,         5.61358E+01,         6.65085E+01,         0.00000E+00
      915.,         1.22369E+02,        -1.16216E+02,        -2.00000E+02,         6.79334E+01,         6.37030E+01,         0.00000E+00
      916.,         1.69584E+02,        -2.22889E+01,        -1.75000E+02,         2.07604E+01,         7.48348E+01,         3.37122E-01
      917.,         1.57810E+02,        -4.57858E+01,        -1.75000E+02,         3.25605E+01,         7.21000E+01,         2.25609E-01
      918.,         1.46037E+02,        -6.92826E+01,        -1.75000E+02,         4.43535E+01,         6.92826E+01,        -1.43466E-03
      919.,         1.34263E+02,        -9.27794E+01,        -1.75000E+02,         5.61467E+01,         6.65308E+01,        -2.20553E-01
      920.,         1.22490E+02,        -1.16276E+02,        -1.75000E+02,         6.79457E+01,         6.37064E+01,        -3.29098E-01
      921.,         1.69584E+02,        -2.22889E+01,        -1.50000E+02,         2.07639E+01,         7.47870E+01,         6.00485E-01
      922.,         1.57840E+02,        -4.58009E+01,        -1.50000E+02,         3.25659E+01,         7.20913E+01,         6.30016E-01
      923.,         1.46097E+02,        -6.93129E+01,        -1.50000E+02,         4.43603E+01,         6.93129E+01,        -3.66817E-02
      924.,         1.34354E+02,        -9.28248E+01,        -1.50000E+02,         5.61560E+01,         6.65231E+01,        -6.30702E-01
      925.,         1.22610E+02,        -1.16337E+02,        -1.50000E+02,         6.79596E+01,         6.36972E+01,        -5.66404E-01
      926.,         1.64743E+02,        -3.20054E+01,        -1.33335E+02,         2.56436E+01,         7.36701E+01,         9.22200E-01
      927.,         1.55424E+02,        -5.06603E+01,        -1.33335E+02,         3.50064E+01,         7.15665E+01,         1.06497E+00
      928.,         1.46105E+02,        -6.93151E+01,        -1.33335E+02,         4.43602E+01,         6.93151E+01,        -1.38025E-01
      929.,         1.36786E+02,        -8.79699E+01,        -1.33335E+02,         5.37161E+01,         6.70736E+01,        -1.06926E+00
      930.,         1.27467E+02,        -1.06625E+02,        -1.33335E+02,         6.30828E+01,         6.48697E+01,        -8.43454E-01
      931.,         1.59906E+02,        -4.17154E+01,        -1.16665E+02,         3.05248E+01,         7.25461E+01,         1.94805E+00
      932.,         1.53009E+02,        -5.55163E+01,        -1.16665E+02,         3.74469E+01,         7.09014E+01,         1.81858E+00
      933.,         1.46113E+02,        -6.93172E+01,        -1.16665E+02,         4.43608E+01,         6.93172E+01,        -4.40968E-01
      934.,         1.39217E+02,        -8.31181E+01,        -1.16665E+02,         5.12779E+01,         6.77122E+01,        -1.83162E+00
      935.,         1.32321E+02,        -9.69189E+01,        -1.16665E+02,         5.82045E+01,         6.59998E+01,        -1.63933E+00
      936.,         1.55065E+02,        -5.14308E+01,        -1.00000E+02,         3.54180E+01,         6.80123E+01,         5.32824E+00
      937.,         1.50593E+02,        -6.03750E+01,        -1.00000E+02,         3.98888E+01,         6.82466E+01,         2.05170E+00
      938.,         1.46121E+02,        -6.93193E+01,        -1.00000E+02,         4.43594E+01,         6.93193E+01,        -8.15421E-01
      939.,         1.41649E+02,        -7.82636E+01,        -1.00000E+02,         4.88419E+01,         6.74126E+01,        -2.94720E+00
      940.,         1.37177E+02,        -8.72078E+01,        -1.00000E+02,         5.33249E+01,         6.63749E+01,        -3.83643E+00
      941.,         1.61164E+02,        -3.92085E+01,        -7.80566E+01,         2.93454E+01,         5.43283E+01,         1.25668E+01
      942.,         1.57294E+02,        -4.76631E+01,        -7.86898E+01,         3.35197E+01,         5.55258E+01,         7.17358E+00
      943.,         1.53425E+02,        -5.61177E+01,        -7.93231E+01,         3.77032E+01,         5.61177E+01,         2.67954E+00
      944.,         1.49555E+02,        -6.45723E+01,        -7.99563E+01,         4.18896E+01,         5.81478E+01,        -1.39023E+00
      945.,         1.45686E+02,        -7.30269E+01,        -8.05896E+01,         4.60836E+01,         5.92829E+01,        -4.86551E+00
      946.,         1.67226E+02,        -2.71205E+01,        -5.56956E+01,         2.33086E+01,         4.10933E+01,         1.51678E+01
      947.,         1.63739E+02,        -3.52504E+01,        -5.66452E+01,         2.72995E+01,         4.21686E+01,         1.09945E+01
      948.,         1.60251E+02,        -4.33804E+01,        -5.75949E+01,         3.12983E+01,         4.33804E+01,         6.64991E+00
      949.,         1.56764E+02,        -5.15103E+01,        -5.85446E+01,         3.53070E+01,         4.45197E+01,         2.22593E+00
      950.,         1.53277E+02,        -5.96403E+01,        -5.94942E+01,         3.93239E+01,         4.60247E+01,        -2.52651E+00
      951.,         1.73113E+02,        -1.55749E+01,        -3.29383E+01,         1.75059E+01,         2.99595E+01,         1.71585E+01
      952.,         1.69772E+02,        -2.35429E+01,        -3.39267E+01,         2.14178E+01,         3.06709E+01,         1.35740E+01
      953.,         1.66432E+02,        -3.15110E+01,        -3.49151E+01,         2.53409E+01,         3.15110E+01,         9.82534E+00
      954.,         1.63091E+02,        -3.94790E+01,        -3.59035E+01,         2.92781E+01,         3.24157E+01,         5.87853E+00
      955.,         1.59751E+02,        -4.74470E+01,        -3.68919E+01,         3.32301E+01,         3.33389E+01,         1.73753E+00
      956.,         1.78609E+02,        -4.84876E+00,        -9.56499E+00,         1.20782E+01,         2.00799E+01,         1.84078E+01
      957.,         1.75221E+02,        -1.28199E+01,        -1.03838E+01,         1.60178E+01,         2.03937E+01,         1.52987E+01
      958.,         1.71832E+02,        -2.07910E+01,        -1.12027E+01,         1.99695E+01,         2.07910E+01,         1.20442E+01
      959.,         1.68443E+02,        -2.87622E+01,        -1.20216E+01,         2.39391E+01,         2.12766E+01,         8.60461E+00
      960.,         1.65054E+02,        -3.67333E+01,        -1.28404E+01,         2.79299E+01,         2.18822E+01,         4.94078E+00
      961.,         1.83492E+02,         4.57602E+00,         1.43990E+01,         7.25919E+00,         1.18607E+01,         1.88391E+01
      962.,         1.79920E+02,        -3.52299E+00,         1.39042E+01,         1.13149E+01,         1.16929E+01,         1.61817E+01
      963.,         1.76347E+02,        -1.16220E+01,         1.34095E+01,         1.53800E+01,         1.16220E+01,         1.33868E+01
      964.,         1.72775E+02,        -1.97210E+01,         1.29147E+01,         1.94636E+01,         1.16041E+01,         1.04290E+01
      965.,         1.69202E+02,        -2.78200E+01,         1.24200E+01,         2.35747E+01,         1.16778E+01,         7.26288E+00
      966.,         1.87671E+02,         1.24430E+01,         3.88814E+01,         3.17603E+00,         5.20742E+00,         1.85847E+01
      967.,         1.83834E+02,         4.15077E+00,         3.87521E+01,         7.40892E+00,         4.62971E+00,         1.63434E+01
      968.,         1.79997E+02,        -4.14149E+00,         3.86227E+01,         1.16451E+01,         4.14149E+00,         1.39994E+01
      969.,         1.76160E+02,        -1.24337E+01,         3.84934E+01,         1.58975E+01,         3.68694E+00,         1.15278E+01
      970.,         1.72324E+02,        -2.07260E+01,         3.83640E+01,         2.01805E+01,         3.33095E+00,         8.90270E+00
      971.,         1.91162E+02,         1.87642E+01,         6.38755E+01,        -1.67735E-01,        -2.36209E-02,         1.77981E+01
      972.,         1.87011E+02,         1.02669E+01,         6.40572E+01,         4.27808E+00,        -9.41131E-01,         1.59784E+01
      973.,         1.82861E+02,         1.76966E+00,         6.42390E+01,         8.71912E+00,        -1.76966E+00,         1.40884E+01
      974.,         1.78711E+02,        -6.72761E+00,         6.44207E+01,         1.31707E+01,        -2.56030E+00,         1.21105E+01
      975.,         1.74560E+02,        -1.52249E+01,         6.46024E+01,         1.76528E+01,        -3.25883E+00,         1.00207E+01
      976.,         1.94052E+02,         2.34954E+01,         8.91794E+01,        -2.75876E+00,        -3.84135E+00,         1.66284E+01
      977.,         1.89566E+02,         1.48097E+01,         8.96114E+01,         1.92581E+00,        -5.02853E+00,         1.52426E+01
      978.,         1.85080E+02,         6.12397E+00,         9.00433E+01,         6.59696E+00,        -6.12397E+00,         1.38136E+01
      979.,         1.80594E+02,        -2.56176E+00,         9.04752E+01,         1.12719E+01,        -7.18316E+00,         1.23318E+01
      980.,         1.76108E+02,        -1.12475E+01,         9.09071E+01,         1.59755E+01,        -8.14433E+00,         1.07841E+01
      981.,         1.96384E+02,         2.66971E+01,         1.14738E+02,        -4.61189E+00,        -6.32958E+00,         1.52214E+01
      982.,         1.91559E+02,         1.78666E+01,         1.15350E+02,         3.22517E-01,        -7.72929E+00,         1.42769E+01
      983.,         1.86733E+02,         9.03610E+00,         1.15962E+02,         5.23653E+00,        -9.03610E+00,         1.33109E+01
      984.,         1.81908E+02,         2.05589E-01,         1.16574E+02,         1.01484E+01,        -1.02979E+01,         1.23238E+01
      985.,         1.77082E+02,        -8.62493E+00,         1.17186E+02,         1.50884E+01,        -1.14603E+01,         1.13142E+01
      986.,         1.98266E+02,         2.84105E+01,         1.40560E+02,        -5.74720E+00,        -7.53388E+00,         1.37033E+01
      987.,         1.93097E+02,         1.94967E+01,         1.41252E+02,        -5.53713E-01,        -9.10612E+00,         1.32010E+01
      988.,         1.87928E+02,         1.05829E+01,         1.41944E+02,         4.61116E+00,        -1.05829E+01,         1.26916E+01
      989.,         1.82760E+02,         1.66917E+00,         1.42636E+02,         9.76846E+00,        -1.20091E+01,         1.21853E+01
      990.,         1.77591E+02,        -7.24460E+00,         1.43328E+02,         1.49528E+01,        -1.33326E+01,         1.16932E+01
      991.,         1.99645E+02,         2.87648E+01,         1.66639E+02,        -6.17772E+00,        -7.57960E+00,         1.21939E+01
      992.,         1.94150E+02,         1.98396E+01,         1.67315E+02,        -7.33814E-01,        -9.29531E+00,         1.21201E+01
      993.,         1.88654E+02,         1.09144E+01,         1.67991E+02,         4.67635E+00,        -1.09144E+01,         1.20467E+01
      994.,         1.83159E+02,         1.98922E+00,         1.68667E+02,         1.00752E+01,        -1.24823E+01,         1.19922E+01
      995.,         1.77663E+02,        -6.93599E+00,         1.69343E+02,         1.55002E+01,        -1.39456E+01,         1.19787E+01
      996.,         2.00621E+02,         2.78214E+01,         1.92864E+02,        -5.92155E+00,        -6.51728E+00,         1.07956E+01
      997.,         1.94759E+02,         1.90098E+01,         1.93482E+02,        -2.48085E-01,        -8.40600E+00,         1.11214E+01
      998.,         1.88897E+02,         1.01983E+01,         1.94100E+02,         5.38036E+00,        -1.01983E+01,         1.14485E+01
      999.,         1.83035E+02,         1.38675E+00,         1.94717E+02,         1.09864E+01,        -1.19410E+01,         1.18025E+01
     1000.,         1.77173E+02,        -7.42478E+00,         1.95335E+02,         1.66064E+01,        -1.35792E+01,         1.22134E+01
     1001.,         2.01174E+02,         2.57284E+01,         2.19217E+02,        -5.00514E+00,        -4.48263E+00,         9.58686E+00
     1002.,         1.94966E+02,         1.71314E+01,         2.19719E+02,         8.67911E-01,        -6.55568E+00,         1.02694E+01
     1003.,         1.88759E+02,         8.53429E+00,         2.20220E+02,         6.68567E+00,        -8.53429E+00,         1.09479E+01
     1004.,         1.82552E+02,        -6.27771E-02,         2.20722E+02,         1.24693E+01,        -1.04686E+01,         1.16534E+01
     1005.,         1.76344E+02,        -8.65984E+00,         2.21224E+02,         1.82520E+01,        -1.23015E+01,         1.24222E+01
     1006.,         2.01319E+02,         2.26320E+01,         2.45636E+02,        -3.46282E+00,        -1.60838E+00,         8.62699E+00
     1007.,         1.94830E+02,         1.43317E+01,         2.45970E+02,         2.57307E+00,        -3.86448E+00,         9.60780E+00
     1008.,         1.88341E+02,         6.03137E+00,         2.46304E+02,         8.54931E+00,        -6.03137E+00,         1.05756E+01
     1009.,         1.81851E+02,        -2.26895E+00,         2.46638E+02,         1.44844E+01,        -8.16217E+00,         1.15651E+01
     1010.,         1.75362E+02,        -1.05693E+01,         2.46971E+02,         2.04072E+01,        -1.01962E+01,         1.26160E+01
     1011.,         2.01010E+02,         1.87792E+01,         2.71851E+02,        -1.36835E+00,         1.87098E+00,         7.95692E+00
     1012.,         1.94328E+02,         1.08335E+01,         2.72031E+02,         4.79020E+00,        -5.49678E-01,         9.16341E+00
     1013.,         1.87646E+02,         2.88789E+00,         2.72212E+02,         1.08909E+01,        -2.88789E+00,         1.03465E+01
     1014.,         1.80964E+02,        -5.05776E+00,         2.72392E+02,         1.69505E+01,        -5.19881E+00,         1.15436E+01
     1015.,         1.74281E+02,        -1.30034E+01,         2.72573E+02,         2.29951E+01,        -7.42160E+00,         1.27962E+01
     1016.,         2.00208E+02,         1.43971E+01,         2.97936E+02,         1.20537E+00,         5.73649E+00,         7.58334E+00
     1017.,         1.93446E+02,         6.84051E+00,         2.97977E+02,         7.44364E+00,         3.18959E+00,         8.93605E+00
     1018.,         1.86684E+02,        -7.16055E-01,         2.98018E+02,         1.36338E+01,         7.16055E-01,         1.02566E+01
     1019.,         1.79921E+02,        -8.27262E+00,         2.98059E+02,         1.97917E+01,        -1.73883E+00,         1.15832E+01
     1020.,         1.73159E+02,        -1.58292E+01,         2.98100E+02,         2.59408E+01,        -4.11482E+00,         1.29568E+01
     1021.,         1.98929E+02,         9.71681E+00,         3.23796E+02,         4.15564E+00,         9.76004E+00,         7.49426E+00
     1022.,         1.92216E+02,         2.55532E+00,         3.23730E+02,         1.04345E+01,         7.15145E+00,         8.91151E+00
     1023.,         1.85503E+02,        -4.60617E+00,         3.23664E+02,         1.66829E+01,         4.60617E+00,         1.02908E+01
     1024.,         1.78791E+02,        -1.17677E+01,         3.23598E+02,         2.29159E+01,         2.07109E+00,         1.16694E+01
     1025.,         1.72078E+02,        -1.89291E+01,         3.23532E+02,         2.91557E+01,        -3.97027E-01,         1.30877E+01
     1026.,         1.97303E+02,         4.86272E+00,         3.49444E+02,         7.38983E+00,         1.38232E+01,         7.65566E+00
     1027.,         1.90748E+02,        -1.89941E+00,         3.49331E+02,         1.36725E+01,         1.12153E+01,         9.05935E+00
     1028.,         1.84194E+02,        -8.66155E+00,         3.49218E+02,         1.99488E+01,         8.66155E+00,         1.04238E+01
     1029.,         1.77639E+02,        -1.54237E+01,         3.49104E+02,         2.62319E+01,         6.11112E+00,         1.17850E+01
     1030.,         1.71085E+02,        -2.21858E+01,         3.48991E+02,         3.25403E+01,         3.61793E+00,         1.31789E+01
     1031.,         1.95446E+02,        -4.11331E-02,         3.74872E+02,         1.07871E+01,         1.77911E+01,         8.01681E+00
     1032.,         1.89152E+02,        -6.40863E+00,         3.74778E+02,         1.70534E+01,         1.52607E+01,         9.33328E+00
     1033.,         1.82859E+02,        -1.27761E+01,         3.74685E+02,         2.33234E+01,         1.27761E+01,         1.06270E+01
     1034.,         1.76566E+02,        -1.91436E+01,         3.74592E+02,         2.96143E+01,         1.02841E+01,         1.19175E+01
     1035.,         1.70273E+02,        -2.55111E+01,         3.74498E+02,         3.59561E+01,         7.83903E+00,         1.32249E+01
     1036.,         1.93405E+02,        -4.79661E+00,         4.00000E+02,         1.44337E+01,         2.14866E+01,         8.46806E+00
     1037.,         1.87497E+02,        -1.08129E+01,         4.00000E+02,         2.05502E+01,         1.91333E+01,         9.67611E+00
     1038.,         1.81590E+02,        -1.68292E+01,         4.00000E+02,         2.65847E+01,         1.68292E+01,         1.08550E+01
     1039.,         1.75682E+02,        -2.28455E+01,         4.00000E+02,         3.26619E+01,         1.45075E+01,         1.20334E+01
     1040.,         1.69774E+02,        -2.88618E+01,         4.00000E+02,         3.89098E+01,         1.22415E+01,         1.32417E+01
     1041.,         1.94330E+02,        -3.47280E+01,        -2.00000E+02,         2.37565E+01,         8.73200E+01,         0.00000E+00
     1042.,         1.82526E+02,        -5.82097E+01,        -2.00000E+02,         3.55609E+01,         8.45392E+01,         0.00000E+00
     1043.,         1.70723E+02,        -8.16914E+01,        -2.00000E+02,         4.73672E+01,         8.16914E+01,         0.00000E+00
     1044.,         1.58919E+02,        -1.05173E+02,        -2.00000E+02,         5.91727E+01,         7.89479E+01,         0.00000E+00
     1045.,         1.47116E+02,        -1.28655E+02,        -2.00000E+02,         7.09762E+01,         7.61427E+01,         0.00000E+00
     1046.,         1.94330E+02,        -3.47280E+01,        -1.75000E+02,         2.37635E+01,         8.72723E+01,         3.43968E-01
     1047.,         1.82552E+02,        -5.82227E+01,        -1.75000E+02,         3.55700E+01,         8.45365E+01,         2.28101E-01
     1048.,         1.70774E+02,        -8.17173E+01,        -1.75000E+02,         4.73809E+01,         8.17173E+01,         2.23692E-04
     1049.,         1.58997E+02,        -1.05212E+02,        -1.75000E+02,         5.91885E+01,         7.89633E+01,        -2.20112E-01
     1050.,         1.47219E+02,        -1.28707E+02,        -1.75000E+02,         7.09934E+01,         7.61352E+01,        -3.32830E-01
     1051.,         1.94330E+02,        -3.47280E+01,        -1.50000E+02,         2.37789E+01,         8.72170E+01,         6.12981E-01
     1052.,         1.82578E+02,        -5.82357E+01,        -1.50000E+02,         3.55926E+01,         8.45176E+01,         6.36654E-01
     1053.,         1.70826E+02,        -8.17433E+01,        -1.50000E+02,         4.74115E+01,         8.17433E+01,        -3.08905E-02
     1054.,         1.59074E+02,        -1.05251E+02,        -1.50000E+02,         5.92178E+01,         7.89422E+01,        -6.28739E-01
     1055.,         1.47322E+02,        -1.28759E+02,        -1.50000E+02,         7.10127E+01,         7.61113E+01,        -5.72885E-01
     1056.,         1.88611E+02,        -4.39834E+01,        -1.33335E+02,         2.85601E+01,         8.56490E+01,         9.34606E-01
     1057.,         1.79286E+02,        -6.26355E+01,        -1.33335E+02,         3.79397E+01,         8.35399E+01,         1.07223E+00
     1058.,         1.69961E+02,        -8.12875E+01,        -1.33335E+02,         4.73231E+01,         8.12875E+01,        -1.26447E-01
     1059.,         1.60637E+02,        -9.99395E+01,        -1.33335E+02,         5.66869E+01,         7.90458E+01,        -1.06233E+00
     1060.,         1.51312E+02,        -1.18591E+02,        -1.33335E+02,         6.60311E+01,         7.68385E+01,        -8.48079E-01
     1061.,         1.82895E+02,        -5.32329E+01,        -1.16666E+02,         3.33487E+01,         8.40669E+01,         1.95418E+00
     1062.,         1.75996E+02,        -6.70323E+01,        -1.16666E+02,         4.02911E+01,         8.24210E+01,         1.82222E+00
     1063.,         1.69097E+02,        -8.08316E+01,        -1.16666E+02,         4.72476E+01,         8.08316E+01,        -4.17324E-01
     1064.,         1.62198E+02,        -9.46309E+01,        -1.16665E+02,         5.41722E+01,         7.92286E+01,        -1.81167E+00
     1065.,         1.55299E+02,        -1.08430E+02,        -1.16665E+02,         6.10686E+01,         7.75181E+01,        -1.63801E+00
     1066.,         1.77177E+02,        -6.24865E+01,        -1.00000E+02,         3.81301E+01,         7.91263E+01,         5.30208E+00
     1067.,         1.72705E+02,        -7.14308E+01,        -1.00000E+02,         4.26630E+01,         7.93345E+01,         2.06464E+00
     1068.,         1.68233E+02,        -8.03750E+01,        -1.00000E+02,         4.71820E+01,         8.03750E+01,        -7.75103E-01
     1069.,         1.63760E+02,        -8.93193E+01,        -1.00000E+02,         5.16844E+01,         7.84698E+01,        -2.90347E+00
     1070.,         1.59288E+02,        -9.82636E+01,        -1.00000E+02,         5.61377E+01,         7.74263E+01,        -3.81345E+00
     1071.,         1.83510E+02,        -5.04413E+01,        -7.80261E+01,         3.18681E+01,         6.57771E+01,         1.24990E+01
     1072.,         1.79461E+02,        -5.88724E+01,        -7.86302E+01,         3.62716E+01,         6.68420E+01,         7.13268E+00
     1073.,         1.75413E+02,        -6.73035E+01,        -7.92343E+01,         4.06286E+01,         6.73035E+01,         2.66643E+00
     1074.,         1.71364E+02,        -7.57347E+01,        -7.98384E+01,         4.49280E+01,         6.91953E+01,        -1.38794E+00
     1075.,         1.67316E+02,        -8.41658E+01,        -8.04425E+01,         4.91666E+01,         7.01993E+01,        -4.87816E+00
     1076.,         1.89901E+02,        -3.85679E+01,        -5.55626E+01,         2.55889E+01,         5.29013E+01,         1.50744E+01
     1077.,         1.86067E+02,        -4.66765E+01,        -5.64655E+01,         2.99682E+01,         5.37770E+01,         1.08955E+01
     1078.,         1.82234E+02,        -5.47851E+01,        -5.73683E+01,         3.43022E+01,         5.47851E+01,         6.55192E+00
     1079.,         1.78401E+02,        -6.28937E+01,        -5.82711E+01,         3.85860E+01,         5.57249E+01,         2.12983E+00
     1080.,         1.74567E+02,        -7.10023E+01,        -5.91740E+01,         4.28038E+01,         5.70230E+01,        -2.63879E+00
     1081.,         1.96198E+02,        -2.73459E+01,        -3.27252E+01,         1.94887E+01,         4.22515E+01,         1.69928E+01
     1082.,         1.92367E+02,        -3.52982E+01,        -3.36239E+01,         2.39646E+01,         4.26895E+01,         1.33922E+01
     1083.,         1.88537E+02,        -4.32505E+01,        -3.45226E+01,         2.84052E+01,         4.32505E+01,         9.62714E+00
     1084.,         1.84707E+02,        -5.12029E+01,        -3.54214E+01,         3.28016E+01,         4.38799E+01,         5.66201E+00
     1085.,         1.80877E+02,        -5.91552E+01,        -3.63201E+01,         3.71439E+01,         4.45237E+01,         1.49673E+00
     1086.,         2.02073E+02,        -1.69930E+01,        -9.28451E+00,         1.37131E+01,         3.29059E+01,         1.81464E+01
     1087.,         1.98101E+02,        -2.49873E+01,        -9.97426E+00,         1.84179E+01,         3.29053E+01,         1.50154E+01
     1088.,         1.94130E+02,        -3.29816E+01,        -1.06640E+01,         2.31010E+01,         3.29816E+01,         1.17419E+01
     1089.,         1.90158E+02,        -4.09758E+01,        -1.13538E+01,         2.77582E+01,         3.31531E+01,         8.28452E+00
     1090.,         1.86186E+02,        -4.89701E+01,        -1.20435E+01,         3.23788E+01,         3.34370E+01,         4.60154E+00
     1091.,         2.07522E+02,        -8.07772E+00,         1.48240E+01,         8.55402E+00,         2.53475E+01,         1.84648E+01
     1092.,         2.03231E+02,        -1.62371E+01,         1.44277E+01,         1.35978E+01,         2.48274E+01,         1.57939E+01
     1093.,         1.98940E+02,        -2.43965E+01,         1.40315E+01,         1.86310E+01,         2.43965E+01,         1.29874E+01
     1094.,         1.94649E+02,        -3.25559E+01,         1.36352E+01,         2.36595E+01,         2.40367E+01,         1.00216E+01
     1095.,         1.90358E+02,        -4.07154E+01,         1.32390E+01,         2.86839E+01,         2.37598E+01,         6.85209E+00
     1096.,         2.12352E+02,        -8.35715E-01,         3.95147E+01,         4.19614E+00,         1.94529E+01,         1.80840E+01
     1097.,         2.07649E+02,        -9.19733E+00,         3.94242E+01,         9.63160E+00,         1.84664E+01,         1.58548E+01
     1098.,         2.02946E+02,        -1.75589E+01,         3.93337E+01,         1.50643E+01,         1.75589E+01,         1.35236E+01
     1099.,         1.98243E+02,        -2.59206E+01,         3.92432E+01,         2.05121E+01,         1.67203E+01,         1.10681E+01
     1100.,         1.93540E+02,        -3.42822E+01,         3.91527E+01,         2.59909E+01,         1.59691E+01,         8.46605E+00
     1101.,         2.16335E+02,         4.85176E+00,         6.47144E+01,         6.67350E-01,         1.49582E+01,         1.71706E+01
     1102.,         2.11208E+02,        -3.71621E+00,         6.48622E+01,         6.50813E+00,         1.35831E+01,         1.53982E+01
     1103.,         2.06082E+02,        -1.22842E+01,         6.50100E+01,         1.23484E+01,         1.22842E+01,         1.35551E+01
     1104.,         2.00956E+02,        -2.08521E+01,         6.51578E+01,         1.82216E+01,         1.10700E+01,         1.16277E+01
     1105.,         1.95829E+02,        -2.94201E+01,         6.53056E+01,         2.41618E+01,         9.93654E+00,         9.59776E+00
     1106.,         2.19621E+02,         8.86010E+00,         9.00722E+01,        -1.96549E+00,         1.19345E+01,         1.58858E+01
     1107.,         2.14048E+02,         1.45563E-01,         9.04364E+01,         4.26509E+00,         1.02143E+01,         1.45847E+01
     1108.,         2.08474E+02,        -8.56898E+00,         9.08006E+01,         1.04930E+01,         8.56898E+00,         1.32411E+01
     1109.,         2.02901E+02,        -1.72835E+01,         9.11648E+01,         1.67652E+01,         7.01690E+00,         1.18501E+01
     1110.,         1.97327E+02,        -2.59981E+01,         9.15290E+01,         2.31340E+01,         5.54935E+00,         1.04055E+01
     1111.,         2.21903E+02,         1.15175E+01,         1.15529E+02,        -3.74933E+00,         1.00197E+01,         1.44002E+01
     1112.,         2.15960E+02,         2.67778E+00,         1.16078E+02,         2.83394E+00,         8.05186E+00,         1.35714E+01
     1113.,         2.10017E+02,        -6.16192E+00,         1.16626E+02,         9.41461E+00,         6.16192E+00,         1.27245E+01
     1114.,         2.04074E+02,        -1.50016E+01,         1.17175E+02,         1.60530E+01,         4.37250E+00,         1.18650E+01
     1115.,         1.98131E+02,        -2.38413E+01,         1.17724E+02,         2.28175E+01,         2.67171E+00,         1.09999E+01
     1116.,         2.23505E+02,         1.27616E+01,         1.41251E+02,        -4.69370E+00,         9.29504E+00,         1.28293E+01
     1117.,         2.17223E+02,         3.85288E+00,         1.41894E+02,         2.20527E+00,         7.13562E+00,         1.24698E+01
     1118.,         2.10942E+02,        -5.05585E+00,         1.42537E+02,         9.10351E+00,         5.05585E+00,         1.21100E+01
     1119.,         2.04660E+02,        -1.39646E+01,         1.43179E+02,         1.60696E+01,         3.08582E+00,         1.17651E+01
     1120.,         1.98379E+02,        -2.28733E+01,         1.43822E+02,         2.31839E+01,         1.20692E+00,         1.14535E+01
     1121.,         2.24439E+02,         1.26943E+01,         1.67283E+02,        -4.82164E+00,         9.65372E+00,         1.12890E+01
     1122.,         2.17852E+02,         3.79334E+00,         1.67915E+02,         2.34487E+00,         7.33983E+00,         1.13835E+01
     1123.,         2.11265E+02,        -5.10761E+00,         1.68548E+02,         9.51154E+00,         5.10761E+00,         1.14876E+01
     1124.,         2.04679E+02,        -1.40086E+01,         1.69180E+02,         1.67504E+01,         2.98566E+00,         1.16243E+01
     1125.,         1.98092E+02,        -2.29095E+01,         1.69812E+02,         2.41484E+01,         9.55733E-01,         1.18214E+01
     1126.,         2.24829E+02,         1.13457E+01,         1.93487E+02,        -4.14648E+00,         1.10801E+01,         9.88191E+00
     1127.,         2.17917E+02,         2.59436E+00,         1.94064E+02,         3.21938E+00,         8.57822E+00,         1.03985E+01
     1128.,         2.11004E+02,        -6.15695E+00,         1.94640E+02,         1.05784E+01,         6.15695E+00,         1.09276E+01
     1129.,         2.04092E+02,        -1.49082E+01,         1.95217E+02,         1.80001E+01,         3.84267E+00,         1.14983E+01
     1130.,         1.97180E+02,        -2.36595E+01,         1.95793E+02,         2.55689E+01,         1.61893E+00,         1.21446E+01
     1131.,         2.24661E+02,         8.88135E+00,         2.19805E+02,        -2.71532E+00,         1.34252E+01,         8.68819E+00
     1132.,         2.17458E+02,         3.87040E-01,         2.20267E+02,         4.78209E+00,         1.07266E+01,         9.57923E+00
     1133.,         2.10256E+02,        -8.10727E+00,         2.20730E+02,         1.22632E+01,         8.10727E+00,         1.04792E+01
     1134.,         2.03053E+02,        -1.66016E+01,         2.21192E+02,         1.97920E+01,         5.58642E+00,         1.14216E+01
     1135.,         1.95851E+02,        -2.50959E+01,         2.21654E+02,         2.74441E+01,         3.15183E+00,         1.24451E+01
     1136.,         2.23956E+02,         5.46903E+00,         2.46131E+02,        -5.87009E-01,         1.65417E+01,         7.76624E+00
     1137.,         2.16545E+02,        -2.69968E+00,         2.46439E+02,         6.98029E+00,         1.36675E+01,         8.96890E+00
     1138.,         2.09134E+02,        -1.08684E+01,         2.46747E+02,         1.45264E+01,         1.08684E+01,         1.01724E+01
     1139.,         2.01723E+02,        -1.90371E+01,         2.47055E+02,         2.21067E+01,         8.15529E+00,         1.14136E+01
     1140.,         1.94312E+02,        -2.72058E+01,         2.47363E+02,         2.97866E+01,         5.52216E+00,         1.27339E+01
     1141.,         2.22832E+02,         1.23839E+00,         2.72287E+02,         2.17241E+00,         2.03219E+01,         7.14746E+00
     1142.,         2.15285E+02,        -6.53852E+00,         2.72445E+02,         9.75132E+00,         1.72841E+01,         8.58824E+00
     1143.,         2.07739E+02,        -1.43154E+01,         2.72603E+02,         1.73079E+01,         1.43154E+01,         1.00198E+01
     1144.,         2.00193E+02,        -2.20923E+01,         2.72761E+02,         2.48878E+01,         1.14205E+01,         1.14809E+01
     1145.,         1.92646E+02,        -2.98693E+01,         2.72919E+02,         3.25449E+01,         8.59706E+00,         1.30148E+01
     1146.,         2.21195E+02,        -3.51274E+00,         2.98293E+02,         5.45637E+00,         2.44772E+01,         6.83922E+00
     1147.,         2.13631E+02,        -1.08837E+01,         2.98321E+02,         1.29968E+01,         2.13349E+01,         8.43843E+00
     1148.,         2.06067E+02,        -1.82546E+01,         2.98349E+02,         2.05230E+01,         1.82546E+01,         1.00191E+01
     1149.,         1.98504E+02,        -2.56255E+01,         2.98377E+02,         2.80702E+01,         1.52340E+01,         1.16204E+01
     1150.,         1.90940E+02,        -3.29965E+01,         2.98405E+02,         3.56808E+01,         1.22772E+01,         1.32853E+01
     1151.,         2.19101E+02,        -8.57961E+00,         3.24062E+02,         9.15251E+00,         2.88152E+01,         6.82687E+00
     1152.,         2.11643E+02,        -1.55534E+01,         3.23993E+02,         1.66170E+01,         2.56447E+01,         8.50411E+00
     1153.,         2.04185E+02,        -2.25272E+01,         3.23923E+02,         2.40813E+01,         2.25272E+01,         1.01555E+01
     1154.,         1.96727E+02,        -2.95009E+01,         3.23854E+02,         3.15732E+01,         1.94556E+01,         1.18197E+01
     1155.,         1.89270E+02,        -3.64747E+01,         3.23784E+02,         3.91244E+01,         1.64400E+01,         1.35377E+01
     1156.,         2.16645E+02,        -1.38271E+01,         3.49622E+02,         1.31677E+01,         3.32079E+01,         7.07771E+00
     1157.,         2.09403E+02,        -2.04186E+01,         3.49511E+02,         2.05241E+01,         3.00860E+01,         8.75718E+00
     1158.,         2.02161E+02,        -2.70101E+01,         3.49400E+02,         2.79012E+01,         2.70101E+01,         1.04057E+01
     1159.,         1.94919E+02,        -3.36016E+01,         3.49288E+02,         3.53181E+01,         2.39688E+01,         1.20617E+01
     1160.,         1.87677E+02,        -4.01931E+01,         3.49177E+02,         4.27980E+01,         2.09754E+01,         1.37645E+01
     1161.,         2.13965E+02,        -1.91731E+01,         3.74973E+02,         1.74080E+01,         3.75708E+01,         7.54726E+00
     1162.,         2.07038E+02,        -2.54011E+01,         3.74878E+02,         2.46448E+01,         3.45821E+01,         9.15339E+00
     1163.,         2.00111E+02,        -3.16292E+01,         3.74783E+02,         3.19088E+01,         3.16292E+01,         1.07404E+01
     1164.,         1.93184E+02,        -3.78572E+01,         3.74688E+02,         3.92190E+01,         2.87023E+01,         1.23309E+01
     1165.,         1.86257E+02,        -4.40852E+01,         3.74593E+02,         4.66050E+01,         2.58122E+01,         1.39483E+01
     1166.,         2.11121E+02,        -2.44181E+01,         4.00000E+02,         2.19280E+01,         4.17109E+01,         8.14324E+00
     1167.,         2.04615E+02,        -3.03319E+01,         4.00000E+02,         2.89466E+01,         3.89521E+01,         9.63997E+00
     1168.,         1.98109E+02,        -3.62458E+01,         4.00000E+02,         3.59311E+01,         3.62458E+01,         1.11059E+01
     1169.,         1.91603E+02,        -4.21596E+01,         4.00000E+02,         4.29788E+01,         3.35254E+01,         1.25765E+01
     1170.,         1.85097E+02,        -4.80734E+01,         4.00000E+02,         5.01868E+01,         3.08605E+01,         1.40848E+01
     1171.,         2.19076E+02,        -4.71671E+01,        -2.00000E+02,         2.67455E+01,         9.97585E+01,         0.00000E+00
     1172.,         2.07272E+02,        -7.06488E+01,        -2.00000E+02,         3.85560E+01,         9.69763E+01,         0.00000E+00
     1173.,         1.95469E+02,        -9.41305E+01,        -2.00000E+02,         5.03789E+01,         9.41305E+01,         0.00000E+00
     1174.,         1.83665E+02,        -1.17612E+02,        -2.00000E+02,         6.22003E+01,         9.13859E+01,         0.00000E+00
     1175.,         1.71862E+02,        -1.41094E+02,        -2.00000E+02,         7.40089E+01,         8.85808E+01,         0.00000E+00
     1176.,         2.19076E+02,        -4.71671E+01,        -1.75000E+02,         2.67564E+01,         9.97089E+01,         3.43309E-01
     1177.,         2.07294E+02,        -7.06596E+01,        -1.75000E+02,         3.85696E+01,         9.69704E+01,         2.28413E-01
     1178.,         1.95512E+02,        -9.41521E+01,        -1.75000E+02,         5.03979E+01,         9.41521E+01,         9.52938E-03
     1179.,         1.83730E+02,        -1.17645E+02,        -1.75000E+02,         6.22206E+01,         9.13953E+01,        -2.04953E-01
     1180.,         1.71948E+02,        -1.41137E+02,        -1.75000E+02,         7.40300E+01,         8.85658E+01,        -3.18377E-01
     1181.,         2.19076E+02,        -4.71671E+01,        -1.50000E+02,         2.67840E+01,         9.96482E+01,         6.11473E-01
     1182.,         2.07315E+02,        -7.06704E+01,        -1.50000E+02,         3.86072E+01,         9.69414E+01,         6.36434E-01
     1183.,         1.95555E+02,        -9.41737E+01,        -1.50000E+02,         5.04494E+01,         9.41737E+01,        -3.05104E-03
     1184.,         1.83794E+02,        -1.17677E+02,        -1.50000E+02,         6.22679E+01,         9.13644E+01,        -5.88583E-01
     1185.,         1.72034E+02,        -1.41180E+02,        -1.50000E+02,         7.40552E+01,         8.85304E+01,        -5.48642E-01
     1186.,         2.12479E+02,        -5.59613E+01,        -1.33335E+02,         3.14675E+01,         9.76307E+01,         9.29793E-01
     1187.,         2.03148E+02,        -7.46106E+01,        -1.33335E+02,         4.08596E+01,         9.55102E+01,         1.07117E+00
     1188.,         1.93818E+02,        -9.32600E+01,        -1.33335E+02,         5.02714E+01,         9.32600E+01,        -7.59253E-02
     1189.,         1.84487E+02,        -1.11909E+02,        -1.33334E+02,         5.96460E+01,         9.10226E+01,        -9.96393E-01
     1190.,         1.75156E+02,        -1.30559E+02,        -1.33334E+02,         6.89716E+01,         8.88111E+01,        -8.10123E-01
     1191.,         2.05884E+02,        -6.47511E+01,        -1.16667E+02,         3.61639E+01,         9.55934E+01,         1.92685E+00
     1192.,         1.98982E+02,        -7.85486E+01,        -1.16666E+02,         4.31206E+01,         9.39462E+01,         1.81677E+00
     1193.,         1.92080E+02,        -9.23462E+01,        -1.16666E+02,         5.01192E+01,         9.23462E+01,        -3.25036E-01
     1194.,         1.85179E+02,        -1.06144E+02,        -1.16666E+02,         5.70552E+01,         9.07477E+01,        -1.70064E+00
     1195.,         1.78277E+02,        -1.19941E+02,        -1.16665E+02,         6.39245E+01,         8.90401E+01,        -1.56818E+00
     1196.,         1.99288E+02,        -7.35422E+01,        -1.00000E+02,         4.08267E+01,         9.03764E+01,         5.18347E+00
     1197.,         1.94816E+02,        -8.24865E+01,        -1.00000E+02,         4.54199E+01,         9.04946E+01,         2.10225E+00
     1198.,         1.90344E+02,        -9.14308E+01,        -1.00000E+02,         4.99898E+01,         9.14308E+01,        -6.29377E-01
     1199.,         1.85872E+02,        -1.00375E+02,        -1.00000E+02,         5.45163E+01,         8.95333E+01,        -2.71834E+00
     1200.,         1.81400E+02,        -1.09319E+02,        -1.00000E+02,         5.89451E+01,         8.84757E+01,        -3.66619E+00
     1201.,         2.05642E+02,        -6.20238E+01,        -7.78001E+01,         3.45442E+01,         7.77490E+01,         1.21334E+01
     1202.,         2.01426E+02,        -7.04054E+01,        -7.83536E+01,         3.91718E+01,         7.85618E+01,         6.93786E+00
     1203.,         1.97211E+02,        -7.87870E+01,        -7.89071E+01,         4.36968E+01,         7.87870E+01,         2.63009E+00
     1204.,         1.92995E+02,        -8.71686E+01,        -7.94606E+01,         4.81063E+01,         8.04120E+01,        -1.30840E+00
     1205.,         1.88780E+02,        -9.55503E+01,        -8.00141E+01,         5.23865E+01,         8.11909E+01,        -4.77456E+00
     1206.,         2.12120E+02,        -5.07991E+01,        -5.51946E+01,         2.82471E+01,         6.56854E+01,         1.45212E+01
     1207.,         2.07950E+02,        -5.88308E+01,        -5.59748E+01,         3.30051E+01,         6.62126E+01,         1.04599E+01
     1208.,         2.03780E+02,        -6.68624E+01,        -5.67549E+01,         3.76663E+01,         6.68624E+01,         6.25769E+00
     1209.,         1.99610E+02,        -7.48940E+01,        -5.75350E+01,         4.22200E+01,         6.74462E+01,         1.97939E+00
     1210.,         1.95440E+02,        -8.29257E+01,        -5.83151E+01,         4.66376E+01,         6.83680E+01,        -2.67769E+00
     1211.,         2.18458E+02,        -4.02008E+01,        -3.21390E+01,         2.20517E+01,         5.58403E+01,         1.62367E+01
     1212.,         2.14173E+02,        -4.81218E+01,        -3.28695E+01,         2.71076E+01,         5.58855E+01,         1.27345E+01
     1213.,         2.09887E+02,        -5.60428E+01,        -3.35999E+01,         3.20846E+01,         5.60428E+01,         9.07807E+00
     1214.,         2.05602E+02,        -6.39638E+01,        -3.43304E+01,         3.69679E+01,         5.62631E+01,         5.23187E+00
     1215.,         2.01316E+02,        -7.18848E+01,        -3.50608E+01,         4.17402E+01,         5.64942E+01,         1.18764E+00
     1216.,         2.24503E+02,        -3.06156E+01,        -8.50270E+00,         1.61828E+01,         4.74484E+01,         1.72005E+01
     1217.,         2.19959E+02,        -3.86613E+01,        -9.02080E+00,         2.17040E+01,         4.70448E+01,         1.41472E+01
     1218.,         2.15415E+02,        -4.67070E+01,        -9.53890E+00,         2.71757E+01,         4.67070E+01,         1.09683E+01
     1219.,         2.10871E+02,        -5.47528E+01,        -1.00570E+01,         3.25914E+01,         4.64648E+01,         7.62399E+00
     1220.,         2.06327E+02,        -6.27985E+01,        -1.05751E+01,         3.79351E+01,         4.63225E+01,         4.07100E+00
     1221.,         2.30179E+02,        -2.26261E+01,         1.57425E+01,         1.10020E+01,         4.09527E+01,         1.73524E+01
     1222.,         2.25189E+02,        -3.08910E+01,         1.55013E+01,         1.70988E+01,         4.00149E+01,         1.47575E+01
     1223.,         2.20199E+02,        -3.91559E+01,         1.52601E+01,         2.31755E+01,         3.91559E+01,         1.20470E+01
     1224.,         2.15209E+02,        -4.74208E+01,         1.50189E+01,         2.92434E+01,         3.83787E+01,         9.20421E+00
     1225.,         2.10220E+02,        -5.56857E+01,         1.47777E+01,         3.53077E+01,         3.76732E+01,         6.19300E+00
     1226.,         2.35205E+02,        -1.63468E+01,         4.05767E+01,         6.70144E+00,         3.61158E+01,         1.68512E+01
     1227.,         2.29685E+02,        -2.48386E+01,         4.05885E+01,         1.34050E+01,         3.46880E+01,         1.47132E+01
     1228.,         2.24166E+02,        -3.33305E+01,         4.06003E+01,         2.01152E+01,         3.33305E+01,         1.24929E+01
     1229.,         2.18647E+02,        -4.18224E+01,         4.06121E+01,         2.68636E+01,         3.20712E+01,         1.01775E+01
     1230.,         2.13128E+02,        -5.03143E+01,         4.06239E+01,         3.36826E+01,         3.08896E+01,         7.75693E+00
     1231.,         2.39529E+02,        -1.17928E+01,         6.58864E+01,         3.36243E+00,         3.28178E+01,         1.58568E+01
     1232.,         2.33430E+02,        -2.04404E+01,         6.60726E+01,         1.06438E+01,         3.09203E+01,         1.42046E+01
     1233.,         2.27331E+02,        -2.90880E+01,         6.62588E+01,         1.79504E+01,         2.90880E+01,         1.24984E+01
     1234.,         2.21233E+02,        -3.77356E+01,         6.64450E+01,         2.53327E+01,         2.73894E+01,         1.07352E+01
     1235.,         2.15134E+02,        -4.63832E+01,         6.66312E+01,         3.28504E+01,         2.57628E+01,         8.90961E+00
     1236.,         2.43069E+02,        -8.89152E+00,         9.14856E+01,         1.02006E+00,         3.09354E+01,         1.45350E+01
     1237.,         2.36379E+02,        -1.75965E+01,         9.17875E+01,         8.81822E+00,         2.85882E+01,         1.33908E+01
     1238.,         2.29689E+02,        -2.63015E+01,         9.20893E+01,         1.66497E+01,         2.63015E+01,         1.22162E+01
     1239.,         2.22999E+02,        -3.50065E+01,         9.23912E+01,         2.45805E+01,         2.41767E+01,         1.10156E+01
     1240.,         2.16309E+02,        -4.37114E+01,         9.26930E+01,         3.26930E+01,         2.21257E+01,         9.79481E+00
     1241.,         2.45501E+02,        -7.26847E+00,         1.17094E+02,        -3.91464E-01,         3.00572E+01,         1.30722E+01
     1242.,         2.38307E+02,        -1.59757E+01,         1.17508E+02,         7.83669E+00,         2.73413E+01,         1.24306E+01
     1243.,         2.31113E+02,        -2.46829E+01,         1.17921E+02,         1.61024E+01,         2.46829E+01,         1.17802E+01
     1244.,         2.23919E+02,        -3.33901E+01,         1.18334E+02,         2.44828E+01,         2.22102E+01,         1.11331E+01
     1245.,         2.16725E+02,        -4.20973E+01,         1.18747E+02,         3.30768E+01,         1.98108E+01,         1.05050E+01
     1246.,         2.46577E+02,        -6.46446E+00,         1.42662E+02,        -1.00567E+00,         2.97355E+01,         1.16119E+01
     1247.,         2.39071E+02,        -1.52300E+01,         1.43185E+02,         7.57685E+00,         2.68344E+01,         1.14483E+01
     1248.,         2.31565E+02,        -2.39956E+01,         1.43708E+02,         1.62101E+01,         2.39956E+01,         1.12931E+01
     1249.,         2.24059E+02,        -3.27612E+01,         1.44232E+02,         2.49806E+01,         2.13471E+01,         1.11668E+01
     1250.,         2.16552E+02,        -4.15267E+01,         1.44755E+02,         3.39994E+01,         1.87772E+01,         1.10939E+01
     1251.,         2.46939E+02,        -6.89265E+00,         1.68600E+02,        -7.45366E-01,         3.04120E+01,         1.02042E+01
     1252.,         2.39163E+02,        -1.56303E+01,         1.69100E+02,         8.10625E+00,         2.73575E+01,         1.05003E+01
     1253.,         2.31387E+02,        -2.43680E+01,         1.69599E+02,         1.70144E+01,         2.43680E+01,         1.08148E+01
     1254.,         2.23611E+02,        -3.31057E+01,         1.70099E+02,         2.60686E+01,         2.15675E+01,         1.11730E+01
     1255.,         2.15835E+02,        -4.18434E+01,         1.70598E+02,         3.53832E+01,         1.88490E+01,         1.16051E+01
     1256.,         2.46675E+02,        -8.51787E+00,         1.94706E+02,         3.71743E-01,         3.20620E+01,         8.94190E+00
     1257.,         2.38627E+02,        -1.70719E+01,         1.95150E+02,         9.38100E+00,         2.88120E+01,         9.66297E+00
     1258.,         2.30578E+02,        -2.56259E+01,         1.95595E+02,         1.84401E+01,         2.56259E+01,         1.04054E+01
     1259.,         2.22530E+02,        -3.41800E+01,         1.96040E+02,         2.76341E+01,         2.26217E+01,         1.11982E+01
     1260.,         2.14482E+02,        -4.27340E+01,         1.96484E+02,         3.70717E+01,         1.96962E+01,         1.20746E+01
     1261.,         2.45799E+02,        -1.11899E+01,         2.20894E+02,         2.28751E+00,         3.45545E+01,         7.89784E+00
     1262.,         2.37532E+02,        -1.94582E+01,         2.21233E+02,         1.13580E+01,         3.11092E+01,         8.99261E+00
     1263.,         2.29264E+02,        -2.77265E+01,         2.21573E+02,         2.04667E+01,         2.77265E+01,         1.01054E+01
     1264.,         2.20997E+02,        -3.59948E+01,         2.21912E+02,         2.96902E+01,         2.45091E+01,         1.12681E+01
     1265.,         2.12729E+02,        -4.42630E+01,         2.22251E+02,         3.91259E+01,         2.13651E+01,         1.25167E+01
     1266.,         2.44354E+02,        -1.47397E+01,         2.47028E+02,         4.92410E+00,         3.77471E+01,         7.12344E+00
     1267.,         2.35950E+02,        -2.26613E+01,         2.47238E+02,         1.39758E+01,         3.41342E+01,         8.52661E+00
     1268.,         2.27547E+02,        -3.05828E+01,         2.47448E+02,         2.30544E+01,         3.05828E+01,         9.94057E+00
     1269.,         2.19144E+02,        -3.85043E+01,         2.47658E+02,         3.22271E+01,         2.71748E+01,         1.13994E+01
     1270.,         2.10741E+02,        -4.64258E+01,         2.47868E+02,         4.15764E+01,         2.38356E+01,         1.29405E+01
     1271.,         2.42454E+02,        -1.90613E+01,         2.72994E+02,         8.21833E+00,         4.15555E+01,         6.64207E+00
     1272.,         2.33992E+02,        -2.65806E+01,         2.73078E+02,         1.71783E+01,         3.77990E+01,         8.28056E+00
     1273.,         2.25531E+02,        -3.40998E+01,         2.73162E+02,         2.61572E+01,         3.40998E+01,         9.92107E+00
     1274.,         2.17070E+02,        -4.16191E+01,         2.73247E+02,         3.52104E+01,         3.05232E+01,         1.15987E+01
     1275.,         2.08609E+02,        -4.91384E+01,         2.73331E+02,         4.44049E+01,         2.70082E+01,         1.33517E+01
     1276.,         2.40050E+02,        -2.38847E+01,         2.98839E+02,         1.20540E+01,         4.57221E+01,         6.45559E+00
     1277.,         2.31642E+02,        -3.10009E+01,         2.98818E+02,         2.08696E+01,         4.18937E+01,         8.25396E+00
     1278.,         2.23234E+02,        -3.81171E+01,         2.98796E+02,         2.97041E+01,         3.81171E+01,         1.00455E+01
     1279.,         2.14825E+02,        -4.52333E+01,         2.98775E+02,         3.86014E+01,         3.44409E+01,         1.18658E+01
     1280.,         2.06417E+02,        -5.23494E+01,         2.98753E+02,         4.76129E+01,         3.08201E+01,         1.37524E+01
     1281.,         2.37218E+02,        -2.90377E+01,         3.24462E+02,         1.63249E+01,         5.00911E+01,         6.54915E+00
     1282.,         2.28980E+02,        -3.57776E+01,         3.24364E+02,         2.49632E+01,         4.62809E+01,         8.43266E+00
     1283.,         2.20742E+02,        -4.25175E+01,         3.24266E+02,         3.36282E+01,         4.25175E+01,         1.03019E+01
     1284.,         2.12504E+02,        -4.92574E+01,         3.24168E+02,         4.23530E+01,         3.88332E+01,         1.21913E+01
     1285.,         2.04266E+02,        -5.59972E+01,         3.24070E+02,         5.11767E+01,         3.51967E+01,         1.41378E+01
     1286.,         2.34055E+02,        -3.44134E+01,         3.49880E+02,         2.09521E+01,         5.45657E+01,         6.89309E+00
     1287.,         2.26090E+02,        -4.08070E+01,         3.49756E+02,         2.93899E+01,         5.08619E+01,         8.79283E+00
     1288.,         2.18125E+02,        -4.72005E+01,         3.49631E+02,         3.78693E+01,         4.72005E+01,         1.06697E+01
     1289.,         2.10161E+02,        -5.35941E+01,         3.49507E+02,         4.64125E+01,         4.35996E+01,         1.25602E+01
     1290.,         2.02196E+02,        -5.99877E+01,         3.49382E+02,         5.50480E+01,         4.00419E+01,         1.45024E+01
     1291.,         2.30672E+02,        -3.99266E+01,         3.75096E+02,         2.58576E+01,         5.90689E+01,         7.45346E+00
     1292.,         2.23072E+02,        -4.60043E+01,         3.74997E+02,         3.40913E+01,         5.55604E+01,         9.29490E+00
     1293.,         2.15471E+02,        -5.20819E+01,         3.74898E+02,         4.23696E+01,         5.20819E+01,         1.11214E+01
     1294.,         2.07871E+02,        -5.81596E+01,         3.74800E+02,         5.07133E+01,         4.86591E+01,         1.29553E+01
     1295.,         2.00270E+02,        -6.42373E+01,         3.74701E+02,         5.91540E+01,         4.52651E+01,         1.48201E+01
     1296.,         2.27155E+02,        -4.54314E+01,         4.00000E+02,         3.10933E+01,         6.34288E+01,         8.17017E+00
     1297.,         2.20003E+02,        -5.12349E+01,         4.00000E+02,         3.90534E+01,         6.02031E+01,         9.90411E+00
     1298.,         2.12850E+02,        -5.70385E+01,         4.00000E+02,         4.70195E+01,         5.70385E+01,         1.16086E+01
     1299.,         2.05698E+02,        -6.28421E+01,         4.00000E+02,         5.50641E+01,         5.38523E+01,         1.33211E+01
     1300.,         1.98545E+02,        -6.86457E+01,         4.00000E+02,         6.32590E+01,         5.07251E+01,         1.50744E+01
     1301.,         2.43822E+02,        -5.96062E+01,        -2.00000E+02,         2.97182E+01,         1.12197E+02,         0.00000E+00
     1302.,         2.32018E+02,        -8.30879E+01,        -2.00000E+02,         4.15353E+01,         1.09412E+02,         0.00000E+00
     1303.,         2.20215E+02,        -1.06570E+02,        -2.00000E+02,         5.33744E+01,         1.06570E+02,         0.00000E+00
     1304.,         2.08411E+02,        -1.30051E+02,        -2.00000E+02,         6.52109E+01,         1.03821E+02,         0.00000E+00
     1305.,         1.96608E+02,        -1.53533E+02,        -2.00000E+02,         7.70233E+01,         1.01016E+02,         0.00000E+00
     1306.,         2.43822E+02,        -5.96062E+01,        -1.75000E+02,         2.97316E+01,         1.12147E+02,         3.27876E-01
     1307.,         2.32035E+02,        -8.30965E+01,        -1.75000E+02,         4.15519E+01,         1.09403E+02,         2.18610E-01
     1308.,         2.20249E+02,        -1.06587E+02,        -1.75000E+02,         5.33964E+01,         1.06587E+02,         1.77657E-02
     1309.,         2.08463E+02,        -1.30077E+02,        -1.75000E+02,         6.52338E+01,         1.03825E+02,        -1.82398E-01
     1310.,         1.96676E+02,        -1.53568E+02,        -1.75000E+02,         7.70476E+01,         1.00995E+02,        -2.92386E-01
     1311.,         2.43822E+02,        -5.96062E+01,        -1.50000E+02,         2.97712E+01,         1.12083E+02,         5.83125E-01
     1312.,         2.32053E+02,        -8.31052E+01,        -1.50000E+02,         4.15990E+01,         1.09366E+02,         6.10405E-01
     1313.,         2.20283E+02,        -1.06604E+02,        -1.50000E+02,         5.34621E+01,         1.06604E+02,         2.67522E-02
     1314.,         2.08514E+02,        -1.30103E+02,        -1.50000E+02,         6.52963E+01,         1.03787E+02,        -5.24560E-01
     1315.,         1.96745E+02,        -1.53602E+02,        -1.50000E+02,         7.70791E+01,         1.00951E+02,        -5.03938E-01
     1316.,         2.36347E+02,        -6.79389E+01,        -1.33335E+02,         3.43577E+01,         1.09616E+02,         8.90926E-01
     1317.,         2.27010E+02,        -8.65859E+01,        -1.33334E+02,         4.37536E+01,         1.07479E+02,         1.03603E+00
     1318.,         2.17674E+02,        -1.05233E+02,        -1.33334E+02,         5.31915E+01,         1.05233E+02,        -1.27753E-02
     1319.,         2.08337E+02,        -1.23880E+02,        -1.33334E+02,         6.25831E+01,         1.03002E+02,        -8.88817E-01
     1320.,         1.99000E+02,        -1.42527E+02,        -1.33333E+02,         7.18951E+01,         1.00785E+02,        -7.41661E-01
     1321.,         2.28873E+02,        -7.62690E+01,        -1.16668E+02,         3.89604E+01,         1.07124E+02,         1.83944E+00
     1322.,         2.21969E+02,        -9.00649E+01,        -1.16667E+02,         4.59197E+01,         1.05477E+02,         1.76486E+00
     1323.,         2.15064E+02,        -1.03861E+02,        -1.16667E+02,         5.29602E+01,         1.03861E+02,        -1.96211E-01
     1324.,         2.08160E+02,        -1.17657E+02,        -1.16666E+02,         5.99151E+01,         1.02268E+02,        -1.51774E+00
     1325.,         2.01255E+02,        -1.31452E+02,        -1.16665E+02,         6.67640E+01,         1.00564E+02,        -1.44066E+00
     1326.,         2.21400E+02,        -8.45979E+01,        -1.00000E+02,         4.34916E+01,         1.01762E+02,         4.91822E+00
     1327.,         2.16928E+02,        -9.35422E+01,        -1.00000E+02,         4.81409E+01,         1.01729E+02,         2.11648E+00
     1328.,         2.12456E+02,        -1.02486E+02,        -1.00000E+02,         5.27667E+01,         1.02486E+02,        -4.15889E-01
     1329.,         2.07983E+02,        -1.11431E+02,        -1.00000E+02,         5.73278E+01,         1.00609E+02,        -2.41229E+00
     1330.,         2.03511E+02,        -1.20375E+02,        -1.00000E+02,         6.17419E+01,         9.95343E+01,        -3.39854E+00
     1331.,         2.27507E+02,        -7.40339E+01,        -7.73156E+01,         3.73942E+01,         9.02337E+01,         1.13402E+01
     1332.,         2.23141E+02,        -8.23114E+01,        -7.78275E+01,         4.22332E+01,         9.06909E+01,         6.50378E+00
     1333.,         2.18774E+02,        -9.05889E+01,        -7.83394E+01,         4.69130E+01,         9.05889E+01,         2.51470E+00
     1334.,         2.14407E+02,        -9.88664E+01,        -7.88513E+01,         5.14263E+01,         9.18310E+01,        -1.17172E+00
     1335.,         2.10040E+02,        -1.07144E+02,        -7.93631E+01,         5.57444E+01,         9.23049E+01,        -4.52562E+00
     1336.,         2.33714E+02,        -6.38264E+01,        -5.42943E+01,         3.13193E+01,         7.92718E+01,         1.33618E+01
     1337.,         2.29279E+02,        -7.17311E+01,        -5.49913E+01,         3.64445E+01,         7.94013E+01,         9.58539E+00
     1338.,         2.24844E+02,        -7.96358E+01,        -5.56883E+01,         4.14252E+01,         7.96358E+01,         5.70842E+00
     1339.,         2.20409E+02,        -8.75405E+01,        -5.63853E+01,         4.62498E+01,         7.98070E+01,         1.76122E+00
     1340.,         2.15974E+02,        -9.54452E+01,        -5.70824E+01,         5.08804E+01,         8.02804E+01,        -2.58697E+00
     1341.,         2.39812E+02,        -5.43334E+01,        -3.08712E+01,         2.53691E+01,         7.06356E+01,         1.47284E+01
     1342.,         2.35153E+02,        -6.21649E+01,        -3.15073E+01,         3.09931E+01,         7.02708E+01,         1.14910E+01
     1343.,         2.30495E+02,        -6.99964E+01,        -3.21434E+01,         3.64990E+01,         6.99964E+01,         8.12640E+00
     1344.,         2.25837E+02,        -7.78279E+01,        -3.27795E+01,         4.18777E+01,         6.97894E+01,         4.60112E+00
     1345.,         2.21179E+02,        -8.56594E+01,        -3.34156E+01,         4.71119E+01,         6.95832E+01,         9.02338E-01
     1346.,         2.45714E+02,        -4.60635E+01,        -6.98932E+00,         1.98493E+01,         6.36329E+01,         1.54058E+01
     1347.,         2.40673E+02,        -5.40518E+01,        -7.41679E+00,         2.61505E+01,         6.28147E+01,         1.25965E+01
     1348.,         2.35633E+02,        -6.20402E+01,        -7.84426E+00,         3.23810E+01,         6.20402E+01,         9.69936E+00
     1349.,         2.30592E+02,        -7.00285E+01,        -8.27174E+00,         3.85443E+01,         6.13743E+01,         6.67956E+00
     1350.,         2.25552E+02,        -7.80168E+01,        -8.69921E+00,         4.46349E+01,         6.07839E+01,         3.50053E+00
     1351.,         2.51236E+02,        -3.94996E+01,         1.74296E+01,         1.51434E+01,         5.85547E+01,         1.53659E+01
     1352.,         2.45638E+02,        -4.77076E+01,         1.72487E+01,         2.22154E+01,         5.72071E+01,         1.30092E+01
     1353.,         2.40039E+02,        -5.59155E+01,         1.70679E+01,         2.92672E+01,         5.59155E+01,         1.05794E+01
     1354.,         2.34440E+02,        -6.41234E+01,         1.68871E+01,         3.63241E+01,         5.47343E+01,         8.06972E+00
     1355.,         2.28841E+02,        -7.23314E+01,         1.67063E+01,         4.34135E+01,         5.36023E+01,         5.46065E+00
     1356.,         2.56032E+02,        -3.46339E+01,         4.23429E+01,         1.14238E+01,         5.50594E+01,         1.47924E+01
     1357.,         2.49816E+02,        -4.30271E+01,         4.23693E+01,         1.92549E+01,         5.32142E+01,         1.28952E+01
     1358.,         2.43600E+02,        -5.14203E+01,         4.23957E+01,         2.71125E+01,         5.14203E+01,         1.09576E+01
     1359.,         2.37383E+02,        -5.98135E+01,         4.24221E+01,         3.50445E+01,         4.97672E+01,         8.97765E+00
     1360.,         2.31167E+02,        -6.82067E+01,         4.24484E+01,         4.31093E+01,         4.81751E+01,         6.96165E+00
     1361.,         2.60029E+02,        -3.14143E+01,         6.76346E+01,         8.75060E+00,         5.29849E+01,         1.38405E+01
     1362.,         2.53179E+02,        -3.98905E+01,         6.77958E+01,         1.72628E+01,         5.06495E+01,         1.24315E+01
     1363.,         2.46329E+02,        -4.83668E+01,         6.79570E+01,         2.58363E+01,         4.83668E+01,         1.10077E+01
     1364.,         2.39478E+02,        -5.68430E+01,         6.81182E+01,         3.45386E+01,         4.62605E+01,         9.57420E+00
     1365.,         2.32628E+02,        -6.53193E+01,         6.82793E+01,         4.34561E+01,         4.42157E+01,         8.14016E+00
     1366.,         2.63168E+02,        -2.97256E+01,         9.31403E+01,         7.13142E+00,         5.21862E+01,         1.26627E+01
     1367.,         2.55691E+02,        -3.81490E+01,         9.34031E+01,         1.62072E+01,         4.93517E+01,         1.17612E+01
     1368.,         2.48214E+02,        -4.65723E+01,         9.36659E+01,         2.53630E+01,         4.65723E+01,         1.08627E+01
     1369.,         2.40736E+02,        -5.49957E+01,         9.39287E+01,         3.46809E+01,         4.39887E+01,         9.97715E+00
     1370.,         2.33259E+02,        -6.34190E+01,         9.41915E+01,         4.42680E+01,         4.14727E+01,         9.12035E+00
     1371.,         2.65379E+02,        -2.93429E+01,         1.18767E+02,         6.50538E+00,         5.24378E+01,         1.14067E+01
     1372.,         2.57323E+02,        -3.75952E+01,         1.19098E+02,         1.60085E+01,         4.91144E+01,         1.10076E+01
     1373.,         2.49268E+02,        -4.58474E+01,         1.19430E+02,         2.55959E+01,         4.58474E+01,         1.06246E+01
     1374.,         2.41212E+02,        -5.40996E+01,         1.19762E+02,         3.53561E+01,         4.27885E+01,         1.02716E+01
     1375.,         2.33156E+02,        -6.23519E+01,         1.20093E+02,         4.54077E+01,         3.97965E+01,         9.96787E+00
     1376.,         2.65989E+02,        -2.91213E+01,         1.44565E+02,         6.41259E+00,         5.26352E+01,         1.02265E+01
     1377.,         2.57625E+02,        -3.73910E+01,         1.44882E+02,         1.62867E+01,         4.91185E+01,         1.02932E+01
     1378.,         2.49261E+02,        -4.56606E+01,         1.45198E+02,         2.62620E+01,         4.56606E+01,         1.03839E+01
     1379.,         2.40896E+02,        -5.39303E+01,         1.45515E+02,         3.64317E+01,         4.24191E+01,         1.05180E+01
     1380.,         2.32532E+02,        -6.21999E+01,         1.45831E+02,         4.69196E+01,         3.92495E+01,         1.07191E+01
     1381.,         2.65823E+02,        -2.99420E+01,         1.70469E+02,         7.15867E+00,         5.36598E+01,         9.12707E+00
     1382.,         2.57198E+02,        -3.81272E+01,         1.70735E+02,         1.72766E+01,         4.99561E+01,         9.63251E+00
     1383.,         2.48573E+02,        -4.63125E+01,         1.71002E+02,         2.75013E+01,         4.63125E+01,         1.01661E+01
     1384.,         2.39948E+02,        -5.44977E+01,         1.71268E+02,         3.79236E+01,         4.28846E+01,         1.07504E+01
     1385.,         2.31323E+02,        -6.26829E+01,         1.71534E+02,         4.86667E+01,         3.95286E+01,         1.14112E+01
     1386.,         2.64971E+02,        -3.17598E+01,         1.96430E+02,         8.70985E+00,         5.54825E+01,         8.17405E+00
     1387.,         2.56108E+02,        -3.97196E+01,         1.96641E+02,         1.89339E+01,         5.15517E+01,         9.07941E+00
     1388.,         2.47246E+02,        -4.76794E+01,         1.96851E+02,         2.92530E+01,         4.76794E+01,         1.00118E+01
     1389.,         2.38383E+02,        -5.56392E+01,         1.97062E+02,         3.97544E+01,         4.40124E+01,         1.09964E+01
     1390.,         2.29521E+02,        -6.35990E+01,         1.97272E+02,         5.05536E+01,         4.04139E+01,         1.20609E+01
     1391.,         2.63508E+02,        -3.45050E+01,         2.22437E+02,         1.10293E+01,         5.80479E+01,         7.42026E+00
     1392.,         2.54479E+02,        -4.21632E+01,         2.22556E+02,         2.12526E+01,         5.39080E+01,         8.67170E+00
     1393.,         2.45449E+02,        -4.98214E+01,         2.22675E+02,         3.15542E+01,         4.98214E+01,         9.94627E+00
     1394.,         2.36420E+02,        -5.74796E+01,         2.22794E+02,         4.20121E+01,         4.59251E+01,         1.12700E+01
     1395.,         2.27390E+02,        -6.51378E+01,         2.22913E+02,         5.27334E+01,         4.20900E+01,         1.26716E+01
     1396.,         2.61514E+02,        -3.80329E+01,         2.48212E+02,         1.40341E+01,         6.12323E+01,         6.90417E+00
     1397.,         2.52397E+02,        -4.53456E+01,         2.48261E+02,         2.41703E+01,         5.69206E+01,         8.43805E+00
     1398.,         2.43280E+02,        -5.26582E+01,         2.48310E+02,         3.43664E+01,         5.26582E+01,         9.98875E+00
     1399.,         2.34163E+02,        -5.99709E+01,         2.48358E+02,         4.46928E+01,         4.85669E+01,         1.15838E+01
     1400.,         2.25046E+02,        -6.72835E+01,         2.48407E+02,         5.52414E+01,         4.45308E+01,         1.32520E+01
     1401.,         2.58996E+02,        -4.21732E+01,         2.73918E+02,         1.76453E+01,         6.48793E+01,         6.63671E+00
     1402.,         2.49887E+02,        -4.91224E+01,         2.73878E+02,         2.76219E+01,         6.04531E+01,         8.38722E+00
     1403.,         2.40778E+02,        -5.60715E+01,         2.73838E+02,         3.76443E+01,         5.60715E+01,         1.01473E+01
     1404.,         2.31669E+02,        -6.30207E+01,         2.73798E+02,         4.77728E+01,         5.18405E+01,         1.19448E+01
     1405.,         2.22560E+02,        -6.99699E+01,         2.73758E+02,         5.80847E+01,         4.76582E+01,         1.38091E+01
     1406.,         2.56015E+02,        -4.68036E+01,         2.99538E+02,         2.17947E+01,         6.88774E+01,         6.61763E+00
     1407.,         2.47011E+02,        -5.33954E+01,         2.99433E+02,         3.15598E+01,         6.44124E+01,         8.51854E+00
     1408.,         2.38006E+02,        -5.99873E+01,         2.99329E+02,         4.13638E+01,         5.99873E+01,         1.04218E+01
     1409.,         2.29002E+02,        -6.65792E+01,         2.99224E+02,         5.12555E+01,         5.56921E+01,         1.23552E+01
     1410.,         2.19998E+02,        -7.31710E+01,         2.99120E+02,         6.12980E+01,         5.14403E+01,         1.43478E+01
     1411.,         2.52623E+02,        -5.17401E+01,         3.24952E+02,         2.63704E+01,         7.30571E+01,         6.83265E+00
     1412.,         2.43834E+02,        -5.80229E+01,         3.24807E+02,         3.59024E+01,         6.86629E+01,         8.81980E+00
     1413.,         2.35046E+02,        -6.43056E+01,         3.24662E+02,         4.54732E+01,         6.43056E+01,         1.08031E+01
     1414.,         2.26257E+02,        -7.05883E+01,         3.24517E+02,         5.51245E+01,         6.00569E+01,         1.28094E+01
     1415.,         2.17469E+02,        -7.68711E+01,         3.24372E+02,         6.49048E+01,         5.58458E+01,         1.48668E+01
     1416.,         2.48923E+02,        -5.69375E+01,         3.50179E+02,         3.13344E+01,         7.73826E+01,         7.25874E+00
     1417.,         2.40441E+02,        -6.29485E+01,         3.50036E+02,         4.06167E+01,         7.31537E+01,         9.27506E+00
     1418.,         2.31960E+02,        -6.89594E+01,         3.49893E+02,         4.99467E+01,         6.89594E+01,         1.12772E+01
     1419.,         2.23478E+02,        -7.49703E+01,         3.49750E+02,         5.93557E+01,         6.48516E+01,         1.32963E+01
     1420.,         2.14996E+02,        -8.09813E+01,         3.49606E+02,         6.88811E+01,         6.07798E+01,         1.53634E+01
     1421.,         2.45046E+02,        -6.23989E+01,         3.75221E+02,         3.66723E+01,         8.18708E+01,         7.88035E+00
     1422.,         2.36947E+02,        -6.81581E+01,         3.75120E+02,         4.56983E+01,         7.78829E+01,         9.85725E+00
     1423.,         2.28849E+02,        -7.39174E+01,         3.75019E+02,         5.47723E+01,         7.39174E+01,         1.18241E+01
     1424.,         2.20750E+02,        -7.96766E+01,         3.74918E+02,         6.39235E+01,         7.00382E+01,         1.38005E+01
     1425.,         2.12651E+02,        -8.54358E+01,         3.74817E+02,         7.31886E+01,         6.61784E+01,         1.58064E+01
     1426.,         2.41028E+02,        -6.79290E+01,         4.00000E+02,         4.23703E+01,         8.62771E+01,         8.67528E+00
     1427.,         2.33386E+02,        -7.34827E+01,         4.00000E+02,         5.11043E+01,         8.26245E+01,         1.05555E+01
     1428.,         2.25745E+02,        -7.90364E+01,         4.00000E+02,         5.98674E+01,         7.90364E+01,         1.24085E+01
     1429.,         2.18103E+02,        -8.45901E+01,         4.00000E+02,         6.87175E+01,         7.54291E+01,         1.42716E+01
     1430.,         2.10462E+02,        -9.01438E+01,         4.00000E+02,         7.77079E+01,         7.18811E+01,         1.61747E+01
     1431.,         2.68568E+02,        -7.20453E+01,        -2.00000E+02,         3.26746E+01,         1.24636E+02,         0.00000E+00
     1432.,         2.56764E+02,        -9.55270E+01,        -2.00000E+02,         4.44989E+01,         1.21847E+02,         0.00000E+00
     1433.,         2.44961E+02,        -1.19009E+02,        -2.00000E+02,         5.63527E+01,         1.19009E+02,         0.00000E+00
     1434.,         2.33157E+02,        -1.42490E+02,        -2.00000E+02,         6.82034E+01,         1.16252E+02,         0.00000E+00
     1435.,         2.21354E+02,        -1.65972E+02,        -2.00000E+02,         8.00192E+01,         1.13446E+02,         0.00000E+00
     1436.,         2.68568E+02,        -7.20453E+01,        -1.75000E+02,         3.26890E+01,         1.24588E+02,         2.90153E-01
     1437.,         2.56777E+02,        -9.55335E+01,        -1.75000E+02,         4.45164E+01,         1.21836E+02,         1.89824E-01
     1438.,         2.44986E+02,        -1.19022E+02,        -1.75000E+02,         5.63752E+01,         1.19022E+02,         1.40536E-02
     1439.,         2.33196E+02,        -1.42510E+02,        -1.75000E+02,         6.82273E+01,         1.16252E+02,        -1.62143E-01
     1440.,         2.21405E+02,        -1.65998E+02,        -1.75000E+02,         8.00441E+01,         1.13421E+02,        -2.63786E-01
     1441.,         2.68568E+02,        -7.20453E+01,        -1.50000E+02,         3.27398E+01,         1.24523E+02,         5.14837E-01
     1442.,         2.56790E+02,        -9.55400E+01,        -1.50000E+02,         4.45668E+01,         1.21792E+02,         5.35036E-01
     1443.,         2.45012E+02,        -1.19035E+02,        -1.50000E+02,         5.64451E+01,         1.19035E+02,         2.99184E-02
     1444.,         2.33235E+02,        -1.42529E+02,        -1.50000E+02,         6.82971E+01,         1.16207E+02,        -4.58951E-01
     1445.,         2.21457E+02,        -1.66024E+02,        -1.50000E+02,         8.00803E+01,         1.13371E+02,        -4.54610E-01
     1446.,         2.60215E+02,        -7.99165E+01,        -1.33334E+02,         3.72268E+01,         1.21605E+02,         7.94230E-01
     1447.,         2.50872E+02,        -9.85609E+01,        -1.33334E+02,         4.66150E+01,         1.19447E+02,         9.27049E-01
     1448.,         2.41530E+02,        -1.17205E+02,        -1.33334E+02,         5.60734E+01,         1.17205E+02,         2.22933E-02
     1449.,         2.32187E+02,        -1.35850E+02,        -1.33333E+02,         6.54876E+01,         1.14980E+02,        -7.66991E-01
     1450.,         2.22845E+02,        -1.54494E+02,        -1.33333E+02,         7.47951E+01,         1.12759E+02,        -6.60705E-01
     1451.,         2.51863E+02,        -8.77861E+01,        -1.16668E+02,         4.17317E+01,         1.18657E+02,         1.65595E+00
     1452.,         2.44955E+02,        -1.01580E+02,        -1.16667E+02,         4.86768E+01,         1.17010E+02,         1.60970E+00
     1453.,         2.38048E+02,        -1.15375E+02,        -1.16667E+02,         5.57565E+01,         1.15375E+02,        -8.38187E-02
     1454.,         2.31141E+02,        -1.29169E+02,        -1.16666E+02,         6.27402E+01,         1.13785E+02,        -1.29632E+00
     1455.,         2.24233E+02,        -1.42963E+02,        -1.16666E+02,         6.95782E+01,         1.12089E+02,        -1.27763E+00
     1456.,         2.43511E+02,        -9.56537E+01,        -1.00000E+02,         4.61165E+01,         1.13273E+02,         4.41925E+00
     1457.,         2.39039E+02,        -1.04598E+02,        -1.00000E+02,         5.08112E+01,         1.13039E+02,         2.02849E+00
     1458.,         2.34567E+02,        -1.13542E+02,        -1.00000E+02,         5.54968E+01,         1.13542E+02,        -2.02016E-01
     1459.,         2.30095E+02,        -1.22486E+02,        -1.00000E+02,         6.01016E+01,         1.11709E+02,        -2.02872E+00
     1460.,         2.25623E+02,        -1.31431E+02,        -1.00000E+02,         6.45169E+01,         1.10612E+02,        -3.02211E+00
     1461.,         2.48921E+02,        -8.65984E+01,        -7.66425E+01,         4.05301E+01,         1.03228E+02,         9.94452E+00
     1462.,         2.44488E+02,        -9.47087E+01,        -7.71354E+01,         4.55280E+01,         1.03278E+02,         5.70254E+00
     1463.,         2.40055E+02,        -1.02819E+02,        -7.76282E+01,         5.03270E+01,         1.02819E+02,         2.22508E+00
     1464.,         2.35622E+02,        -1.10929E+02,        -7.81211E+01,         5.49226E+01,         1.03606E+02,        -1.02950E+00
     1465.,         2.31190E+02,        -1.19039E+02,        -7.86140E+01,         5.92700E+01,         1.03734E+02,        -4.11177E+00
     1466.,         2.54367E+02,        -7.78964E+01,        -5.30226E+01,         3.50665E+01,         9.36716E+01,         1.14242E+01
     1467.,         2.49825E+02,        -8.55724E+01,        -5.36959E+01,         4.04627E+01,         9.34204E+01,         8.13746E+00
     1468.,         2.45283E+02,        -9.32485E+01,        -5.43692E+01,         4.56907E+01,         9.32485E+01,         4.80735E+00
     1469.,         2.40742E+02,        -1.00925E+02,        -5.50425E+01,         5.07319E+01,         9.30205E+01,         1.42337E+00
     1470.,         2.36200E+02,        -1.08601E+02,        -5.57157E+01,         5.55424E+01,         9.30314E+01,        -2.34297E+00
     1471.,         2.59887E+02,        -7.01488E+01,        -2.91505E+01,         2.99099E+01,         8.66675E+01,         1.23090E+01
     1472.,         2.55042E+02,        -7.77062E+01,        -2.97628E+01,         3.59375E+01,         8.59378E+01,         9.54828E+00
     1473.,         2.50197E+02,        -8.52636E+01,        -3.03751E+01,         4.18319E+01,         8.52636E+01,         6.70609E+00
     1474.,         2.45352E+02,        -9.28210E+01,        -3.09874E+01,         4.75898E+01,         8.46622E+01,         3.76001E+00
     1475.,         2.40507E+02,        -1.00378E+02,        -3.15996E+01,         5.31979E+01,         8.40386E+01,         7.02051E-01
     1476.,         2.65205E+02,        -6.37576E+01,        -4.95408E+00,         2.53689E+01,         8.13778E+01,         1.26567E+01
     1477.,         2.59886E+02,        -7.14068E+01,        -5.37246E+00,         3.21944E+01,         8.02072E+01,         1.03038E+01
     1478.,         2.54566E+02,        -7.90561E+01,        -5.79083E+00,         3.89514E+01,         7.90561E+01,         7.92079E+00
     1479.,         2.49247E+02,        -8.67053E+01,        -6.20921E+00,         4.56504E+01,         7.80107E+01,         5.48339E+00
     1480.,         2.43927E+02,        -9.43546E+01,        -6.62759E+00,         5.23002E+01,         7.70065E+01,         2.96970E+00
     1481.,         2.70005E+02,        -5.90022E+01,         1.96767E+01,         2.17716E+01,         7.78554E+01,         1.24815E+01
     1482.,         2.64084E+02,        -6.67992E+01,         1.94599E+01,         2.94648E+01,         7.62044E+01,         1.05616E+01
     1483.,         2.58164E+02,        -7.45962E+01,         1.92431E+01,         3.71518E+01,         7.45962E+01,         8.62887E+00
     1484.,         2.52244E+02,        -8.23931E+01,         1.90263E+01,         4.48676E+01,         7.30866E+01,         6.68618E+00
     1485.,         2.46324E+02,        -9.01901E+01,         1.88094E+01,         5.26525E+01,         7.16058E+01,         4.73195E+00
     1486.,         2.74032E+02,        -5.58477E+01,         4.46434E+01,         1.92525E+01,         7.57782E+01,         1.19584E+01
     1487.,         2.67478E+02,        -6.37182E+01,         4.45736E+01,         2.77463E+01,         7.36589E+01,         1.04788E+01
     1488.,         2.60925E+02,        -7.15887E+01,         4.45038E+01,         3.62879E+01,         7.15887E+01,         9.01192E+00
     1489.,         2.54371E+02,        -7.94592E+01,         4.44340E+01,         4.49308E+01,         6.96337E+01,         7.56306E+00
     1490.,         2.47817E+02,        -8.73298E+01,         4.43642E+01,         5.37398E+01,         6.77271E+01,         6.14856E+00
     1491.,         2.77176E+02,        -5.40679E+01,         6.98970E+01,         1.77577E+01,         7.48628E+01,         1.12292E+01
     1492.,         2.70012E+02,        -6.19048E+01,         6.99370E+01,         2.69311E+01,         7.22725E+01,         1.02079E+01
     1493.,         2.62848E+02,        -6.97418E+01,         6.99770E+01,         3.61914E+01,         6.97418E+01,         9.21482E+00
     1494.,         2.55684E+02,        -7.75788E+01,         7.00170E+01,         4.56052E+01,         6.73404E+01,         8.25935E+00
     1495.,         2.48519E+02,        -8.54157E+01,         7.00570E+01,         5.52562E+01,         6.49947E+01,         7.35626E+00
     1496.,         2.79469E+02,        -5.35955E+01,         9.52686E+01,         1.72757E+01,         7.50308E+01,         1.04048E+01
     1497.,         2.71729E+02,        -6.12681E+01,         9.54008E+01,         2.69753E+01,         7.19509E+01,         9.84702E+00
     1498.,         2.63989E+02,        -6.89406E+01,         9.55331E+01,         3.67816E+01,         6.89406E+01,         9.32586E+00
     1499.,         2.56248E+02,        -7.66132E+01,         9.56654E+01,         4.67708E+01,         6.60519E+01,         8.85161E+00
     1500.,         2.48508E+02,        -8.42857E+01,         9.57977E+01,         5.70359E+01,         6.32329E+01,         8.44056E+00
     1501.,         2.80782E+02,        -5.39738E+01,         1.20895E+02,         1.75801E+01,         7.58648E+01,         9.60094E+00
     1502.,         2.72551E+02,        -6.14283E+01,         1.21052E+02,         2.76676E+01,         7.23343E+01,         9.48977E+00
     1503.,         2.64321E+02,        -6.88828E+01,         1.21209E+02,         3.78673E+01,         6.88828E+01,         9.41823E+00
     1504.,         2.56090E+02,        -7.63372E+01,         1.21366E+02,         4.82596E+01,         6.55392E+01,         9.39761E+00
     1505.,         2.47859E+02,        -8.37917E+01,         1.21523E+02,         5.89438E+01,         6.22715E+01,         9.44344E+00
     1506.,         2.80890E+02,        -5.44942E+01,         1.46746E+02,         1.82684E+01,         7.67109E+01,         8.89430E+00
     1507.,         2.72352E+02,        -6.18734E+01,         1.46848E+02,         2.86882E+01,         7.29417E+01,         9.19449E+00
     1508.,         2.63814E+02,        -6.92526E+01,         1.46950E+02,         3.92318E+01,         6.92526E+01,         9.53370E+00
     1509.,         2.55275E+02,        -7.66319E+01,         1.47052E+02,         4.99789E+01,         6.56758E+01,         9.92603E+00
     1510.,         2.46737E+02,        -8.40111E+01,         1.47154E+02,         6.10285E+01,         6.21774E+01,         1.03878E+01
     1511.,         2.80217E+02,        -5.57097E+01,         1.72540E+02,         1.95804E+01,         7.81021E+01,         8.27663E+00
     1512.,         2.71412E+02,        -6.29156E+01,         1.72579E+02,         3.01882E+01,         7.40725E+01,         8.95950E+00
     1513.,         2.62607E+02,        -7.01214E+01,         1.72619E+02,         4.09149E+01,         7.01214E+01,         9.67813E+00
     1514.,         2.53801E+02,        -7.73273E+01,         1.72658E+02,         5.18391E+01,         6.62794E+01,         1.04486E+01
     1515.,         2.44996E+02,        -8.45331E+01,         1.72698E+02,         6.30587E+01,         6.25142E+01,         1.12891E+01
     1516.,         2.78914E+02,        -5.77179E+01,         1.98241E+02,         2.15635E+01,         8.01389E+01,         7.78121E+00
     1517.,         2.69895E+02,        -6.46703E+01,         1.98236E+02,         3.22307E+01,         7.58442E+01,         8.80649E+00
     1518.,         2.60876E+02,        -7.16228E+01,         1.98232E+02,         4.30025E+01,         7.16228E+01,         9.86208E+00
     1519.,         2.51857E+02,        -7.85752E+01,         1.98227E+02,         5.39534E+01,         6.75060E+01,         1.09662E+01
     1520.,         2.42838E+02,        -8.55277E+01,         1.98223E+02,         6.51772E+01,         6.34597E+01,         1.21378E+01
     1521.,         2.77070E+02,        -6.05094E+01,         2.23847E+02,         2.42167E+01,         8.28115E+01,         7.44153E+00
     1522.,         2.67907E+02,        -6.71604E+01,         2.23804E+02,         3.48381E+01,         7.82780E+01,         8.75845E+00
     1523.,         2.58744E+02,        -7.38114E+01,         2.23762E+02,         4.55459E+01,         7.38114E+01,         1.01005E+01
     1524.,         2.49581E+02,        -8.04623E+01,         2.23719E+02,         5.64082E+01,         6.94414E+01,         1.14864E+01
     1525.,         2.40418E+02,        -8.71133E+01,         2.23676E+02,         6.75111E+01,         6.51353E+01,         1.29354E+01
     1526.,         2.74677E+02,        -6.38493E+01,         2.49361E+02,         2.74090E+01,         8.59016E+01,         7.27264E+00
     1527.,         2.65452E+02,        -7.01897E+01,         2.49274E+02,         3.79064E+01,         8.11861E+01,         8.82766E+00
     1528.,         2.56228E+02,        -7.65300E+01,         2.49186E+02,         4.84714E+01,         7.65300E+01,         1.04022E+01
     1529.,         2.47003E+02,        -8.28704E+01,         2.49099E+02,         5.91665E+01,         7.19639E+01,         1.20155E+01
     1530.,         2.37778E+02,        -8.92108E+01,         2.49011E+02,         7.00672E+01,         6.74537E+01,         1.36865E+01
     1531.,         2.71790E+02,        -6.76664E+01,         2.74797E+02,         3.11089E+01,         8.93383E+01,         7.27858E+00
     1532.,         2.62590E+02,        -7.37002E+01,         2.74664E+02,         4.14182E+01,         8.45105E+01,         9.01806E+00
     1533.,         2.53391E+02,        -7.97339E+01,         2.74531E+02,         5.17803E+01,         7.97339E+01,         1.07712E+01
     1534.,         2.44192E+02,        -8.57676E+01,         2.74399E+02,         6.22490E+01,         7.50436E+01,         1.25574E+01
     1535.,         2.34993E+02,        -9.18014E+01,         2.74266E+02,         7.28900E+01,         7.04008E+01,         1.43958E+01
     1536.,         2.68477E+02,        -7.19359E+01,         3.00182E+02,         3.53140E+01,         9.30957E+01,         7.46008E+00
     1537.,         2.59393E+02,        -7.76888E+01,         3.00023E+02,         4.53948E+01,         8.82466E+01,         9.33193E+00
     1538.,         2.50310E+02,        -8.34417E+01,         2.99865E+02,         5.55196E+01,         8.34417E+01,         1.12120E+01
     1539.,         2.41226E+02,        -8.91947E+01,         2.99706E+02,         6.57341E+01,         7.87164E+01,         1.31197E+01
     1540.,         2.32142E+02,        -9.49476E+01,         2.99548E+02,         7.60918E+01,         7.40318E+01,         1.50736E+01
     1541.,         2.64803E+02,        -7.65427E+01,         3.25397E+02,         3.99555E+01,         9.70686E+01,         7.80784E+00
     1542.,         2.55930E+02,        -8.20628E+01,         3.25224E+02,         4.97904E+01,         9.23066E+01,         9.76186E+00
     1543.,         2.47058E+02,        -8.75829E+01,         3.25051E+02,         5.96675E+01,         8.75829E+01,         1.17199E+01
     1544.,         2.38186E+02,        -9.31030E+01,         3.24878E+02,         6.96235E+01,         8.29323E+01,         1.36996E+01
     1545.,         2.29313E+02,        -9.86231E+01,         3.24705E+02,         7.97022E+01,         7.83143E+01,         1.57196E+01
     1546.,         2.60813E+02,        -8.13747E+01,         3.50433E+02,         4.49704E+01,         1.01155E+02,         8.30319E+00
     1547.,         2.52243E+02,        -8.67274E+01,         3.50284E+02,         5.45625E+01,         9.66015E+01,         1.02979E+01
     1548.,         2.43672E+02,        -9.20801E+01,         3.50136E+02,         6.42037E+01,         9.20801E+01,         1.22868E+01
     1549.,         2.35101E+02,        -9.74328E+01,         3.49987E+02,         7.39206E+01,         8.76240E+01,         1.42926E+01
     1550.,         2.26530E+02,        -1.02786E+02,         3.49839E+02,         8.37471E+01,         8.32001E+01,         1.63379E+01
     1551.,         2.56628E+02,        -8.65278E+01,         3.75327E+02,         5.04222E+01,         1.05464E+02,         8.95266E+00
     1552.,         2.48428E+02,        -9.17324E+01,         3.75227E+02,         5.97657E+01,         1.01190E+02,         1.09322E+01
     1553.,         2.40229E+02,        -9.69369E+01,         3.75127E+02,         6.91574E+01,         9.69369E+01,         1.29060E+01
     1554.,         2.32030E+02,        -1.02141E+02,         3.75027E+02,         7.86229E+01,         9.27614E+01,         1.48893E+01
     1555.,         2.23830E+02,        -1.07346E+02,         3.74926E+02,         8.81955E+01,         8.85981E+01,         1.68989E+01
     1556.,         2.52288E+02,        -9.18381E+01,         4.00000E+02,         5.62640E+01,         1.09770E+02,         9.77324E+00
     1557.,         2.44524E+02,        -9.69384E+01,         4.00000E+02,         6.53471E+01,         1.05874E+02,         1.16784E+01
     1558.,         2.36761E+02,        -1.02039E+02,         4.00000E+02,         7.44733E+01,         1.02039E+02,         1.35588E+01
     1559.,         2.28997E+02,        -1.07139E+02,         4.00000E+02,         8.36818E+01,         9.81796E+01,         1.54499E+01
     1560.,         2.21234E+02,        -1.12239E+02,         4.00000E+02,         9.30060E+01,         9.43724E+01,         1.73792E+01
     1561.,         2.93314E+02,        -8.44844E+01,        -2.00000E+02,         3.56197E+01,         1.37076E+02,         0.00000E+00
     1562.,         2.81510E+02,        -1.07966E+02,        -2.00000E+02,         4.74536E+01,         1.34284E+02,         0.00000E+00
     1563.,         2.69707E+02,        -1.31448E+02,        -2.00000E+02,         5.93189E+01,         1.31448E+02,         0.00000E+00
     1564.,         2.57903E+02,        -1.54929E+02,        -2.00000E+02,         7.11809E+01,         1.28680E+02,         0.00000E+00
     1565.,         2.46100E+02,        -1.78411E+02,        -2.00000E+02,         8.30033E+01,         1.25872E+02,         0.00000E+00
     1566.,         2.93314E+02,        -8.44844E+01,        -1.75000E+02,         3.56338E+01,         1.37034E+02,         2.28485E-01
     1567.,         2.81519E+02,        -1.07970E+02,        -1.75000E+02,         4.74700E+01,         1.34273E+02,         1.38707E-01
     1568.,         2.69724E+02,        -1.31456E+02,        -1.75000E+02,         5.93397E+01,         1.31456E+02,        -6.46763E-03
     1569.,         2.57929E+02,        -1.54942E+02,        -1.75000E+02,         7.12044E+01,         1.28674E+02,        -1.48790E-01
     1570.,         2.46134E+02,        -1.78428E+02,        -1.75000E+02,         8.30282E+01,         1.25843E+02,        -2.37754E-01
     1571.,         2.93314E+02,        -8.44844E+01,        -1.50000E+02,         3.56932E+01,         1.36969E+02,         4.05452E-01
     1572.,         2.81527E+02,        -1.07975E+02,        -1.50000E+02,         4.75197E+01,         1.34223E+02,         4.02650E-01
     1573.,         2.69741E+02,        -1.31465E+02,        -1.50000E+02,         5.94063E+01,         1.31465E+02,        -1.33152E-02
     1574.,         2.57955E+02,        -1.54955E+02,        -1.50000E+02,         7.12753E+01,         1.28623E+02,        -4.11531E-01
     1575.,         2.46168E+02,        -1.78446E+02,        -1.50000E+02,         8.30667E+01,         1.25785E+02,        -4.10505E-01
     1576.,         2.84083E+02,        -9.18941E+01,        -1.33334E+02,         4.00798E+01,         1.33592E+02,         6.35127E-01
     1577.,         2.74735E+02,        -1.10536E+02,        -1.33334E+02,         4.94548E+01,         1.31419E+02,         7.23429E-01
     1578.,         2.65386E+02,        -1.29177E+02,        -1.33333E+02,         5.89207E+01,         1.29177E+02,        -1.22024E-02
     1579.,         2.56038E+02,        -1.47819E+02,        -1.33333E+02,         6.83547E+01,         1.26953E+02,        -6.70619E-01
     1580.,         2.46690E+02,        -1.66460E+02,        -1.33332E+02,         7.76694E+01,         1.24727E+02,        -5.92070E-01
     1581.,         2.74852E+02,        -9.93026E+01,        -1.16668E+02,         4.44769E+01,         1.30187E+02,         1.33585E+00
     1582.,         2.67942E+02,        -1.13095E+02,        -1.16667E+02,         5.13970E+01,         1.28543E+02,         1.29025E+00
     1583.,         2.61032E+02,        -1.26888E+02,        -1.16667E+02,         5.84998E+01,         1.26888E+02,        -5.54971E-02
     1584.,         2.54122E+02,        -1.40681E+02,        -1.16666E+02,         6.55138E+01,         1.25296E+02,        -1.08533E+00
     1585.,         2.47212E+02,        -1.54474E+02,        -1.16666E+02,         7.23579E+01,         1.23611E+02,        -1.10561E+00
     1586.,         2.65623E+02,        -1.06709E+02,        -1.00000E+02,         4.87052E+01,         1.24881E+02,         3.61527E+00
     1587.,         2.61151E+02,        -1.15654E+02,        -1.00000E+02,         5.34185E+01,         1.24416E+02,         1.74387E+00
     1588.,         2.56678E+02,        -1.24598E+02,        -1.00000E+02,         5.81646E+01,         1.24598E+02,        -7.69330E-02
     1589.,         2.52206E+02,        -1.33542E+02,        -1.00000E+02,         6.28276E+01,         1.22840E+02,        -1.63123E+00
     1590.,         2.47734E+02,        -1.42487E+02,        -1.00000E+02,         6.72569E+01,         1.21733E+02,        -2.57128E+00
     1591.,         2.69798E+02,        -9.97806E+01,        -7.57902E+01,         4.40499E+01,         1.16638E+02,         7.86603E+00
     1592.,         2.65401E+02,        -1.07629E+02,        -7.62942E+01,         4.91101E+01,         1.16279E+02,         4.46313E+00
     1593.,         2.61003E+02,        -1.15478E+02,        -7.67982E+01,         5.39439E+01,         1.15478E+02,         1.68790E+00
     1594.,         2.56606E+02,        -1.23327E+02,        -7.73023E+01,         5.85663E+01,         1.15774E+02,        -9.44072E-01
     1595.,         2.52208E+02,        -1.31176E+02,        -7.78063E+01,         6.29130E+01,         1.15549E+02,        -3.55582E+00
     1596.,         2.74053E+02,        -9.33052E+01,        -5.15518E+01,         3.97870E+01,         1.08928E+02,         8.64198E+00
     1597.,         2.69557E+02,        -1.00532E+02,        -5.22326E+01,         4.52477E+01,         1.08322E+02,         6.06175E+00
     1598.,         2.65061E+02,        -1.07759E+02,        -5.29134E+01,         5.05275E+01,         1.07759E+02,         3.51042E+00
     1599.,         2.60565E+02,        -1.14987E+02,        -5.35942E+01,         5.56253E+01,         1.07128E+02,         9.30813E-01
     1600.,         2.56069E+02,        -1.22214E+02,        -5.42750E+01,         6.05102E+01,         1.06674E+02,        -1.96235E+00
     1601.,         2.78405E+02,        -8.78531E+01,        -2.72286E+01,         3.61029E+01,         1.03802E+02,         8.99404E+00
     1602.,         2.73611E+02,        -9.48212E+01,        -2.78571E+01,         4.22019E+01,         1.02782E+02,         6.92100E+00
     1603.,         2.68818E+02,        -1.01789E+02,        -2.84855E+01,         4.81660E+01,         1.01789E+02,         4.82918E+00
     1604.,         2.64024E+02,        -1.08757E+02,        -2.91139E+01,         5.40171E+01,         1.00833E+02,         2.70680E+00
     1605.,         2.59231E+02,        -1.15725E+02,        -2.97423E+01,         5.97687E+01,         9.98605E+01,         5.57050E-01
     1606.,         2.82504E+02,        -8.36932E+01,        -2.66453E+00,         3.32432E+01,         1.00307E+02,         9.07170E+00
     1607.,         2.77252E+02,        -9.06267E+01,        -3.15314E+00,         4.01311E+01,         9.89249E+01,         7.37154E+00
     1608.,         2.72000E+02,        -9.75601E+01,        -3.64175E+00,         4.69595E+01,         9.75601E+01,         5.70697E+00
     1609.,         2.66748E+02,        -1.04494E+02,        -4.13036E+00,         5.37556E+01,         9.62383E+01,         4.05867E+00
     1610.,         2.61496E+02,        -1.11427E+02,        -4.61897E+00,         6.05562E+01,         9.49581E+01,         2.41723E+00
     1611.,         2.85991E+02,        -8.09090E+01,         2.21730E+01,         3.13877E+01,         9.83115E+01,         8.91120E+00
     1612.,         2.80185E+02,        -8.78554E+01,         2.18369E+01,         3.91034E+01,         9.65336E+01,         7.59799E+00
     1613.,         2.74378E+02,        -9.48018E+01,         2.15009E+01,         4.68199E+01,         9.48018E+01,         6.32941E+00
     1614.,         2.68572E+02,        -1.01748E+02,         2.11649E+01,         5.45783E+01,         9.30919E+01,         5.10864E+00
     1615.,         2.62766E+02,        -1.08695E+02,         2.08288E+01,         6.24428E+01,         9.14245E+01,         3.94079E+00
     1616.,         2.88728E+02,        -7.94349E+01,         4.71759E+01,         3.05704E+01,         9.75113E+01,         8.64075E+00
     1617.,         2.82386E+02,        -8.63463E+01,         4.69633E+01,         3.90217E+01,         9.53557E+01,         7.70370E+00
     1618.,         2.76043E+02,        -9.32578E+01,         4.67507E+01,         4.75208E+01,         9.32578E+01,         6.82504E+00
     1619.,         2.69700E+02,        -1.00169E+02,         4.65380E+01,         5.61171E+01,         9.11863E+01,         6.00655E+00
     1620.,         2.63357E+02,        -1.07081E+02,         4.63254E+01,         6.48872E+01,         8.91772E+01,         5.25928E+00
     1621.,         2.90653E+02,        -7.90016E+01,         7.23212E+01,         3.06364E+01,         9.76115E+01,         8.34331E+00
     1622.,         2.83801E+02,        -8.57819E+01,         7.22177E+01,         3.96808E+01,         9.50513E+01,         7.78908E+00
     1623.,         2.76948E+02,        -9.25623E+01,         7.21141E+01,         4.88021E+01,         9.25623E+01,         7.29508E+00
     1624.,         2.70095E+02,        -9.93426E+01,         7.20105E+01,         5.80558E+01,         9.00951E+01,         6.86491E+00
     1625.,         2.63243E+02,        -1.06123E+02,         7.19069E+01,         6.75240E+01,         8.77002E+01,         6.50664E+00
     1626.,         2.91798E+02,        -7.94636E+01,         9.75683E+01,         3.14740E+01,         9.84730E+01,         8.08099E+00
     1627.,         2.84478E+02,        -8.60163E+01,         9.75284E+01,         4.09513E+01,         9.54813E+01,         7.90207E+00
     1628.,         2.77157E+02,        -9.25690E+01,         9.74884E+01,         5.05156E+01,         9.25690E+01,         7.77958E+00
     1629.,         2.69837E+02,        -9.91217E+01,         9.74485E+01,         6.02270E+01,         8.96647E+01,         7.71727E+00
     1630.,         2.62516E+02,        -1.05674E+02,         9.74086E+01,         7.01725E+01,         8.68410E+01,         7.72356E+00
     1631.,         2.92039E+02,        -8.02323E+01,         1.23304E+02,         3.26957E+01,         9.95688E+01,         7.91976E+00
     1632.,         2.84347E+02,        -8.65899E+01,         1.23199E+02,         4.25085E+01,         9.62177E+01,         8.08869E+00
     1633.,         2.76655E+02,        -9.29475E+01,         1.23094E+02,         5.24104E+01,         9.29475E+01,         8.30907E+00
     1634.,         2.68963E+02,        -9.93051E+01,         1.22989E+02,         6.24647E+01,         8.96834E+01,         8.58418E+00
     1635.,         2.61271E+02,        -1.05663E+02,         1.22884E+02,         7.27599E+01,         8.65017E+01,         8.92091E+00
     1636.,         2.91503E+02,        -8.13321E+01,         1.48945E+02,         3.42334E+01,         1.00913E+02,         7.83297E+00
     1637.,         2.83528E+02,        -8.75294E+01,         1.48796E+02,         4.43008E+01,         9.72807E+01,         8.32630E+00
     1638.,         2.75553E+02,        -9.37268E+01,         1.48647E+02,         5.44562E+01,         9.37268E+01,         8.86502E+00
     1639.,         2.67578E+02,        -9.99241E+01,         1.48498E+02,         6.47643E+01,         9.01833E+01,         9.45368E+00
     1640.,         2.59603E+02,        -1.06121E+02,         1.48349E+02,         7.53136E+01,         8.67191E+01,         1.00998E+01
     1641.,         2.90392E+02,        -8.30784E+01,         1.74444E+02,         3.62777E+01,         1.02808E+02,         7.81249E+00
     1642.,         2.82158E+02,        -8.90149E+01,         1.74267E+02,         4.64495E+01,         9.88404E+01,         8.60583E+00
     1643.,         2.73925E+02,        -9.49514E+01,         1.74090E+02,         5.66982E+01,         9.49514E+01,         9.43653E+00
     1644.,         2.65691E+02,        -1.00888E+02,         1.73913E+02,         6.70895E+01,         9.10621E+01,         1.03114E+01
     1645.,         2.57457E+02,        -1.06824E+02,         1.73737E+02,         7.77091E+01,         8.72503E+01,         1.12394E+01
     1646.,         2.88725E+02,        -8.53187E+01,         1.99856E+02,         3.87331E+01,         1.05113E+02,         7.87796E+00
     1647.,         2.80292E+02,        -9.09789E+01,         1.99672E+02,         4.89145E+01,         1.00839E+02,         8.93290E+00
     1648.,         2.71860E+02,        -9.66392E+01,         1.99488E+02,         5.91590E+01,         9.66392E+01,         1.00188E+01
     1649.,         2.63428E+02,        -1.02299E+02,         1.99304E+02,         6.95297E+01,         9.24358E+01,         1.11434E+01
     1650.,         2.54996E+02,        -1.07960E+02,         1.99120E+02,         8.01117E+01,         8.83059E+01,         1.23159E+01
     1651.,         2.86554E+02,        -8.80305E+01,         2.25209E+02,         4.15983E+01,         1.07792E+02,         8.02907E+00
     1652.,         2.77995E+02,        -9.34223E+01,         2.25015E+02,         5.17145E+01,         1.03271E+02,         9.30550E+00
     1653.,         2.69436E+02,        -9.88141E+01,         2.24822E+02,         6.18802E+01,         9.88141E+01,         1.06079E+01
     1654.,         2.60876E+02,        -1.04206E+02,         2.24628E+02,         7.21560E+01,         9.43565E+01,         1.19443E+01
     1655.,         2.52317E+02,        -1.09598E+02,         2.24434E+02,         8.26195E+01,         8.99652E+01,         1.33235E+01
     1656.,         2.83921E+02,        -9.11728E+01,         2.50493E+02,         4.48669E+01,         1.10800E+02,         8.26481E+00
     1657.,         2.75300E+02,        -9.62976E+01,         2.50287E+02,         5.48507E+01,         1.06082E+02,         9.72369E+00
     1658.,         2.66679E+02,        -1.01422E+02,         2.50081E+02,         6.48705E+01,         1.01422E+02,         1.12035E+01
     1659.,         2.58057E+02,        -1.06547E+02,         2.49875E+02,         7.49831E+01,         9.67601E+01,         1.27129E+01
     1660.,         2.49436E+02,        -1.11672E+02,         2.49669E+02,         8.52586E+01,         9.21587E+01,         1.42606E+01
     1661.,         2.80855E+02,        -9.46385E+01,         2.75676E+02,         4.84892E+01,         1.14034E+02,         8.58181E+00
     1662.,         2.72243E+02,        -9.95255E+01,         2.75462E+02,         5.83006E+01,         1.09196E+02,         1.01850E+01
     1663.,         2.63632E+02,        -1.04412E+02,         2.75249E+02,         6.81367E+01,         1.04412E+02,         1.18044E+01
     1664.,         2.55021E+02,        -1.09299E+02,         2.75036E+02,         7.80491E+01,         9.96266E+01,         1.34490E+01
     1665.,         2.46410E+02,        -1.14186E+02,         2.74822E+02,         8.81020E+01,         9.48950E+01,         1.51283E+01
     1666.,         2.77411E+02,        -9.84951E+01,         3.00820E+02,         5.25484E+01,         1.17542E+02,         8.98488E+00
     1667.,         2.68892E+02,        -1.03188E+02,         3.00612E+02,         6.21617E+01,         1.12688E+02,         1.06960E+01
     1668.,         2.60372E+02,        -1.07880E+02,         3.00404E+02,         7.17948E+01,         1.07880E+02,         1.24197E+01
     1669.,         2.51852E+02,        -1.12573E+02,         3.00196E+02,         8.14931E+01,         1.03073E+02,         1.41650E+01
     1670.,         2.43332E+02,        -1.17265E+02,         2.99988E+02,         9.13106E+01,         9.83142E+01,         1.59408E+01
     1671.,         2.73643E+02,        -1.02671E+02,         3.25815E+02,         5.70167E+01,         1.21260E+02,         9.46977E+00
     1672.,         2.65295E+02,        -1.07221E+02,         3.25620E+02,         6.64244E+01,         1.16494E+02,         1.12551E+01
     1673.,         2.56948E+02,        -1.11772E+02,         3.25425E+02,         7.58517E+01,         1.11772E+02,         1.30505E+01
     1674.,         2.48601E+02,        -1.16322E+02,         3.25230E+02,         8.53353E+01,         1.07052E+02,         1.48634E+01
     1675.,         2.40253E+02,        -1.20873E+02,         3.25035E+02,         9.49254E+01,         1.02373E+02,         1.67031E+01
     1676.,         2.69582E+02,        -1.07112E+02,         3.50686E+02,         6.18860E+01,         1.25135E+02,         1.00315E+01
     1677.,         2.61486E+02,        -1.11587E+02,         3.50530E+02,         7.10983E+01,         1.20579E+02,         1.18652E+01
     1678.,         2.53391E+02,        -1.16063E+02,         3.50373E+02,         8.03362E+01,         1.16063E+02,         1.37008E+01
     1679.,         2.45296E+02,        -1.20538E+02,         3.50216E+02,         8.96284E+01,         1.11550E+02,         1.55506E+01
     1680.,         2.37200E+02,        -1.25013E+02,         3.50059E+02,         9.90155E+01,         1.07077E+02,         1.74272E+01
     1681.,         2.65299E+02,        -1.11864E+02,         3.75424E+02,         6.72067E+01,         1.29229E+02,         1.06886E+01
     1682.,         2.57524E+02,        -1.16307E+02,         3.75326E+02,         7.62294E+01,         1.24977E+02,         1.25328E+01
     1683.,         2.49750E+02,        -1.20750E+02,         3.75227E+02,         8.52818E+01,         1.20750E+02,         1.43748E+01
     1684.,         2.41975E+02,        -1.25194E+02,         3.75129E+02,         9.43921E+01,         1.16550E+02,         1.62257E+01
     1685.,         2.34201E+02,        -1.29637E+02,         3.75030E+02,         1.03592E+02,         1.12372E+02,         1.80973E+01
     1686.,         2.60835E+02,        -1.16849E+02,         4.00000E+02,         7.29447E+01,         1.33405E+02,         1.14908E+01
     1687.,         2.53440E+02,        -1.21308E+02,         4.00000E+02,         8.17867E+01,         1.29558E+02,         1.32903E+01
     1688.,         2.46046E+02,        -1.25767E+02,         4.00000E+02,         9.06639E+01,         1.25767E+02,         1.50763E+01
     1689.,         2.38651E+02,        -1.30226E+02,         4.00000E+02,         9.96057E+01,         1.21922E+02,         1.68710E+01
     1690.,         2.31257E+02,        -1.34685E+02,         4.00000E+02,         1.08642E+02,         1.18133E+02,         1.86912E+01
     1691.,         3.18060E+02,        -9.69235E+01,        -2.00000E+02,         3.85572E+01,         1.49532E+02,         0.00000E+00
     1692.,         3.06256E+02,        -1.20405E+02,        -2.00000E+02,         5.04092E+01,         1.46727E+02,         0.00000E+00
     1693.,         2.94453E+02,        -1.43887E+02,        -2.00000E+02,         6.22781E+01,         1.43887E+02,         0.00000E+00
     1694.,         2.82649E+02,        -1.67369E+02,        -2.00000E+02,         7.41438E+01,         1.41113E+02,         0.00000E+00
     1695.,         2.70846E+02,        -1.90850E+02,        -2.00000E+02,         8.59851E+01,         1.38308E+02,         0.00000E+00
     1696.,         3.18060E+02,        -9.69235E+01,        -1.75000E+02,         3.85706E+01,         1.49496E+02,         1.52575E-01
     1697.,         3.06261E+02,        -1.20407E+02,        -1.75000E+02,         5.04236E+01,         1.46714E+02,         7.31332E-02
     1698.,         2.94461E+02,        -1.43891E+02,        -1.75000E+02,         6.22992E+01,         1.43891E+02,        -3.67287E-02
     1699.,         2.82662E+02,        -1.67375E+02,        -1.75000E+02,         7.41701E+01,         1.41100E+02,        -1.38884E-01
     1700.,         2.70863E+02,        -1.90859E+02,        -1.75000E+02,         8.60116E+01,         1.38275E+02,        -2.13989E-01
     1701.,         3.18060E+02,        -9.69235E+01,        -1.50000E+02,         3.86315E+01,         1.49429E+02,         2.69289E-01
     1702.,         3.06265E+02,        -1.20410E+02,        -1.50000E+02,         5.04701E+01,         1.46658E+02,         2.28625E-01
     1703.,         2.94470E+02,        -1.43896E+02,        -1.50000E+02,         6.23634E+01,         1.43896E+02,        -8.59155E-02
     1704.,         2.82675E+02,        -1.67382E+02,        -1.50000E+02,         7.42439E+01,         1.41038E+02,        -3.69133E-01
     1705.,         2.70880E+02,        -1.90868E+02,        -1.50000E+02,         8.60535E+01,         1.38212E+02,        -3.68530E-01
     1706.,         3.07951E+02,        -1.03871E+02,        -1.33334E+02,         4.29189E+01,         1.45590E+02,         4.29423E-01
     1707.,         2.98597E+02,        -1.22510E+02,        -1.33334E+02,         5.22904E+01,         1.43392E+02,         4.48205E-01
     1708.,         2.89243E+02,        -1.41149E+02,        -1.33333E+02,         6.17586E+01,         1.41149E+02,        -1.13499E-01
     1709.,         2.79889E+02,        -1.59788E+02,        -1.33333E+02,         7.12049E+01,         1.38921E+02,        -6.05513E-01
     1710.,         2.70535E+02,        -1.78427E+02,        -1.33333E+02,         8.05330E+01,         1.36702E+02,        -5.28810E-01
     1711.,         2.97842E+02,        -1.10819E+02,        -1.16667E+02,         4.72093E+01,         1.41708E+02,         9.49070E-01
     1712.,         2.90929E+02,        -1.24610E+02,        -1.16667E+02,         5.41141E+01,         1.40073E+02,         8.42720E-01
     1713.,         2.84016E+02,        -1.38402E+02,        -1.16667E+02,         6.12104E+01,         1.38402E+02,        -1.56649E-01
     1714.,         2.77103E+02,        -1.52193E+02,        -1.16666E+02,         6.82407E+01,         1.36801E+02,        -9.64543E-01
     1715.,         2.70190E+02,        -1.65985E+02,        -1.16666E+02,         7.50998E+01,         1.35133E+02,        -9.85697E-01
     1716.,         2.87734E+02,        -1.17765E+02,        -1.00000E+02,         5.12961E+01,         1.36536E+02,         2.48085E+00
     1717.,         2.83262E+02,        -1.26709E+02,        -1.00000E+02,         5.60073E+01,         1.35836E+02,         1.19026E+00
     1718.,         2.78790E+02,        -1.35654E+02,        -1.00000E+02,         6.07603E+01,         1.35654E+02,        -1.48622E-01
     1719.,         2.74318E+02,        -1.44598E+02,        -1.00000E+02,         6.54425E+01,         1.34022E+02,        -1.33706E+00
     1720.,         2.69846E+02,        -1.53542E+02,        -1.00000E+02,         6.99264E+01,         1.32894E+02,        -2.11437E+00
     1721.,         2.90116E+02,        -1.13678E+02,        -7.51030E+01,         4.81383E+01,         1.30475E+02,         5.03680E+00
     1722.,         2.85856E+02,        -1.21134E+02,        -7.55865E+01,         5.30350E+01,         1.29712E+02,         2.73436E+00
     1723.,         2.81596E+02,        -1.28589E+02,        -7.60699E+01,         5.77615E+01,         1.28589E+02,         8.51817E-01
     1724.,         2.77336E+02,        -1.36044E+02,        -7.65533E+01,         6.23155E+01,         1.28412E+02,        -9.61726E-01
     1725.,         2.73077E+02,        -1.43499E+02,        -7.70368E+01,         6.66206E+01,         1.27827E+02,        -2.85064E+00
     1726.,         2.92673E+02,        -1.10122E+02,        -5.03762E+01,         4.56955E+01,         1.25010E+02,         5.08779E+00
     1727.,         2.88415E+02,        -1.16632E+02,        -5.10070E+01,         5.08816E+01,         1.24069E+02,         3.43087E+00
     1728.,         2.84157E+02,        -1.23142E+02,        -5.16378E+01,         5.59398E+01,         1.23142E+02,         1.83915E+00
     1729.,         2.79900E+02,        -1.29652E+02,        -5.22685E+01,         6.08614E+01,         1.22229E+02,         2.37843E-01
     1730.,         2.75642E+02,        -1.36162E+02,        -5.28993E+01,         6.56259E+01,         1.21377E+02,        -1.54788E+00
     1731.,         2.95195E+02,        -1.07355E+02,        -2.55856E+01,         4.41743E+01,         1.21825E+02,         4.95395E+00
     1732.,         2.90760E+02,        -1.13374E+02,        -2.61991E+01,         4.98710E+01,         1.20621E+02,         3.75778E+00
     1733.,         2.86325E+02,        -1.19393E+02,        -2.68126E+01,         5.54693E+01,         1.19393E+02,         2.57218E+00
     1734.,         2.81890E+02,        -1.25412E+02,        -2.74261E+01,         6.09965E+01,         1.18281E+02,         1.39999E+00
     1735.,         2.77454E+02,        -1.31431E+02,        -2.80396E+01,         6.64747E+01,         1.17105E+02,         2.71274E-01
     1736.,         2.97419E+02,        -1.05551E+02,        -6.81614E-01,         4.36428E+01,         1.20039E+02,         4.92565E+00
     1737.,         2.92671E+02,        -1.11361E+02,        -1.21037E+00,         4.99803E+01,         1.18617E+02,         4.02287E+00
     1738.,         2.87923E+02,        -1.17170E+02,        -1.73914E+00,         5.62639E+01,         1.17170E+02,         3.18207E+00
     1739.,         2.83175E+02,        -1.22980E+02,        -2.26790E+00,         6.25344E+01,         1.15826E+02,         2.38476E+00
     1740.,         2.78427E+02,        -1.28790E+02,        -2.79666E+00,         6.88352E+01,         1.14462E+02,         1.63360E+00
     1741.,         2.99090E+02,        -1.04661E+02,         2.43372E+01,         4.40338E+01,         1.19398E+02,         5.00368E+00
     1742.,         2.93960E+02,        -1.10366E+02,         2.39075E+01,         5.10393E+01,         1.17738E+02,         4.38284E+00
     1743.,         2.88830E+02,        -1.16070E+02,         2.34779E+01,         5.80241E+01,         1.16070E+02,         3.82154E+00
     1744.,         2.83700E+02,        -1.21775E+02,         2.30483E+01,         6.50402E+01,         1.14487E+02,         3.31752E+00
     1745.,         2.78569E+02,        -1.27480E+02,         2.26187E+01,         7.21402E+01,         1.12886E+02,         2.88017E+00
     1746.,         3.00162E+02,        -1.04609E+02,         4.93579E+01,         4.52293E+01,         1.19596E+02,         5.21210E+00
     1747.,         2.94668E+02,        -1.10202E+02,         4.90309E+01,         5.28062E+01,         1.17697E+02,         4.84906E+00
     1748.,         2.89173E+02,        -1.15795E+02,         4.87039E+01,         6.03879E+01,         1.15795E+02,         4.54797E+00
     1749.,         2.83678E+02,        -1.21388E+02,         4.83768E+01,         6.80280E+01,         1.13977E+02,         4.30432E+00
     1750.,         2.78183E+02,        -1.26981E+02,         4.80498E+01,         7.57810E+01,         1.12155E+02,         4.12478E+00
     1751.,         3.00595E+02,        -1.05082E+02,         7.44869E+01,         4.69345E+01,         1.20311E+02,         5.55281E+00
     1752.,         2.94752E+02,        -1.10528E+02,         7.42282E+01,         5.49679E+01,         1.18141E+02,         5.44861E+00
     1753.,         2.88909E+02,        -1.15973E+02,         7.39695E+01,         6.30183E+01,         1.15973E+02,         5.39863E+00
     1754.,         2.83067E+02,        -1.21419E+02,         7.37109E+01,         7.11428E+01,         1.13889E+02,         5.40175E+00
     1755.,         2.77224E+02,        -1.26865E+02,         7.34522E+01,         7.93963E+01,         1.11803E+02,         5.46322E+00
     1756.,         3.00468E+02,        -1.06116E+02,         9.99345E+01,         4.90992E+01,         1.21555E+02,         6.01293E+00
     1757.,         2.94302E+02,        -1.11351E+02,         9.96516E+01,         5.74483E+01,         1.19067E+02,         6.15954E+00
     1758.,         2.88136E+02,        -1.16587E+02,         9.93686E+01,         6.58205E+01,         1.16587E+02,         6.35246E+00
     1759.,         2.81970E+02,        -1.21822E+02,         9.90857E+01,         7.42701E+01,         1.14178E+02,         6.59090E+00
     1760.,         2.75804E+02,        -1.27057E+02,         9.88027E+01,         8.28511E+01,         1.11774E+02,         6.87950E+00
     1761.,         2.99747E+02,        -1.07339E+02,         1.25415E+02,         5.13667E+01,         1.22986E+02,         6.57953E+00
     1762.,         2.93302E+02,        -1.12370E+02,         1.25096E+02,         5.99490E+01,         1.20191E+02,         6.96207E+00
     1763.,         2.86856E+02,        -1.17402E+02,         1.24778E+02,         6.85558E+01,         1.17402E+02,         7.38314E+00
     1764.,         2.80411E+02,        -1.22433E+02,         1.24459E+02,         7.72395E+01,         1.14684E+02,         7.84279E+00
     1765.,         2.73966E+02,        -1.27465E+02,         1.24140E+02,         8.60552E+01,         1.11971E+02,         8.34530E+00
     1766.,         2.98579E+02,        -1.09061E+02,         1.50749E+02,         5.39150E+01,         1.24868E+02,         7.19613E+00
     1767.,         2.91886E+02,        -1.13844E+02,         1.50434E+02,         6.26212E+01,         1.21743E+02,         7.80264E+00
     1768.,         2.85193E+02,        -1.18628E+02,         1.50118E+02,         7.13481E+01,         1.18628E+02,         8.44011E+00
     1769.,         2.78500E+02,        -1.23412E+02,         1.49803E+02,         8.01495E+01,         1.15573E+02,         9.11015E+00
     1770.,         2.71806E+02,        -1.28196E+02,         1.49488E+02,         8.90778E+01,         1.12523E+02,         9.81740E+00
     1771.,         2.96958E+02,        -1.11054E+02,         1.75996E+02,         5.65756E+01,         1.27014E+02,         7.85267E+00
     1772.,         2.90039E+02,        -1.15565E+02,         1.75687E+02,         6.53202E+01,         1.23541E+02,         8.66132E+00
     1773.,         2.83121E+02,        -1.20077E+02,         1.75378E+02,         7.40776E+01,         1.20077E+02,         9.49391E+00
     1774.,         2.76203E+02,        -1.24588E+02,         1.75069E+02,         8.29014E+01,         1.16666E+02,         1.03538E+01
     1775.,         2.69285E+02,        -1.29100E+02,         1.74760E+02,         9.18455E+01,         1.13262E+02,         1.12460E+01
     1776.,         2.94929E+02,        -1.13381E+02,         2.01191E+02,         5.94119E+01,         1.29452E+02,         8.52991E+00
     1777.,         2.87831E+02,        -1.17637E+02,         2.00903E+02,         6.81377E+01,         1.25669E+02,         9.51323E+00
     1778.,         2.80733E+02,        -1.21892E+02,         2.00614E+02,         7.68678E+01,         1.21892E+02,         1.05160E+01
     1779.,         2.73636E+02,        -1.26147E+02,         2.00326E+02,         8.56565E+01,         1.18167E+02,         1.15419E+01
     1780.,         2.66538E+02,        -1.30402E+02,         2.00038E+02,         9.45564E+01,         1.14445E+02,         1.25956E+01
     1781.,         2.92519E+02,        -1.16030E+02,         2.26327E+02,         6.24440E+01,         1.32153E+02,         9.20780E+00
     1782.,         2.85294E+02,        -1.20054E+02,         2.26057E+02,         7.11036E+01,         1.28114E+02,         1.03395E+01
     1783.,         2.78069E+02,        -1.24078E+02,         2.25787E+02,         7.97620E+01,         1.24078E+02,         1.14871E+01
     1784.,         2.70844E+02,        -1.28101E+02,         2.25518E+02,         8.84704E+01,         1.20093E+02,         1.26545E+01
     1785.,         2.63619E+02,        -1.32125E+02,         2.25248E+02,         9.72804E+01,         1.16111E+02,         1.38459E+01
     1786.,         2.89752E+02,        -1.18986E+02,         2.51401E+02,         6.57013E+01,         1.35098E+02,         9.87321E+00
     1787.,         2.82447E+02,        -1.22793E+02,         2.51144E+02,         7.42515E+01,         1.30849E+02,         1.11281E+01
     1788.,         2.75142E+02,        -1.26599E+02,         2.50887E+02,         8.27933E+01,         1.26599E+02,         1.23958E+01
     1789.,         2.67837E+02,        -1.30406E+02,         2.50630E+02,         9.13786E+01,         1.22403E+02,         1.36805E+01
     1790.,         2.60531E+02,        -1.34212E+02,         2.50373E+02,         1.00054E+02,         1.18204E+02,         1.49861E+01
     1791.,         2.86644E+02,        -1.22215E+02,         2.76412E+02,         6.92070E+01,         1.38244E+02,         1.05199E+01
     1792.,         2.79314E+02,        -1.25840E+02,         2.76170E+02,         7.76240E+01,         1.33856E+02,         1.18744E+01
     1793.,         2.71985E+02,        -1.29465E+02,         2.75927E+02,         8.60287E+01,         1.29465E+02,         1.32395E+01
     1794.,         2.64655E+02,        -1.33090E+02,         2.75685E+02,         9.44692E+01,         1.25132E+02,         1.46194E+01
     1795.,         2.57325E+02,        -1.36715E+02,         2.75442E+02,         1.02990E+02,         1.20794E+02,         1.60174E+01
     1796.,         2.83220E+02,        -1.25748E+02,         3.01368E+02,         7.30394E+01,         1.41606E+02,         1.11511E+01
     1797.,         2.75931E+02,        -1.29255E+02,         3.01156E+02,         8.13259E+01,         1.37188E+02,         1.25861E+01
     1798.,         2.68641E+02,        -1.32762E+02,         3.00943E+02,         8.96003E+01,         1.32762E+02,         1.40302E+01
     1799.,         2.61352E+02,        -1.36269E+02,         3.00731E+02,         9.79039E+01,         1.28400E+02,         1.54871E+01
     1800.,         2.54063E+02,        -1.39776E+02,         3.00518E+02,         1.06279E+02,         1.24030E+02,         1.69602E+01
     1801.,         2.79515E+02,        -1.29560E+02,         3.26171E+02,         7.72270E+01,         1.45158E+02,         1.17713E+01
     1802.,         2.72331E+02,        -1.33010E+02,         3.25998E+02,         8.53918E+01,         1.40814E+02,         1.32693E+01
     1803.,         2.65146E+02,        -1.36459E+02,         3.25825E+02,         9.35449E+01,         1.36459E+02,         1.47757E+01
     1804.,         2.57962E+02,        -1.39909E+02,         3.25652E+02,         1.01726E+02,         1.32174E+02,         1.62933E+01
     1805.,         2.50778E+02,        -1.43358E+02,         3.25479E+02,         1.09970E+02,         1.27877E+02,         1.78248E+01
     1806.,         2.75535E+02,        -1.33595E+02,         3.50874E+02,         8.17740E+01,         1.48848E+02,         1.23885E+01
     1807.,         2.68518E+02,        -1.37067E+02,         3.50753E+02,         8.98491E+01,         1.44697E+02,         1.39391E+01
     1808.,         2.61501E+02,        -1.40538E+02,         3.50632E+02,         9.79167E+01,         1.40538E+02,         1.54939E+01
     1809.,         2.54483E+02,        -1.44010E+02,         3.50511E+02,         1.06013E+02,         1.36442E+02,         1.70590E+01
     1810.,         2.47466E+02,        -1.47481E+02,         3.50391E+02,         1.14169E+02,         1.32338E+02,         1.86386E+01
     1811.,         2.71324E+02,        -1.37986E+02,         3.75506E+02,         8.68221E+01,         1.52803E+02,         1.30430E+01
     1812.,         2.64542E+02,        -1.41512E+02,         3.75424E+02,         9.47992E+01,         1.48929E+02,         1.46238E+01
     1813.,         2.57760E+02,        -1.45037E+02,         3.75341E+02,         1.02776E+02,         1.45037E+02,         1.62063E+01
     1814.,         2.50979E+02,        -1.48562E+02,         3.75258E+02,         1.10781E+02,         1.41230E+02,         1.77949E+01
     1815.,         2.44197E+02,        -1.52087E+02,         3.75176E+02,         1.18846E+02,         1.37404E+02,         1.93957E+01
     1816.,         2.66895E+02,        -1.42578E+02,         4.00000E+02,         9.22371E+01,         1.56835E+02,         1.38018E+01
     1817.,         2.60409E+02,        -1.46252E+02,         4.00000E+02,         1.00167E+02,         1.53377E+02,         1.53745E+01
     1818.,         2.53923E+02,        -1.49927E+02,         4.00000E+02,         1.08105E+02,         1.49927E+02,         1.69329E+01
     1819.,         2.47437E+02,        -1.53601E+02,         4.00000E+02,         1.16078E+02,         1.46511E+02,         1.84989E+01
     1820.,         2.40951E+02,        -1.57276E+02,         4.00000E+02,         1.24112E+02,         1.43095E+02,         2.00900E+01
     1821.,         3.42806E+02,        -1.09363E+02,        -2.00000E+02,         4.15016E+01,         1.62012E+02,         0.00000E+00
     1822.,         3.31002E+02,        -1.32844E+02,        -2.00000E+02,         5.33584E+01,         1.59206E+02,         0.00000E+00
     1823.,         3.19199E+02,        -1.56326E+02,        -2.00000E+02,         6.52348E+01,         1.56326E+02,         0.00000E+00
     1824.,         3.07395E+02,        -1.79808E+02,        -2.00000E+02,         7.71088E+01,         1.53584E+02,         0.00000E+00
     1825.,         2.95592E+02,        -2.03289E+02,        -2.00000E+02,         8.89572E+01,         1.50780E+02,         0.00000E+00
     1826.,         3.42806E+02,        -1.09363E+02,        -1.75000E+02,         4.15102E+01,         1.61980E+02,         9.51152E-02
     1827.,         3.31002E+02,        -1.32844E+02,        -1.75000E+02,         5.33744E+01,         1.59194E+02,         2.21069E-02
     1828.,         3.19199E+02,        -1.56326E+02,        -1.75000E+02,         6.52570E+01,         1.56326E+02,        -7.62650E-02
     1829.,         3.07395E+02,        -1.79808E+02,        -1.75000E+02,         7.71339E+01,         1.53565E+02,        -1.60857E-01
     1830.,         2.95592E+02,        -2.03289E+02,        -1.75000E+02,         8.89891E+01,         1.50737E+02,        -2.25576E-01
     1831.,         3.42806E+02,        -1.09363E+02,        -1.50000E+02,         4.15701E+01,         1.61905E+02,         1.46034E-01
     1832.,         3.31002E+02,        -1.32844E+02,        -1.50000E+02,         5.34229E+01,         1.59124E+02,         6.95194E-02
     1833.,         3.19199E+02,        -1.56326E+02,        -1.50000E+02,         6.53178E+01,         1.56326E+02,        -1.48446E-01
     1834.,         3.07395E+02,        -1.79808E+02,        -1.50000E+02,         7.71990E+01,         1.53488E+02,        -3.33202E-01
     1835.,         2.95592E+02,        -2.03289E+02,        -1.50000E+02,         8.90300E+01,         1.50657E+02,        -3.50490E-01
     1836.,         3.31819E+02,        -1.15849E+02,        -1.33333E+02,         4.57507E+01,         1.57588E+02,         1.93862E-01
     1837.,         3.22459E+02,        -1.34485E+02,        -1.33333E+02,         5.51396E+01,         1.55381E+02,         1.53352E-01
     1838.,         3.13100E+02,        -1.53120E+02,        -1.33333E+02,         6.45916E+01,         1.53120E+02,        -1.94671E-01
     1839.,         3.03740E+02,        -1.71756E+02,        -1.33333E+02,         7.40297E+01,         1.50906E+02,        -4.87680E-01
     1840.,         2.94380E+02,        -1.90392E+02,        -1.33333E+02,         8.33826E+01,         1.48686E+02,        -4.36598E-01
     1841.,         3.20832E+02,        -1.22335E+02,        -1.16667E+02,         4.99633E+01,         1.53265E+02,         4.30354E-01
     1842.,         3.13916E+02,        -1.36125E+02,        -1.16667E+02,         5.68653E+01,         1.51630E+02,         3.72379E-01
     1843.,         3.07000E+02,        -1.49915E+02,        -1.16667E+02,         6.39251E+01,         1.49915E+02,        -2.86443E-01
     1844.,         3.00085E+02,        -1.63705E+02,        -1.16667E+02,         7.09346E+01,         1.48329E+02,        -8.22588E-01
     1845.,         2.93169E+02,        -1.77495E+02,        -1.16667E+02,         7.78034E+01,         1.46694E+02,        -7.35259E-01
     1846.,         3.09846E+02,        -1.28821E+02,        -1.00000E+02,         5.39079E+01,         1.48152E+02,         1.49945E+00
     1847.,         3.05373E+02,        -1.37765E+02,        -1.00000E+02,         5.85603E+01,         1.47318E+02,         6.57389E-01
     1848.,         3.00901E+02,        -1.46709E+02,        -1.00000E+02,         6.33506E+01,         1.46709E+02,        -4.00679E-01
     1849.,         2.96429E+02,        -1.55654E+02,        -1.00000E+02,         6.80792E+01,         1.45337E+02,        -1.35109E+00
     1850.,         2.91957E+02,        -1.64598E+02,        -1.00000E+02,         7.25767E+01,         1.44209E+02,        -1.83753E+00
     1851.,         3.10210E+02,        -1.28451E+02,        -7.47683E+01,         5.28878E+01,         1.44382E+02,         2.65332E+00
     1852.,         3.06128E+02,        -1.35317E+02,        -7.51409E+01,         5.74161E+01,         1.43390E+02,         1.15837E+00
     1853.,         3.02046E+02,        -1.42182E+02,        -7.55134E+01,         6.18055E+01,         1.42182E+02,        -3.93727E-01
     1854.,         2.97964E+02,        -1.49048E+02,        -7.58859E+01,         6.60617E+01,         1.41502E+02,        -1.85097E+00
     1855.,         2.93882E+02,        -1.55914E+02,        -7.62585E+01,         7.01765E+01,         1.40596E+02,        -3.10957E+00
     1856.,         3.10328E+02,        -1.28330E+02,        -4.95319E+01,         5.30071E+01,         1.41266E+02,         1.57906E+00
     1857.,         3.06500E+02,        -1.33802E+02,        -5.00429E+01,         5.74810E+01,         1.40218E+02,         7.07815E-01
     1858.,         3.02671E+02,        -1.39273E+02,        -5.05538E+01,         6.19070E+01,         1.39273E+02,        -3.68208E-01
     1859.,         2.98842E+02,        -1.44745E+02,        -5.10648E+01,         6.62345E+01,         1.37996E+02,        -1.47904E+00
     1860.,         2.95013E+02,        -1.50216E+02,        -5.15757E+01,         7.04461E+01,         1.36861E+02,        -2.39899E+00
     1861.,         3.10201E+02,        -1.28460E+02,        -2.42956E+01,         5.44062E+01,         1.40062E+02,         8.90162E-01
     1862.,         3.06492E+02,        -1.33133E+02,        -2.48225E+01,         5.90421E+01,         1.38898E+02,         4.30289E-01
     1863.,         3.02783E+02,        -1.37806E+02,        -2.53495E+01,         6.36031E+01,         1.37806E+02,        -2.05911E-01
     1864.,         2.99073E+02,        -1.42480E+02,        -2.58765E+01,         6.81289E+01,         1.36509E+02,        -8.26326E-01
     1865.,         2.95364E+02,        -1.47153E+02,        -2.64035E+01,         7.26559E+01,         1.35282E+02,        -1.20177E+00
     1866.,         3.09827E+02,        -1.28840E+02,         9.35827E-01,         5.67285E+01,         1.39720E+02,         8.99531E-01
     1867.,         3.06126E+02,        -1.33144E+02,         4.36055E-01,         6.16609E+01,         1.38543E+02,         6.22766E-01
     1868.,         3.02425E+02,        -1.37449E+02,        -6.37182E-02,         6.65663E+01,         1.37449E+02,         2.66076E-01
     1869.,         2.98723E+02,        -1.41753E+02,        -5.63491E-01,         7.14665E+01,         1.36140E+02,        -6.12029E-02
     1870.,         2.95022E+02,        -1.46057E+02,        -1.06326E+00,         7.63861E+01,         1.34916E+02,        -2.14179E-01
     1871.,         3.09205E+02,        -1.29472E+02,         2.61573E+01,         5.96672E+01,         1.40061E+02,         1.39022E+00
     1872.,         3.05431E+02,        -1.33633E+02,         2.56903E+01,         6.49789E+01,         1.38885E+02,         1.25463E+00
     1873.,         3.01657E+02,        -1.37794E+02,         2.52234E+01,         7.02810E+01,         1.37794E+02,         1.07062E+00
     1874.,         2.97884E+02,        -1.41956E+02,         2.47565E+01,         7.56024E+01,         1.36496E+02,         9.22915E-01
     1875.,         2.94110E+02,        -1.46117E+02,         2.42896E+01,         8.09605E+01,         1.35272E+02,         9.19112E-01
     1876.,         3.08336E+02,        -1.30355E+02,         5.13639E+01,         6.29321E+01,         1.40822E+02,         2.23355E+00
     1877.,         3.04438E+02,        -1.34415E+02,         5.09274E+01,         6.85814E+01,         1.39605E+02,         2.21713E+00
     1878.,         3.00541E+02,        -1.38475E+02,         5.04909E+01,         7.42354E+01,         1.38475E+02,         2.17537E+00
     1879.,         2.96643E+02,        -1.42535E+02,         5.00544E+01,         7.99193E+01,         1.37144E+02,         2.16843E+00
     1880.,         2.92745E+02,        -1.46595E+02,         4.96179E+01,         8.56435E+01,         1.35886E+02,         2.27540E+00
     1881.,         3.07220E+02,        -1.31489E+02,         7.65507E+01,         6.63299E+01,         1.41936E+02,         3.30390E+00
     1882.,         3.03164E+02,        -1.35434E+02,         7.61426E+01,         7.22511E+01,         1.40613E+02,         3.41928E+00
     1883.,         2.99108E+02,        -1.39379E+02,         7.57345E+01,         7.81858E+01,         1.39379E+02,         3.51831E+00
     1884.,         2.95052E+02,        -1.43324E+02,         7.53264E+01,         8.41558E+01,         1.37944E+02,         3.64803E+00
     1885.,         2.90996E+02,        -1.47269E+02,         7.49183E+01,         9.01663E+01,         1.36582E+02,         3.87009E+00
     1886.,         3.05857E+02,        -1.32874E+02,         1.01713E+02,         6.97415E+01,         1.43370E+02,         4.53530E+00
     1887.,         3.01623E+02,        -1.36668E+02,         1.01332E+02,         7.58577E+01,         1.41873E+02,         4.78765E+00
     1888.,         2.97388E+02,        -1.40462E+02,         1.00952E+02,         8.19904E+01,         1.40462E+02,         5.02864E+00
     1889.,         2.93153E+02,        -1.44255E+02,         1.00571E+02,         8.81584E+01,         1.38853E+02,         5.29558E+00
     1890.,         2.88919E+02,        -1.48049E+02,         1.00191E+02,         9.43665E+01,         1.37317E+02,         5.63775E+00
     1891.,         3.04248E+02,        -1.34510E+02,         1.26845E+02,         7.30970E+01,         1.45095E+02,         5.86042E+00
     1892.,         2.99826E+02,        -1.38114E+02,         1.26493E+02,         7.93321E+01,         1.43363E+02,         6.25150E+00
     1893.,         2.95404E+02,        -1.41717E+02,         1.26140E+02,         8.55818E+01,         1.41717E+02,         6.63347E+00
     1894.,         2.90982E+02,        -1.45321E+02,         1.25788E+02,         9.18679E+01,         1.39875E+02,         7.03686E+00
     1895.,         2.86560E+02,        -1.48925E+02,         1.25436E+02,         9.81922E+01,         1.38104E+02,         7.50103E+00
     1896.,         3.02392E+02,        -1.36396E+02,         1.51943E+02,         7.63777E+01,         1.47101E+02,         7.22208E+00
     1897.,         2.97783E+02,        -1.39784E+02,         1.51620E+02,         8.26671E+01,         1.45096E+02,         7.74618E+00
     1898.,         2.93174E+02,        -1.43172E+02,         1.51297E+02,         8.89683E+01,         1.43172E+02,         8.26289E+00
     1899.,         2.88565E+02,        -1.46560E+02,         1.50974E+02,         9.53020E+01,         1.41055E+02,         8.79697E+00
     1900.,         2.83957E+02,        -1.49948E+02,         1.50651E+02,         1.01672E+02,         1.39009E+02,         9.37956E+00
     1901.,         3.00291E+02,        -1.38532E+02,         1.77002E+02,         7.95931E+01,         1.49374E+02,         8.57074E+00
     1902.,         2.95502E+02,        -1.41692E+02,         1.76710E+02,         8.58841E+01,         1.47072E+02,         9.21580E+00
     1903.,         2.90714E+02,        -1.44851E+02,         1.76418E+02,         9.21816E+01,         1.44851E+02,         9.85531E+00
     1904.,         2.85926E+02,        -1.48011E+02,         1.76126E+02,         9.85091E+01,         1.42439E+02,         1.05090E+01
     1905.,         2.81138E+02,        -1.51171E+02,         1.75834E+02,         1.04871E+02,         1.40097E+02,         1.12008E+01
     1906.,         2.97945E+02,        -1.40915E+02,         2.02017E+02,         8.27722E+01,         1.51890E+02,         9.86540E+00
     1907.,         2.92993E+02,        -1.43849E+02,         2.01758E+02,         8.90258E+01,         1.49298E+02,         1.06153E+01
     1908.,         2.88040E+02,        -1.46782E+02,         2.01499E+02,         9.52832E+01,         1.46782E+02,         1.13623E+01
     1909.,         2.83088E+02,        -1.49716E+02,         2.01241E+02,         1.01566E+02,         1.44077E+02,         1.21209E+01
     1910.,         2.78135E+02,        -1.52649E+02,         2.00982E+02,         1.07881E+02,         1.41440E+02,         1.29086E+01
     1911.,         2.95356E+02,        -1.43546E+02,         2.26983E+02,         8.59651E+01,         1.54638E+02,         1.10698E+01
     1912.,         2.90261E+02,        -1.46268E+02,         2.26760E+02,         9.21575E+01,         1.51776E+02,         1.19093E+01
     1913.,         2.85166E+02,        -1.48989E+02,         2.26537E+02,         9.83488E+01,         1.48989E+02,         1.27482E+01
     1914.,         2.80071E+02,        -1.51711E+02,         2.26314E+02,         1.04562E+02,         1.46012E+02,         1.35970E+01
     1915.,         2.74976E+02,        -1.54432E+02,         2.26091E+02,         1.10805E+02,         1.43103E+02,         1.44673E+01
     1916.,         2.92526E+02,        -1.46423E+02,         2.51895E+02,         8.92350E+01,         1.57604E+02,         1.21606E+01
     1917.,         2.87317E+02,        -1.48961E+02,         2.51710E+02,         9.53535E+01,         1.54514E+02,         1.30758E+01
     1918.,         2.82108E+02,        -1.51499E+02,         2.51526E+02,         1.01468E+02,         1.51499E+02,         1.39927E+01
     1919.,         2.76899E+02,        -1.54037E+02,         2.51341E+02,         1.07600E+02,         1.48294E+02,         1.49180E+01
     1920.,         2.71690E+02,        -1.56575E+02,         2.51156E+02,         1.13761E+02,         1.45158E+02,         1.58588E+01
     1921.,         2.89455E+02,        -1.49544E+02,         2.76750E+02,         9.26501E+01,         1.60777E+02,         1.31276E+01
     1922.,         2.84165E+02,        -1.51938E+02,         2.76605E+02,         9.86960E+01,         1.57517E+02,         1.41068E+01
     1923.,         2.78876E+02,        -1.54333E+02,         2.76459E+02,         1.04736E+02,         1.54333E+02,         1.50896E+01
     1924.,         2.73587E+02,        -1.56727E+02,         2.76314E+02,         1.10790E+02,         1.50960E+02,         1.60797E+01
     1925.,         2.68298E+02,        -1.59121E+02,         2.76169E+02,         1.16869E+02,         1.47655E+02,         1.70809E+01
     1926.,         2.86144E+02,        -1.52908E+02,         3.01542E+02,         9.62833E+01,         1.64144E+02,         1.39718E+01
     1927.,         2.80816E+02,        -1.55213E+02,         3.01436E+02,         1.02270E+02,         1.60796E+02,         1.50066E+01
     1928.,         2.75487E+02,        -1.57518E+02,         3.01331E+02,         1.08251E+02,         1.57518E+02,         1.60463E+01
     1929.,         2.70159E+02,        -1.59824E+02,         3.01225E+02,         1.14243E+02,         1.54058E+02,         1.70927E+01
     1930.,         2.64830E+02,        -1.62129E+02,         3.01120E+02,         1.20260E+02,         1.50664E+02,         1.81473E+01
     1931.,         2.82597E+02,        -1.56513E+02,         3.26267E+02,         1.00203E+02,         1.67704E+02,         1.47059E+01
     1932.,         2.77276E+02,        -1.58798E+02,         3.26199E+02,         1.06161E+02,         1.64360E+02,         1.57920E+01
     1933.,         2.71954E+02,        -1.61082E+02,         3.26132E+02,         1.12112E+02,         1.61082E+02,         1.68833E+01
     1934.,         2.66633E+02,        -1.63367E+02,         3.26064E+02,         1.18075E+02,         1.57632E+02,         1.79805E+01
     1935.,         2.61312E+02,        -1.65651E+02,         3.25996E+02,         1.24059E+02,         1.54245E+02,         1.90838E+01
     1936.,         2.78814E+02,        -1.60358E+02,         3.50921E+02,         1.04475E+02,         1.71447E+02,         1.53603E+01
     1937.,         2.73553E+02,        -1.62704E+02,         3.50887E+02,         1.10445E+02,         1.68218E+02,         1.64958E+01
     1938.,         2.68291E+02,        -1.65050E+02,         3.50852E+02,         1.16411E+02,         1.65050E+02,         1.76354E+01
     1939.,         2.63029E+02,        -1.67395E+02,         3.50817E+02,         1.22388E+02,         1.61720E+02,         1.87806E+01
     1940.,         2.57768E+02,        -1.69741E+02,         3.50782E+02,         1.28387E+02,         1.58452E+02,         1.99334E+01
     1941.,         2.74798E+02,        -1.64440E+02,         3.75500E+02,         1.09139E+02,         1.75375E+02,         1.59862E+01
     1942.,         2.69655E+02,        -1.66943E+02,         3.75490E+02,         1.15176E+02,         1.72384E+02,         1.71725E+01
     1943.,         2.64511E+02,        -1.69446E+02,         3.75479E+02,         1.21214E+02,         1.69446E+02,         1.83565E+01
     1944.,         2.59368E+02,        -1.71949E+02,         3.75469E+02,         1.27266E+02,         1.66379E+02,         1.95443E+01
     1945.,         2.54225E+02,        -1.74452E+02,         3.75458E+02,         1.33340E+02,         1.63356E+02,         2.07434E+01
     1946.,         2.70550E+02,        -1.68757E+02,         4.00000E+02,         1.14184E+02,         1.79461E+02,         1.66652E+01
     1947.,         2.65590E+02,        -1.71527E+02,         4.00000E+02,         1.20355E+02,         1.76854E+02,         1.78791E+01
     1948.,         2.60630E+02,        -1.74297E+02,         4.00000E+02,         1.26529E+02,         1.74297E+02,         1.90950E+01
     1949.,         2.55671E+02,        -1.77067E+02,         4.00000E+02,         1.32720E+02,         1.71598E+02,         2.03134E+01
     1950.,         2.50711E+02,        -1.79838E+02,         4.00000E+02,         1.38935E+02,         1.68954E+02,         2.15365E+01
