10000
0.000000,-3.000000,0.000000
0.005031,-2.994969,0.000000
0.010061,-2.989939,0.000000
0.015092,-2.984909,0.000000
0.020122,-2.979879,0.000000
0.025153,-2.974850,0.000000
0.030183,-2.969821,0.000000
0.035214,-2.964793,0.000000
0.040245,-2.959766,0.000000
0.045275,-2.954740,0.000000
0.050306,-2.949715,0.000000
0.055336,-2.944692,0.000000
0.060367,-2.939670,0.000000
0.065397,-2.934649,0.000000
0.070428,-2.929630,0.000000
0.075459,-2.924613,0.000000
0.080489,-2.919598,0.000000
0.085520,-2.914584,0.000000
0.090550,-2.909573,0.000000
0.095581,-2.904565,0.000000
0.100611,-2.899558,0.000000
0.105642,-2.894554,0.000000
0.110673,-2.889553,0.000000
0.115703,-2.884555,0.000000
0.120734,-2.879559,0.000000
0.125764,-2.874567,0.000000
0.130795,-2.869578,0.000000
0.135825,-2.864592,0.000000
0.140856,-2.859609,0.000000
0.145887,-2.854630,0.000000
0.150917,-2.849655,0.000000
0.155948,-2.844684,0.000000
0.160978,-2.839716,0.000000
0.166009,-2.834753,0.000000
0.171039,-2.829793,0.000000
0.176070,-2.824838,0.000000
0.181101,-2.819888,0.000000
0.186131,-2.814942,0.000000
0.191162,-2.810000,0.000000
0.196192,-2.805064,0.000000
0.201223,-2.800132,0.000000
0.206253,-2.795206,0.000000
0.211284,-2.790284,0.000000
0.216315,-2.785368,0.000000
0.221345,-2.780458,0.000000
0.226376,-2.775553,0.000000
0.231406,-2.770653,0.000000
0.236437,-2.765760,0.000000
0.241467,-2.760872,0.000000
0.246498,-2.755991,0.000000
0.251529,-2.751115,0.000000
0.256559,-2.746246,0.000000
0.261590,-2.741383,0.000000
0.266620,-2.736527,0.000000
0.271651,-2.731678,0.000000
0.276681,-2.726835,0.000000
0.281712,-2.721999,0.000000
0.286743,-2.717171,0.000000
0.291773,-2.712349,0.000000
0.296804,-2.707535,0.000000
0.301834,-2.702728,0.000000
0.306865,-2.697928,0.000000
0.311896,-2.693137,0.000000
0.316926,-2.688353,0.000000
0.321957,-2.683577,0.000000
0.326987,-2.678809,0.000000
0.332018,-2.674049,0.000000
0.337048,-2.669297,0.000000
0.342079,-2.664554,0.000000
0.347110,-2.659819,0.000000
0.352140,-2.655093,0.000000
0.357171,-2.650375,0.000000
0.362201,-2.645666,0.000000
0.367232,-2.640967,0.000000
0.372262,-2.636276,0.000000
0.377293,-2.631595,0.000000
0.382324,-2.626923,0.000000
0.387354,-2.622260,0.000000
0.392385,-2.617607,0.000000
0.397415,-2.612964,0.000000
0.402446,-2.608330,0.000000
0.407476,-2.603706,0.000000
0.412507,-2.599093,0.000000
0.417538,-2.594489,0.000000
0.422568,-2.589896,0.000000
0.427599,-2.585313,0.000000
0.432629,-2.580741,0.000000
0.437660,-2.576179,0.000000
0.442690,-2.571628,0.000000
0.447721,-2.567088,0.000000
0.452752,-2.562558,0.000000
0.457782,-2.558040,0.000000
0.462813,-2.553533,0.000000
0.467843,-2.549038,0.000000
0.472874,-2.544553,0.000000
0.477904,-2.540081,0.000000
0.482935,-2.535620,0.000000
0.487966,-2.531170,0.000000
0.492996,-2.526733,0.000000
0.498027,-2.522307,0.000000
0.503057,-2.517894,0.000000
0.508088,-2.513492,0.000000
0.513118,-2.509104,0.000000
0.518149,-2.504727,0.000000
0.523180,-2.500363,0.000000
0.528210,-2.496012,0.000000
0.533241,-2.491673,0.000000
0.538271,-2.487348,0.000000
0.543302,-2.483035,0.000000
0.548332,-2.478735,0.000000
0.553363,-2.474449,0.000000
0.558394,-2.470176,0.000000
0.563424,-2.465916,0.000000
0.568455,-2.461670,0.000000
0.573485,-2.457437,0.000000
0.578516,-2.453218,0.000000
0.583546,-2.449013,0.000000
0.588577,-2.444822,0.000000
0.593608,-2.440645,0.000000
0.598638,-2.436482,0.000000
0.603669,-2.432333,0.000000
0.608699,-2.428199,0.000000
0.613730,-2.424079,0.000000
0.618760,-2.419974,0.000000
0.623791,-2.415884,0.000000
0.628822,-2.411808,0.000000
0.633852,-2.407747,0.000000
0.638883,-2.403701,0.000000
0.643913,-2.399670,0.000000
0.648944,-2.395655,0.000000
0.653974,-2.391654,0.000000
0.659005,-2.387669,0.000000
0.664036,-2.383700,0.000000
0.669066,-2.379746,0.000000
0.674097,-2.375808,0.000000
0.679127,-2.371886,0.000000
0.684158,-2.367979,0.000000
0.689188,-2.364089,0.000000
0.694219,-2.360215,0.000000
0.699250,-2.356356,0.000000
0.704280,-2.352515,0.000000
0.709311,-2.348689,0.000000
0.714341,-2.344880,0.000000
0.719372,-2.341088,0.000000
0.724402,-2.337312,0.000000
0.729433,-2.333553,0.000000
0.734464,-2.329811,0.000000
0.739494,-2.326086,0.000000
0.744525,-2.322378,0.000000
0.749555,-2.318687,0.000000
0.754586,-2.315013,0.000000
0.759616,-2.311357,0.000000
0.764647,-2.307718,0.000000
0.769678,-2.304096,0.000000
0.774708,-2.300492,0.000000
0.779739,-2.296906,0.000000
0.784769,-2.293338,0.000000
0.789800,-2.289788,0.000000
0.794830,-2.286255,0.000000
0.799861,-2.282741,0.000000
0.804892,-2.279244,0.000000
0.809922,-2.275766,0.000000
0.814953,-2.272307,0.000000
0.819983,-2.268866,0.000000
0.825014,-2.265443,0.000000
0.830044,-2.262039,0.000000
0.835075,-2.258653,0.000000
0.840106,-2.255286,0.000000
0.845136,-2.251938,0.000000
0.850167,-2.248610,0.000000
0.855197,-2.245300,0.000000
0.860228,-2.242009,0.000000
0.865259,-2.238737,0.000000
0.870289,-2.235485,0.000000
0.875320,-2.232252,0.000000
0.880350,-2.229038,0.000000
0.885381,-2.225844,0.000000
0.890411,-2.222669,0.000000
0.895442,-2.219515,0.000000
0.900473,-2.216379,0.000000
0.905503,-2.213264,0.000000
0.910534,-2.210169,0.000000
0.915564,-2.207093,0.000000
0.920595,-2.204038,0.000000
0.925625,-2.201003,0.000000
0.930656,-2.197988,0.000000
0.935687,-2.194993,0.000000
0.940717,-2.192019,0.000000
0.945748,-2.189065,0.000000
0.950778,-2.186132,0.000000
0.955809,-2.183219,0.000000
0.960839,-2.180327,0.000000
0.965870,-2.177456,0.000000
0.970901,-2.174606,0.000000
0.975931,-2.171776,0.000000
0.980962,-2.168967,0.000000
0.985992,-2.166180,0.000000
0.991023,-2.163413,0.000000
0.996053,-2.160668,0.000000
1.001084,-2.157944,0.000000
1.006115,-2.155241,0.000000
1.011145,-2.152560,0.000000
1.016176,-2.149900,0.000000
1.021206,-2.147261,0.000000
1.026237,-2.144644,0.000000
1.031267,-2.142049,0.000000
1.036298,-2.139476,0.000000
1.041329,-2.136924,0.000000
1.046359,-2.134394,0.000000
1.051390,-2.131886,0.000000
1.056420,-2.129400,0.000000
1.061451,-2.126936,0.000000
1.066481,-2.124494,0.000000
1.071512,-2.122075,0.000000
1.076543,-2.119677,0.000000
1.081573,-2.117302,0.000000
1.086604,-2.114949,0.000000
1.091634,-2.112618,0.000000
1.096665,-2.110310,0.000000
1.101695,-2.108025,0.000000
1.106726,-2.105762,0.000000
1.111757,-2.103522,0.000000
1.116787,-2.101304,0.000000
1.121818,-2.099109,0.000000
1.126848,-2.096937,0.000000
1.131879,-2.094788,0.000000
1.136909,-2.092661,0.000000
1.141940,-2.090558,0.000000
1.146971,-2.088478,0.000000
1.152001,-2.086420,0.000000
1.157032,-2.084386,0.000000
1.162062,-2.082375,0.000000
1.167093,-2.080388,0.000000
1.172123,-2.078423,0.000000
1.177154,-2.076482,0.000000
1.182185,-2.074564,0.000000
1.187215,-2.072670,0.000000
1.192246,-2.070799,0.000000
1.197276,-2.068951,0.000000
1.202307,-2.067127,0.000000
1.207337,-2.065327,0.000000
1.212368,-2.063551,0.000000
1.217399,-2.061798,0.000000
1.222429,-2.060069,0.000000
1.227460,-2.058363,0.000000
1.232490,-2.056682,0.000000
1.237521,-2.055024,0.000000
1.242551,-2.053390,0.000000
1.247582,-2.051781,0.000000
1.252613,-2.050195,0.000000
1.257643,-2.048633,0.000000
1.262674,-2.047095,0.000000
1.267704,-2.045582,0.000000
1.272735,-2.044092,0.000000
1.277765,-2.042627,0.000000
1.282796,-2.041186,0.000000
1.287827,-2.039769,0.000000
1.292857,-2.038377,0.000000
1.297888,-2.037009,0.000000
1.302918,-2.035665,0.000000
1.307949,-2.034346,0.000000
1.312979,-2.033051,0.000000
1.318010,-2.031781,0.000000
1.323041,-2.030535,0.000000
1.328071,-2.029313,0.000000
1.333102,-2.028117,0.000000
1.338132,-2.026944,0.000000
1.343163,-2.025797,0.000000
1.348193,-2.024674,0.000000
1.353224,-2.023576,0.000000
1.358255,-2.022502,0.000000
1.363285,-2.021453,0.000000
1.368316,-2.020429,0.000000
1.373346,-2.019430,0.000000
1.378377,-2.018456,0.000000
1.383407,-2.017506,0.000000
1.388438,-2.016581,0.000000
1.393469,-2.015681,0.000000
1.398499,-2.014806,0.000000
1.403530,-2.013956,0.000000
1.408560,-2.013131,0.000000
1.413591,-2.012331,0.000000
1.418622,-2.011556,0.000000
1.423652,-2.010806,0.000000
1.428683,-2.010081,0.000000
1.433713,-2.009381,0.000000
1.438744,-2.008706,0.000000
1.443774,-2.008056,0.000000
1.448805,-2.007432,0.000000
1.453836,-2.006832,0.000000
1.458866,-2.006258,0.000000
1.463897,-2.005708,0.000000
1.468927,-2.005184,0.000000
1.473958,-2.004685,0.000000
1.478988,-2.004211,0.000000
1.484019,-2.003763,0.000000
1.489050,-2.003339,0.000000
1.494080,-2.002941,0.000000
1.499111,-2.002568,0.000000
1.504141,-2.002221,0.000000
1.509172,-2.001898,0.000000
1.514202,-2.001601,0.000000
1.519233,-2.001329,0.000000
1.524264,-2.001082,0.000000
1.529294,-2.000861,0.000000
1.534325,-2.000665,0.000000
1.539355,-2.000494,0.000000
1.544386,-2.000349,0.000000
1.549416,-2.000229,0.000000
1.554447,-2.000134,0.000000
1.559478,-2.000064,0.000000
1.564508,-2.000020,0.000000
1.569539,-2.000001,0.000000
1.574569,-2.000007,0.000000
1.579600,-2.000039,0.000000
1.584630,-2.000096,0.000000
1.589661,-2.000178,0.000000
1.594692,-2.000285,0.000000
1.599722,-2.000418,0.000000
1.604753,-2.000576,0.000000
1.609783,-2.000760,0.000000
1.614814,-2.000969,0.000000
1.619844,-2.001203,0.000000
1.624875,-2.001462,0.000000
1.629906,-2.001746,0.000000
1.634936,-2.002056,0.000000
1.639967,-2.002391,0.000000
1.644997,-2.002752,0.000000
1.650028,-2.003137,0.000000
1.655058,-2.003548,0.000000
1.660089,-2.003984,0.000000
1.665120,-2.004445,0.000000
1.670150,-2.004932,0.000000
1.675181,-2.005443,0.000000
1.680211,-2.005980,0.000000
1.685242,-2.006542,0.000000
1.690272,-2.007129,0.000000
1.695303,-2.007741,0.000000
1.700334,-2.008378,0.000000
1.705364,-2.009041,0.000000
1.710395,-2.009728,0.000000
1.715425,-2.010441,0.000000
1.720456,-2.011178,0.000000
1.725486,-2.011941,0.000000
1.730517,-2.012728,0.000000
1.735548,-2.013541,0.000000
1.740578,-2.014378,0.000000
1.745609,-2.015241,0.000000
1.750639,-2.016128,0.000000
1.755670,-2.017040,0.000000
1.760700,-2.017978,0.000000
1.765731,-2.018940,0.000000
1.770762,-2.019927,0.000000
1.775792,-2.020938,0.000000
1.780823,-2.021975,0.000000
1.785853,-2.023036,0.000000
1.790884,-2.024122,0.000000
1.795914,-2.025232,0.000000
1.800945,-2.026368,0.000000
1.805976,-2.027527,0.000000
1.811006,-2.028712,0.000000
1.816037,-2.029921,0.000000
1.821067,-2.031155,0.000000
1.826098,-2.032413,0.000000
1.831128,-2.033695,0.000000
1.836159,-2.035003,0.000000
1.841190,-2.036334,0.000000
1.846220,-2.037690,0.000000
1.851251,-2.039070,0.000000
1.856281,-2.040475,0.000000
1.861312,-2.041904,0.000000
1.866342,-2.043357,0.000000
1.871373,-2.044834,0.000000
1.876404,-2.046336,0.000000
1.881434,-2.047861,0.000000
1.886465,-2.049411,0.000000
1.891495,-2.050985,0.000000
1.896526,-2.052582,0.000000
1.901556,-2.054204,0.000000
1.906587,-2.055850,0.000000
1.911618,-2.057520,0.000000
1.916648,-2.059213,0.000000
1.921679,-2.060930,0.000000
1.926709,-2.062671,0.000000
1.931740,-2.064436,0.000000
1.936770,-2.066224,0.000000
1.941801,-2.068036,0.000000
1.946832,-2.069872,0.000000
1.951862,-2.071731,0.000000
1.956893,-2.073614,0.000000
1.961923,-2.075520,0.000000
1.966954,-2.077450,0.000000
1.971984,-2.079402,0.000000
1.977015,-2.081378,0.000000
1.982046,-2.083378,0.000000
1.987076,-2.085400,0.000000
1.992107,-2.087446,0.000000
1.997137,-2.089515,0.000000
2.002168,-2.091607,0.000000
2.007199,-2.093722,0.000000
2.012229,-2.095860,0.000000
2.017260,-2.098020,0.000000
2.022290,-2.100204,0.000000
2.027321,-2.102410,0.000000
2.032351,-2.104639,0.000000
2.037382,-2.106891,0.000000
2.042413,-2.109165,0.000000
2.047443,-2.111462,0.000000
2.052474,-2.113781,0.000000
2.057504,-2.116123,0.000000
2.062535,-2.118487,0.000000
2.067565,-2.120873,0.000000
2.072596,-2.123282,0.000000
2.077627,-2.125712,0.000000
2.082657,-2.128165,0.000000
2.087688,-2.130640,0.000000
2.092718,-2.133137,0.000000
2.097749,-2.135656,0.000000
2.102779,-2.138197,0.000000
2.107810,-2.140760,0.000000
2.112841,-2.143344,0.000000
2.117871,-2.145950,0.000000
2.122902,-2.148578,0.000000
2.127932,-2.151227,0.000000
2.132963,-2.153898,0.000000
2.137993,-2.156590,0.000000
2.143024,-2.159303,0.000000
2.148055,-2.162038,0.000000
2.153085,-2.164794,0.000000
2.158116,-2.167571,0.000000
2.163146,-2.170369,0.000000
2.168177,-2.173188,0.000000
2.173207,-2.176028,0.000000
2.178238,-2.178889,0.000000
2.183269,-2.181771,0.000000
2.188299,-2.184673,0.000000
2.193330,-2.187596,0.000000
2.198360,-2.190540,0.000000
2.203391,-2.193504,0.000000
2.208421,-2.196488,0.000000
2.213452,-2.199493,0.000000
2.218483,-2.202518,0.000000
2.223513,-2.205563,0.000000
2.228544,-2.208629,0.000000
2.233574,-2.211714,0.000000
2.238605,-2.214819,0.000000
2.243635,-2.217945,0.000000
2.248666,-2.221090,0.000000
2.253697,-2.224254,0.000000
2.258727,-2.227439,0.000000
2.263758,-2.230642,0.000000
2.268788,-2.233866,0.000000
2.273819,-2.237108,0.000000
2.278849,-2.240371,0.000000
2.283880,-2.243652,0.000000
2.288911,-2.246952,0.000000
2.293941,-2.250272,0.000000
2.298972,-2.253610,0.000000
2.304002,-2.256967,0.000000
2.309033,-2.260344,0.000000
2.314063,-2.263738,0.000000
2.319094,-2.267152,0.000000
2.324125,-2.270584,0.000000
2.329155,-2.274034,0.000000
2.334186,-2.277503,0.000000
2.339216,-2.280990,0.000000
2.344247,-2.284496,0.000000
2.349277,-2.288019,0.000000
2.354308,-2.291561,0.000000
2.359339,-2.295120,0.000000
2.364369,-2.298697,0.000000
2.369400,-2.302292,0.000000
2.374430,-2.305905,0.000000
2.379461,-2.309535,0.000000
2.384491,-2.313183,0.000000
2.389522,-2.316848,0.000000
2.394553,-2.320530,0.000000
2.399583,-2.324230,0.000000
2.404614,-2.327946,0.000000
2.409644,-2.331680,0.000000
2.414675,-2.335430,0.000000
2.419705,-2.339198,0.000000
2.424736,-2.342982,0.000000
2.429767,-2.346783,0.000000
2.434797,-2.350600,0.000000
2.439828,-2.354433,0.000000
2.444858,-2.358283,0.000000
2.449889,-2.362150,0.000000
2.454919,-2.366032,0.000000
2.459950,-2.369931,0.000000
2.464981,-2.373845,0.000000
2.470011,-2.377775,0.000000
2.475042,-2.381721,0.000000
2.480072,-2.385683,0.000000
2.485103,-2.389660,0.000000
2.490133,-2.393653,0.000000
2.495164,-2.397661,0.000000
2.500195,-2.401684,0.000000
2.505225,-2.405722,0.000000
2.510256,-2.409776,0.000000
2.515286,-2.413844,0.000000
2.520317,-2.417927,0.000000
2.525347,-2.422025,0.000000
2.530378,-2.426137,0.000000
2.535409,-2.430264,0.000000
2.540439,-2.434406,0.000000
2.545470,-2.438562,0.000000
2.550500,-2.442732,0.000000
2.555531,-2.446916,0.000000
2.560562,-2.451114,0.000000
2.565592,-2.455326,0.000000
2.570623,-2.459552,0.000000
2.575653,-2.463791,0.000000
2.580684,-2.468044,0.000000
2.585714,-2.472310,0.000000
2.590745,-2.476590,0.000000
2.595776,-2.480883,0.000000
2.600806,-2.485190,0.000000
2.605837,-2.489509,0.000000
2.610867,-2.493841,0.000000
2.615898,-2.498186,0.000000
2.620928,-2.502544,0.000000
2.625959,-2.506914,0.000000
2.630990,-2.511296,0.000000
2.636020,-2.515692,0.000000
2.641051,-2.520099,0.000000
2.646081,-2.524518,0.000000
2.651112,-2.528950,0.000000
2.656142,-2.533393,0.000000
2.661173,-2.537849,0.000000
2.666204,-2.542316,0.000000
2.671234,-2.546794,0.000000
2.676265,-2.551284,0.000000
2.681295,-2.555785,0.000000
2.686326,-2.560298,0.000000
2.691356,-2.564822,0.000000
2.696387,-2.569356,0.000000
2.701418,-2.573902,0.000000
2.706448,-2.578459,0.000000
2.711479,-2.583026,0.000000
2.716509,-2.587603,0.000000
2.721540,-2.592191,0.000000
2.726570,-2.596790,0.000000
2.731601,-2.601398,0.000000
2.736632,-2.606017,0.000000
2.741662,-2.610646,0.000000
2.746693,-2.615284,0.000000
2.751723,-2.619932,0.000000
2.756754,-2.624590,0.000000
2.761784,-2.629258,0.000000
2.766815,-2.633934,0.000000
2.771846,-2.638620,0.000000
2.776876,-2.643316,0.000000
2.781907,-2.648020,0.000000
2.786937,-2.652733,0.000000
2.791968,-2.657455,0.000000
2.796998,-2.662185,0.000000
2.802029,-2.666924,0.000000
2.807060,-2.671672,0.000000
2.812090,-2.676428,0.000000
2.817121,-2.681192,0.000000
2.822151,-2.685964,0.000000
2.827182,-2.690744,0.000000
2.832212,-2.695532,0.000000
2.837243,-2.700327,0.000000
2.842274,-2.705130,0.000000
2.847304,-2.709941,0.000000
2.852335,-2.714759,0.000000
2.857365,-2.719584,0.000000
2.862396,-2.724416,0.000000
2.867426,-2.729256,0.000000
2.872457,-2.734102,0.000000
2.877488,-2.738955,0.000000
2.882518,-2.743814,0.000000
2.887549,-2.748680,0.000000
2.892579,-2.753552,0.000000
2.897610,-2.758431,0.000000
2.902640,-2.763315,0.000000
2.907671,-2.768206,0.000000
2.912702,-2.773102,0.000000
2.917732,-2.778005,0.000000
2.922763,-2.782912,0.000000
2.927793,-2.787826,0.000000
2.932824,-2.792744,0.000000
2.937854,-2.797668,0.000000
2.942885,-2.802597,0.000000
2.947916,-2.807532,0.000000
2.952946,-2.812470,0.000000
2.957977,-2.817414,0.000000
2.963007,-2.822362,0.000000
2.968038,-2.827315,0.000000
2.973068,-2.832272,0.000000
2.978099,-2.837234,0.000000
2.983130,-2.842199,0.000000
2.988160,-2.847169,0.000000
2.993191,-2.852142,0.000000
2.998221,-2.857119,0.000000
3.003252,-2.862100,0.000000
3.008282,-2.867084,0.000000
3.013313,-2.872072,0.000000
3.018344,-2.877063,0.000000
3.023374,-2.882057,0.000000
3.028405,-2.887054,0.000000
3.033435,-2.892053,0.000000
3.038466,-2.897056,0.000000
3.043496,-2.902061,0.000000
3.048527,-2.907069,0.000000
3.053558,-2.912079,0.000000
3.058588,-2.917091,0.000000
3.063619,-2.922105,0.000000
3.068649,-2.927121,0.000000
3.073680,-2.932139,0.000000
3.078710,-2.937159,0.000000
3.083741,-2.942181,0.000000
3.088772,-2.947204,0.000000
3.093802,-2.952228,0.000000
3.098833,-2.957253,0.000000
3.103863,-2.962280,0.000000
3.108894,-2.967307,0.000000
3.113925,-2.972335,0.000000
3.118955,-2.977364,0.000000
3.123986,-2.982394,0.000000
3.129016,-2.987424,0.000000
3.134047,-2.992454,0.000000
3.139077,-2.997485,0.000000
3.144108,-3.002515,0.000000
3.149139,-3.007546,0.000000
3.154169,-3.012576,0.000000
3.159200,-3.017606,0.000000
3.164230,-3.022636,0.000000
3.169261,-3.027665,0.000000
3.174291,-3.032693,0.000000
3.179322,-3.037720,0.000000
3.184353,-3.042747,0.000000
3.189383,-3.047772,0.000000
3.194414,-3.052796,0.000000
3.199444,-3.057819,0.000000
3.204475,-3.062841,0.000000
3.209505,-3.067861,0.000000
3.214536,-3.072879,0.000000
3.219567,-3.077895,0.000000
3.224597,-3.082909,0.000000
3.229628,-3.087921,0.000000
3.234658,-3.092931,0.000000
3.239689,-3.097939,0.000000
3.244719,-3.102944,0.000000
3.249750,-3.107947,0.000000
3.254781,-3.112946,0.000000
3.259811,-3.117943,0.000000
3.264842,-3.122937,0.000000
3.269872,-3.127928,0.000000
3.274903,-3.132916,0.000000
3.279933,-3.137900,0.000000
3.284964,-3.142881,0.000000
3.289995,-3.147858,0.000000
3.295025,-3.152831,0.000000
3.300056,-3.157801,0.000000
3.305086,-3.162766,0.000000
3.310117,-3.167728,0.000000
3.315147,-3.172685,0.000000
3.320178,-3.177638,0.000000
3.325209,-3.182586,0.000000
3.330239,-3.187530,0.000000
3.335270,-3.192468,0.000000
3.340300,-3.197403,0.000000
3.345331,-3.202332,0.000000
3.350361,-3.207256,0.000000
3.355392,-3.212174,0.000000
3.360423,-3.217088,0.000000
3.365453,-3.221995,0.000000
3.370484,-3.226898,0.000000
3.375514,-3.231794,0.000000
3.380545,-3.236685,0.000000
3.385575,-3.241569,0.000000
3.390606,-3.246448,0.000000
3.395637,-3.251320,0.000000
3.400667,-3.256186,0.000000
3.405698,-3.261045,0.000000
3.410728,-3.265898,0.000000
3.415759,-3.270744,0.000000
3.420789,-3.275584,0.000000
3.425820,-3.280416,0.000000
3.430851,-3.285241,0.000000
3.435881,-3.290059,0.000000
3.440912,-3.294870,0.000000
3.445942,-3.299673,0.000000
3.450973,-3.304468,0.000000
3.456003,-3.309256,0.000000
3.461034,-3.314036,0.000000
3.466065,-3.318808,0.000000
3.471095,-3.323572,0.000000
3.476126,-3.328328,0.000000
3.481156,-3.333076,0.000000
3.486187,-3.337815,0.000000
3.491217,-3.342545,0.000000
3.496248,-3.347267,0.000000
3.501279,-3.351980,0.000000
3.506309,-3.356684,0.000000
3.511340,-3.361380,0.000000
3.516370,-3.366066,0.000000
3.521401,-3.370742,0.000000
3.526431,-3.375410,0.000000
3.531462,-3.380068,0.000000
3.536493,-3.384716,0.000000
3.541523,-3.389354,0.000000
3.546554,-3.393983,0.000000
3.551584,-3.398602,0.000000
3.556615,-3.403210,0.000000
3.561645,-3.407809,0.000000
3.566676,-3.412397,0.000000
3.571707,-3.416974,0.000000
3.576737,-3.421541,0.000000
3.581768,-3.426098,0.000000
3.586798,-3.430644,0.000000
3.591829,-3.435178,0.000000
3.596859,-3.439702,0.000000
3.601890,-3.444215,0.000000
3.606921,-3.448716,0.000000
3.611951,-3.453206,0.000000
3.616982,-3.457684,0.000000
3.622012,-3.462151,0.000000
3.627043,-3.466607,0.000000
3.632073,-3.471050,0.000000
3.637104,-3.475482,0.000000
3.642135,-3.479901,0.000000
3.647165,-3.484308,0.000000
3.652196,-3.488704,0.000000
3.657226,-3.493086,0.000000
3.662257,-3.497456,0.000000
3.667288,-3.501814,0.000000
3.672318,-3.506159,0.000000
3.677349,-3.510491,0.000000
3.682379,-3.514810,0.000000
3.687410,-3.519117,0.000000
3.692440,-3.523410,0.000000
3.697471,-3.527690,0.000000
3.702502,-3.531956,0.000000
3.707532,-3.536209,0.000000
3.712563,-3.540448,0.000000
3.717593,-3.544674,0.000000
3.722624,-3.548886,0.000000
3.727654,-3.553084,0.000000
3.732685,-3.557268,0.000000
3.737716,-3.561438,0.000000
3.742746,-3.565594,0.000000
3.747777,-3.569736,0.000000
3.752807,-3.573863,0.000000
3.757838,-3.577975,0.000000
3.762868,-3.582073,0.000000
3.767899,-3.586156,0.000000
3.772930,-3.590224,0.000000
3.777960,-3.594278,0.000000
3.782991,-3.598316,0.000000
3.788021,-3.602339,0.000000
3.793052,-3.606347,0.000000
3.798082,-3.610340,0.000000
3.803113,-3.614317,0.000000
3.808144,-3.618279,0.000000
3.813174,-3.622225,0.000000
3.818205,-3.626155,0.000000
3.823235,-3.630069,0.000000
3.828266,-3.633968,0.000000
3.833296,-3.637850,0.000000
3.838327,-3.641717,0.000000
3.843358,-3.645567,0.000000
3.848388,-3.649400,0.000000
3.853419,-3.653217,0.000000
3.858449,-3.657018,0.000000
3.863480,-3.660802,0.000000
3.868510,-3.664570,0.000000
3.873541,-3.668320,0.000000
3.878572,-3.672054,0.000000
3.883602,-3.675770,0.000000
3.888633,-3.679470,0.000000
3.893663,-3.683152,0.000000
3.898694,-3.686817,0.000000
3.903724,-3.690465,0.000000
3.908755,-3.694095,0.000000
3.913786,-3.697708,0.000000
3.918816,-3.701303,0.000000
3.923847,-3.704880,0.000000
3.928877,-3.708439,0.000000
3.933908,-3.711981,0.000000
3.938938,-3.715504,0.000000
3.943969,-3.719010,0.000000
3.949000,-3.722497,0.000000
3.954030,-3.725966,0.000000
3.959061,-3.729416,0.000000
3.964091,-3.732848,0.000000
3.969122,-3.736262,0.000000
3.974152,-3.739656,0.000000
3.979183,-3.743033,0.000000
3.984214,-3.746390,0.000000
3.989244,-3.749728,0.000000
3.994275,-3.753048,0.000000
3.999305,-3.756348,0.000000
4.004336,-3.759629,0.000000
4.009366,-3.762892,0.000000
4.014397,-3.766134,0.000000
4.019428,-3.769358,0.000000
4.024458,-3.772561,0.000000
4.029489,-3.775746,0.000000
4.034519,-3.778910,0.000000
4.039550,-3.782055,0.000000
4.044580,-3.785181,0.000000
4.049611,-3.788286,0.000000
4.054642,-3.791371,0.000000
4.059672,-3.794437,0.000000
4.064703,-3.797482,0.000000
4.069733,-3.800507,0.000000
4.074764,-3.803512,0.000000
4.079794,-3.806496,0.000000
4.084825,-3.809460,0.000000
4.089856,-3.812404,0.000000
4.094886,-3.815327,0.000000
4.099917,-3.818229,0.000000
4.104947,-3.821111,0.000000
4.109978,-3.823972,0.000000
4.115008,-3.826812,0.000000
4.120039,-3.829631,0.000000
4.125070,-3.832429,0.000000
4.130100,-3.835206,0.000000
4.135131,-3.837962,0.000000
4.140161,-3.840697,0.000000
4.145192,-3.843410,0.000000
4.150222,-3.846102,0.000000
4.155253,-3.848773,0.000000
4.160284,-3.851422,0.000000
4.165314,-3.854050,0.000000
4.170345,-3.856656,0.000000
4.175375,-3.859240,0.000000
4.180406,-3.861803,0.000000
4.185436,-3.864344,0.000000
4.190467,-3.866863,0.000000
4.195498,-3.869360,0.000000
4.200528,-3.871835,0.000000
4.205559,-3.874288,0.000000
4.210589,-3.876718,0.000000
4.215620,-3.879127,0.000000
4.220650,-3.881513,0.000000
4.225681,-3.883877,0.000000
4.230712,-3.886219,0.000000
4.235742,-3.888538,0.000000
4.240773,-3.890835,0.000000
4.245803,-3.893109,0.000000
4.250834,-3.895361,0.000000
4.255865,-3.897590,0.000000
4.260895,-3.899796,0.000000
4.265926,-3.901980,0.000000
4.270956,-3.904140,0.000000
4.275987,-3.906278,0.000000
4.281017,-3.908393,0.000000
4.286048,-3.910485,0.000000
4.291079,-3.912554,0.000000
4.296109,-3.914600,0.000000
4.301140,-3.916622,0.000000
4.306170,-3.918622,0.000000
4.311201,-3.920598,0.000000
4.316231,-3.922550,0.000000
4.321262,-3.924480,0.000000
4.326293,-3.926386,0.000000
4.331323,-3.928269,0.000000
4.336354,-3.930128,0.000000
4.341384,-3.931964,0.000000
4.346415,-3.933776,0.000000
4.351445,-3.935564,0.000000
4.356476,-3.937329,0.000000
4.361507,-3.939070,0.000000
4.366537,-3.940787,0.000000
4.371568,-3.942480,0.000000
4.376598,-3.944150,0.000000
4.381629,-3.945796,0.000000
4.386659,-3.947418,0.000000
4.391690,-3.949015,0.000000
4.396721,-3.950589,0.000000
4.401751,-3.952139,0.000000
4.406782,-3.953664,0.000000
4.411812,-3.955166,0.000000
4.416843,-3.956643,0.000000
4.421873,-3.958096,0.000000
4.426904,-3.959525,0.000000
4.431935,-3.960930,0.000000
4.436965,-3.962310,0.000000
4.441996,-3.963666,0.000000
4.447026,-3.964997,0.000000
4.452057,-3.966305,0.000000
4.457087,-3.967587,0.000000
4.462118,-3.968845,0.000000
4.467149,-3.970079,0.000000
4.472179,-3.971288,0.000000
4.477210,-3.972473,0.000000
4.482240,-3.973632,0.000000
4.487271,-3.974768,0.000000
4.492301,-3.975878,0.000000
4.497332,-3.976964,0.000000
4.502363,-3.978025,0.000000
4.507393,-3.979062,0.000000
4.512424,-3.980073,0.000000
4.517454,-3.981060,0.000000
4.522485,-3.982022,0.000000
4.527515,-3.982960,0.000000
4.532546,-3.983872,0.000000
4.537577,-3.984759,0.000000
4.542607,-3.985622,0.000000
4.547638,-3.986459,0.000000
4.552668,-3.987272,0.000000
4.557699,-3.988059,0.000000
4.562729,-3.988822,0.000000
4.567760,-3.989559,0.000000
4.572791,-3.990272,0.000000
4.577821,-3.990959,0.000000
4.582852,-3.991622,0.000000
4.587882,-3.992259,0.000000
4.592913,-3.992871,0.000000
4.597943,-3.993458,0.000000
4.602974,-3.994020,0.000000
4.608005,-3.994557,0.000000
4.613035,-3.995068,0.000000
4.618066,-3.995555,0.000000
4.623096,-3.996016,0.000000
4.628127,-3.996452,0.000000
4.633157,-3.996863,0.000000
4.638188,-3.997248,0.000000
4.643219,-3.997609,0.000000
4.648249,-3.997944,0.000000
4.653280,-3.998254,0.000000
4.658310,-3.998538,0.000000
4.663341,-3.998797,0.000000
4.668371,-3.999031,0.000000
4.673402,-3.999240,0.000000
4.678433,-3.999424,0.000000
4.683463,-3.999582,0.000000
4.688494,-3.999715,0.000000
4.693524,-3.999822,0.000000
4.698555,-3.999904,0.000000
4.703585,-3.999961,0.000000
4.708616,-3.999993,0.000000
4.713647,-3.999999,0.000000
4.718677,-3.999980,0.000000
4.723708,-3.999936,0.000000
4.728738,-3.999866,0.000000
4.733769,-3.999771,0.000000
4.738799,-3.999651,0.000000
4.743830,-3.999506,0.000000
4.748861,-3.999335,0.000000
4.753891,-3.999139,0.000000
4.758922,-3.998918,0.000000
4.763952,-3.998671,0.000000
4.768983,-3.998399,0.000000
4.774013,-3.998102,0.000000
4.779044,-3.997779,0.000000
4.784075,-3.997432,0.000000
4.789105,-3.997059,0.000000
4.794136,-3.996661,0.000000
4.799166,-3.996237,0.000000
4.804197,-3.995789,0.000000
4.809228,-3.995315,0.000000
4.814258,-3.994816,0.000000
4.819289,-3.994292,0.000000
4.824319,-3.993742,0.000000
4.829350,-3.993168,0.000000
4.834380,-3.992568,0.000000
4.839411,-3.991944,0.000000
4.844442,-3.991294,0.000000
4.849472,-3.990619,0.000000
4.854503,-3.989919,0.000000
4.859533,-3.989194,0.000000
4.864564,-3.988444,0.000000
4.869594,-3.987669,0.000000
4.874625,-3.986869,0.000000
4.879656,-3.986044,0.000000
4.884686,-3.985194,0.000000
4.889717,-3.984319,0.000000
4.894747,-3.983419,0.000000
4.899778,-3.982494,0.000000
4.904808,-3.981544,0.000000
4.909839,-3.980570,0.000000
4.914870,-3.979571,0.000000
4.919900,-3.978547,0.000000
4.924931,-3.977498,0.000000
4.929961,-3.976424,0.000000
4.934992,-3.975326,0.000000
4.940022,-3.974203,0.000000
4.945053,-3.973056,0.000000
4.950084,-3.971883,0.000000
4.955114,-3.970687,0.000000
4.960145,-3.969465,0.000000
4.965175,-3.968219,0.000000
4.970206,-3.966949,0.000000
4.975236,-3.965654,0.000000
4.980267,-3.964335,0.000000
4.985298,-3.962991,0.000000
4.990328,-3.961623,0.000000
4.995359,-3.960231,0.000000
5.000389,-3.958814,0.000000
5.005420,-3.957373,0.000000
5.010450,-3.955908,0.000000
5.015481,-3.954418,0.000000
5.020512,-3.952905,0.000000
5.025542,-3.951367,0.000000
5.030573,-3.949805,0.000000
5.035603,-3.948219,0.000000
5.040634,-3.946610,0.000000
5.045664,-3.944976,0.000000
5.050695,-3.943318,0.000000
5.055726,-3.941637,0.000000
5.060756,-3.939931,0.000000
5.065787,-3.938202,0.000000
5.070817,-3.936449,0.000000
5.075848,-3.934673,0.000000
5.080878,-3.932873,0.000000
5.085909,-3.931049,0.000000
5.090940,-3.929201,0.000000
5.095970,-3.927330,0.000000
5.101001,-3.925436,0.000000
5.106031,-3.923518,0.000000
5.111062,-3.921577,0.000000
5.116092,-3.919612,0.000000
5.121123,-3.917625,0.000000
5.126154,-3.915614,0.000000
5.131184,-3.913580,0.000000
5.136215,-3.911522,0.000000
5.141245,-3.909442,0.000000
5.146276,-3.907339,0.000000
5.151306,-3.905212,0.000000
5.156337,-3.903063,0.000000
5.161368,-3.900891,0.000000
5.166398,-3.898696,0.000000
5.171429,-3.896478,0.000000
5.176459,-3.894238,0.000000
5.181490,-3.891975,0.000000
5.186520,-3.889690,0.000000
5.191551,-3.887382,0.000000
5.196582,-3.885051,0.000000
5.201612,-3.882698,0.000000
5.206643,-3.880323,0.000000
5.211673,-3.877925,0.000000
5.216704,-3.875506,0.000000
5.221734,-3.873064,0.000000
5.226765,-3.870600,0.000000
5.231796,-3.868114,0.000000
5.236826,-3.865606,0.000000
5.241857,-3.863076,0.000000
5.246887,-3.860524,0.000000
5.251918,-3.857951,0.000000
5.256948,-3.855356,0.000000
5.261979,-3.852739,0.000000
5.267010,-3.850100,0.000000
5.272040,-3.847440,0.000000
5.277071,-3.844759,0.000000
5.282101,-3.842056,0.000000
5.287132,-3.839332,0.000000
5.292162,-3.836587,0.000000
5.297193,-3.833820,0.000000
5.302224,-3.831033,0.000000
5.307254,-3.828224,0.000000
5.312285,-3.825394,0.000000
5.317315,-3.822544,0.000000
5.322346,-3.819673,0.000000
5.327376,-3.816781,0.000000
5.332407,-3.813868,0.000000
5.337438,-3.810935,0.000000
5.342468,-3.807981,0.000000
5.347499,-3.805007,0.000000
5.352529,-3.802012,0.000000
5.357560,-3.798997,0.000000
5.362591,-3.795962,0.000000
5.367621,-3.792907,0.000000
5.372652,-3.789831,0.000000
5.377682,-3.786736,0.000000
5.382713,-3.783621,0.000000
5.387743,-3.780485,0.000000
5.392774,-3.777331,0.000000
5.397805,-3.774156,0.000000
5.402835,-3.770962,0.000000
5.407866,-3.767748,0.000000
5.412896,-3.764515,0.000000
5.417927,-3.761263,0.000000
5.422957,-3.757991,0.000000
5.427988,-3.754700,0.000000
5.433019,-3.751390,0.000000
5.438049,-3.748062,0.000000
5.443080,-3.744714,0.000000
5.448110,-3.741347,0.000000
5.453141,-3.737961,0.000000
5.458171,-3.734557,0.000000
5.463202,-3.731134,0.000000
5.468233,-3.727693,0.000000
5.473263,-3.724234,0.000000
5.478294,-3.720756,0.000000
5.483324,-3.717259,0.000000
5.488355,-3.713745,0.000000
5.493385,-3.710212,0.000000
5.498416,-3.706662,0.000000
5.503447,-3.703094,0.000000
5.508477,-3.699508,0.000000
5.513508,-3.695904,0.000000
5.518538,-3.692282,0.000000
5.523569,-3.688643,0.000000
5.528599,-3.684987,0.000000
5.533630,-3.681313,0.000000
5.538661,-3.677622,0.000000
5.543691,-3.673914,0.000000
5.548722,-3.670189,0.000000
5.553752,-3.666447,0.000000
5.558783,-3.662688,0.000000
5.563813,-3.658912,0.000000
5.568844,-3.655120,0.000000
5.573875,-3.651311,0.000000
5.578905,-3.647485,0.000000
5.583936,-3.643644,0.000000
5.588966,-3.639785,0.000000
5.593997,-3.635911,0.000000
5.599027,-3.632021,0.000000
5.604058,-3.628114,0.000000
5.609089,-3.624192,0.000000
5.614119,-3.620254,0.000000
5.619150,-3.616300,0.000000
5.624180,-3.612331,0.000000
5.629211,-3.608346,0.000000
5.634241,-3.604345,0.000000
5.639272,-3.600330,0.000000
5.644303,-3.596299,0.000000
5.649333,-3.592253,0.000000
5.654364,-3.588192,0.000000
5.659394,-3.584116,0.000000
5.664425,-3.580026,0.000000
5.669455,-3.575921,0.000000
5.674486,-3.571801,0.000000
5.679517,-3.567667,0.000000
5.684547,-3.563518,0.000000
5.689578,-3.559355,0.000000
5.694608,-3.555178,0.000000
5.699639,-3.550987,0.000000
5.704669,-3.546782,0.000000
5.709700,-3.542563,0.000000
5.714731,-3.538330,0.000000
5.719761,-3.534084,0.000000
5.724792,-3.529824,0.000000
5.729822,-3.525551,0.000000
5.734853,-3.521265,0.000000
5.739883,-3.516965,0.000000
5.744914,-3.512652,0.000000
5.749945,-3.508327,0.000000
5.754975,-3.503988,0.000000
5.760006,-3.499637,0.000000
5.765036,-3.495273,0.000000
5.770067,-3.490896,0.000000
5.775097,-3.486508,0.000000
5.780128,-3.482106,0.000000
5.785159,-3.477693,0.000000
5.790189,-3.473267,0.000000
5.795220,-3.468830,0.000000
5.800250,-3.464380,0.000000
5.805281,-3.459919,0.000000
5.810311,-3.455447,0.000000
5.815342,-3.450962,0.000000
5.820373,-3.446467,0.000000
5.825403,-3.441960,0.000000
5.830434,-3.437442,0.000000
5.835464,-3.432912,0.000000
5.840495,-3.428372,0.000000
5.845525,-3.423821,0.000000
5.850556,-3.419259,0.000000
5.855587,-3.414687,0.000000
5.860617,-3.410104,0.000000
5.865648,-3.405511,0.000000
5.870678,-3.400907,0.000000
5.875709,-3.396294,0.000000
5.880739,-3.391670,0.000000
5.885770,-3.387036,0.000000
5.890801,-3.382393,0.000000
5.895831,-3.377740,0.000000
5.900862,-3.373077,0.000000
5.905892,-3.368405,0.000000
5.910923,-3.363724,0.000000
5.915953,-3.359033,0.000000
5.920984,-3.354334,0.000000
5.926015,-3.349625,0.000000
5.931045,-3.344907,0.000000
5.936076,-3.340181,0.000000
5.941106,-3.335446,0.000000
5.946137,-3.330703,0.000000
5.951168,-3.325951,0.000000
5.956198,-3.321191,0.000000
5.961229,-3.316423,0.000000
5.966259,-3.311647,0.000000
5.971290,-3.306863,0.000000
5.976320,-3.302072,0.000000
5.981351,-3.297272,0.000000
5.986382,-3.292465,0.000000
5.991412,-3.287651,0.000000
5.996443,-3.282829,0.000000
6.001473,-3.278001,0.000000
6.006504,-3.273165,0.000000
6.011534,-3.268322,0.000000
6.016565,-3.263473,0.000000
6.021596,-3.258617,0.000000
6.026626,-3.253754,0.000000
6.031657,-3.248885,0.000000
6.036687,-3.244009,0.000000
6.041718,-3.239128,0.000000
6.046748,-3.234240,0.000000
6.051779,-3.229347,0.000000
6.056810,-3.224447,0.000000
6.061840,-3.219542,0.000000
6.066871,-3.214632,0.000000
6.071901,-3.209716,0.000000
6.076932,-3.204794,0.000000
6.081962,-3.199868,0.000000
6.086993,-3.194936,0.000000
6.092024,-3.190000,0.000000
6.097054,-3.185058,0.000000
6.102085,-3.180112,0.000000
6.107115,-3.175162,0.000000
6.112146,-3.170207,0.000000
6.117176,-3.165247,0.000000
6.122207,-3.160284,0.000000
6.127238,-3.155316,0.000000
6.132268,-3.150345,0.000000
6.137299,-3.145370,0.000000
6.142329,-3.140391,0.000000
6.147360,-3.135408,0.000000
6.152390,-3.130422,0.000000
6.157421,-3.125433,0.000000
6.162452,-3.120441,0.000000
6.167482,-3.115445,0.000000
6.172513,-3.110447,0.000000
6.177543,-3.105446,0.000000
6.182574,-3.100442,0.000000
6.187604,-3.095435,0.000000
6.192635,-3.090427,0.000000
6.197666,-3.085416,0.000000
6.202696,-3.080402,0.000000
6.207727,-3.075387,0.000000
6.212757,-3.070370,0.000000
6.217788,-3.065351,0.000000
6.222818,-3.060330,0.000000
6.227849,-3.055308,0.000000
6.232880,-3.050285,0.000000
6.237910,-3.045260,0.000000
6.242941,-3.040234,0.000000
6.247971,-3.035207,0.000000
6.253002,-3.030179,0.000000
6.258032,-3.025150,0.000000
6.263063,-3.020121,0.000000
6.268094,-3.015091,0.000000
6.273124,-3.010061,0.000000
6.278155,-3.005031,0.000000
6.283185,-3.000000,0.000000
0.000000,1.000000,0.000000
0.005031,0.999987,0.000000
0.010061,0.999949,0.000000
0.015092,0.999886,0.000000
0.020122,0.999798,0.000000
0.025153,0.999684,0.000000
0.030183,0.999545,0.000000
0.035214,0.999380,0.000000
0.040245,0.999190,0.000000
0.045275,0.998975,0.000000
0.050306,0.998735,0.000000
0.055336,0.998469,0.000000
0.060367,0.998178,0.000000
0.065397,0.997862,0.000000
0.070428,0.997521,0.000000
0.075459,0.997154,0.000000
0.080489,0.996762,0.000000
0.085520,0.996345,0.000000
0.090550,0.995903,0.000000
0.095581,0.995436,0.000000
0.100611,0.994943,0.000000
0.105642,0.994425,0.000000
0.110673,0.993882,0.000000
0.115703,0.993314,0.000000
0.120734,0.992721,0.000000
0.125764,0.992102,0.000000
0.130795,0.991459,0.000000
0.135825,0.990790,0.000000
0.140856,0.990096,0.000000
0.145887,0.989377,0.000000
0.150917,0.988634,0.000000
0.155948,0.987865,0.000000
0.160978,0.987071,0.000000
0.166009,0.986252,0.000000
0.171039,0.985408,0.000000
0.176070,0.984540,0.000000
0.181101,0.983646,0.000000
0.186131,0.982728,0.000000
0.191162,0.981784,0.000000
0.196192,0.980816,0.000000
0.201223,0.979823,0.000000
0.206253,0.978805,0.000000
0.211284,0.977762,0.000000
0.216315,0.976695,0.000000
0.221345,0.975603,0.000000
0.226376,0.974486,0.000000
0.231406,0.973345,0.000000
0.236437,0.972179,0.000000
0.241467,0.970988,0.000000
0.246498,0.969773,0.000000
0.251529,0.968533,0.000000
0.256559,0.967269,0.000000
0.261590,0.965980,0.000000
0.266620,0.964667,0.000000
0.271651,0.963329,0.000000
0.276681,0.961967,0.000000
0.281712,0.960581,0.000000
0.286743,0.959170,0.000000
0.291773,0.957735,0.000000
0.296804,0.956276,0.000000
0.301834,0.954793,0.000000
0.306865,0.953285,0.000000
0.311896,0.951754,0.000000
0.316926,0.950198,0.000000
0.321957,0.948618,0.000000
0.326987,0.947014,0.000000
0.332018,0.945387,0.000000
0.337048,0.943735,0.000000
0.342079,0.942059,0.000000
0.347110,0.940360,0.000000
0.352140,0.938637,0.000000
0.357171,0.936890,0.000000
0.362201,0.935119,0.000000
0.367232,0.933325,0.000000
0.372262,0.931507,0.000000
0.377293,0.929665,0.000000
0.382324,0.927800,0.000000
0.387354,0.925912,0.000000
0.392385,0.924000,0.000000
0.397415,0.922064,0.000000
0.402446,0.920106,0.000000
0.407476,0.918124,0.000000
0.412507,0.916119,0.000000
0.417538,0.914090,0.000000
0.422568,0.912039,0.000000
0.427599,0.909964,0.000000
0.432629,0.907867,0.000000
0.437660,0.905746,0.000000
0.442690,0.903602,0.000000
0.447721,0.901436,0.000000
0.452752,0.899247,0.000000
0.457782,0.897035,0.000000
0.462813,0.894800,0.000000
0.467843,0.892543,0.000000
0.472874,0.890263,0.000000
0.477904,0.887961,0.000000
0.482935,0.885636,0.000000
0.487966,0.883288,0.000000
0.492996,0.880919,0.000000
0.498027,0.878527,0.000000
0.503057,0.876113,0.000000
0.508088,0.873676,0.000000
0.513118,0.871218,0.000000
0.518149,0.868737,0.000000
0.523180,0.866235,0.000000
0.528210,0.863711,0.000000
0.533241,0.861164,0.000000
0.538271,0.858596,0.000000
0.543302,0.856006,0.000000
0.548332,0.853395,0.000000
0.553363,0.850762,0.000000
0.558394,0.848107,0.000000
0.563424,0.845431,0.000000
0.568455,0.842734,0.000000
0.573485,0.840015,0.000000
0.578516,0.837275,0.000000
0.583546,0.834514,0.000000
0.588577,0.831732,0.000000
0.593608,0.828928,0.000000
0.598638,0.826104,0.000000
0.603669,0.823259,0.000000
0.608699,0.820392,0.000000
0.613730,0.817506,0.000000
0.618760,0.814598,0.000000
0.623791,0.811670,0.000000
0.628822,0.808721,0.000000
0.633852,0.805752,0.000000
0.638883,0.802762,0.000000
0.643913,0.799753,0.000000
0.648944,0.796723,0.000000
0.653974,0.793672,0.000000
0.659005,0.790602,0.000000
0.664036,0.787512,0.000000
0.669066,0.784401,0.000000
0.674097,0.781271,0.000000
0.679127,0.778121,0.000000
0.684158,0.774952,0.000000
0.689188,0.771762,0.000000
0.694219,0.768554,0.000000
0.699250,0.765325,0.000000
0.704280,0.762078,0.000000
0.709311,0.758811,0.000000
0.714341,0.755525,0.000000
0.719372,0.752220,0.000000
0.724402,0.748896,0.000000
0.729433,0.745552,0.000000
0.734464,0.742190,0.000000
0.739494,0.738810,0.000000
0.744525,0.735410,0.000000
0.749555,0.731992,0.000000
0.754586,0.728555,0.000000
0.759616,0.725100,0.000000
0.764647,0.721627,0.000000
0.769678,0.718135,0.000000
0.774708,0.714625,0.000000
0.779739,0.711097,0.000000
0.784769,0.707551,0.000000
0.789800,0.703987,0.000000
0.794830,0.700406,0.000000
0.799861,0.696806,0.000000
0.804892,0.693189,0.000000
0.809922,0.689555,0.000000
0.814953,0.685903,0.000000
0.819983,0.682233,0.000000
0.825014,0.678547,0.000000
0.830044,0.674843,0.000000
0.835075,0.671122,0.000000
0.840106,0.667384,0.000000
0.845136,0.663629,0.000000
0.850167,0.659858,0.000000
0.855197,0.656070,0.000000
0.860228,0.652265,0.000000
0.865259,0.648443,0.000000
0.870289,0.644606,0.000000
0.875320,0.640751,0.000000
0.880350,0.636881,0.000000
0.885381,0.632995,0.000000
0.890411,0.629092,0.000000
0.895442,0.625174,0.000000
0.900473,0.621240,0.000000
0.905503,0.617290,0.000000
0.910534,0.613324,0.000000
0.915564,0.609343,0.000000
0.920595,0.605347,0.000000
0.925625,0.601335,0.000000
0.930656,0.597308,0.000000
0.935687,0.593266,0.000000
0.940717,0.589209,0.000000
0.945748,0.585137,0.000000
0.950778,0.581050,0.000000
0.955809,0.576948,0.000000
0.960839,0.572832,0.000000
0.965870,0.568702,0.000000
0.970901,0.564556,0.000000
0.975931,0.560397,0.000000
0.980962,0.556224,0.000000
0.985992,0.552036,0.000000
0.991023,0.547834,0.000000
0.996053,0.543619,0.000000
1.001084,0.539390,0.000000
1.006115,0.535147,0.000000
1.011145,0.530891,0.000000
1.016176,0.526621,0.000000
1.021206,0.522338,0.000000
1.026237,0.518041,0.000000
1.031267,0.513732,0.000000
1.036298,0.509409,0.000000
1.041329,0.505074,0.000000
1.046359,0.500726,0.000000
1.051390,0.496365,0.000000
1.056420,0.491992,0.000000
1.061451,0.487606,0.000000
1.066481,0.483208,0.000000
1.071512,0.478797,0.000000
1.076543,0.474375,0.000000
1.081573,0.469940,0.000000
1.086604,0.465494,0.000000
1.091634,0.461036,0.000000
1.096665,0.456566,0.000000
1.101695,0.452084,0.000000
1.106726,0.447592,0.000000
1.111757,0.443087,0.000000
1.116787,0.438572,0.000000
1.121818,0.434046,0.000000
1.126848,0.429508,0.000000
1.131879,0.424960,0.000000
1.136909,0.420401,0.000000
1.141940,0.415831,0.000000
1.146971,0.411251,0.000000
1.152001,0.406660,0.000000
1.157032,0.402059,0.000000
1.162062,0.397448,0.000000
1.167093,0.392827,0.000000
1.172123,0.388196,0.000000
1.177154,0.383555,0.000000
1.182185,0.378904,0.000000
1.187215,0.374244,0.000000
1.192246,0.369574,0.000000
1.197276,0.364895,0.000000
1.202307,0.360207,0.000000
1.207337,0.355509,0.000000
1.212368,0.350803,0.000000
1.217399,0.346088,0.000000
1.222429,0.341364,0.000000
1.227460,0.336631,0.000000
1.232490,0.331890,0.000000
1.237521,0.327140,0.000000
1.242551,0.322382,0.000000
1.247582,0.317616,0.000000
1.252613,0.312842,0.000000
1.257643,0.308060,0.000000
1.262674,0.303270,0.000000
1.267704,0.298473,0.000000
1.272735,0.293668,0.000000
1.277765,0.288855,0.000000
1.282796,0.284035,0.000000
1.287827,0.279208,0.000000
1.292857,0.274374,0.000000
1.297888,0.269533,0.000000
1.302918,0.264686,0.000000
1.307949,0.259831,0.000000
1.312979,0.254970,0.000000
1.318010,0.250103,0.000000
1.323041,0.245229,0.000000
1.328071,0.240349,0.000000
1.333102,0.235463,0.000000
1.338132,0.230571,0.000000
1.343163,0.225673,0.000000
1.348193,0.220769,0.000000
1.353224,0.215860,0.000000
1.358255,0.210945,0.000000
1.363285,0.206025,0.000000
1.368316,0.201100,0.000000
1.373346,0.196169,0.000000
1.378377,0.191234,0.000000
1.383407,0.186294,0.000000
1.388438,0.181349,0.000000
1.393469,0.176400,0.000000
1.398499,0.171446,0.000000
1.403530,0.166488,0.000000
1.408560,0.161525,0.000000
1.413591,0.156559,0.000000
1.418622,0.151588,0.000000
1.423652,0.146614,0.000000
1.428683,0.141636,0.000000
1.433713,0.136654,0.000000
1.438744,0.131669,0.000000
1.443774,0.126681,0.000000
1.448805,0.121689,0.000000
1.453836,0.116694,0.000000
1.458866,0.111697,0.000000
1.463897,0.106696,0.000000
1.468927,0.101693,0.000000
1.473958,0.096687,0.000000
1.478988,0.091679,0.000000
1.484019,0.086669,0.000000
1.489050,0.081656,0.000000
1.494080,0.076641,0.000000
1.499111,0.071624,0.000000
1.504141,0.066606,0.000000
1.509172,0.061586,0.000000
1.514202,0.056564,0.000000
1.519233,0.051541,0.000000
1.524264,0.046516,0.000000
1.529294,0.041490,0.000000
1.534325,0.036464,0.000000
1.539355,0.031436,0.000000
1.544386,0.026407,0.000000
1.549416,0.021378,0.000000
1.554447,0.016349,0.000000
1.559478,0.011319,0.000000
1.564508,0.006288,0.000000
1.569539,0.001258,0.000000
1.574569,-0.003773,0.000000
1.579600,-0.008803,0.000000
1.584630,-0.013834,0.000000
1.589661,-0.018864,0.000000
1.594692,-0.023893,0.000000
1.599722,-0.028922,0.000000
1.604753,-0.033950,0.000000
1.609783,-0.038977,0.000000
1.614814,-0.044003,0.000000
1.619844,-0.049028,0.000000
1.624875,-0.054052,0.000000
1.629906,-0.059075,0.000000
1.634936,-0.064096,0.000000
1.639967,-0.069115,0.000000
1.644997,-0.074133,0.000000
1.650028,-0.079149,0.000000
1.655058,-0.084162,0.000000
1.660089,-0.089174,0.000000
1.665120,-0.094183,0.000000
1.670150,-0.099190,0.000000
1.675181,-0.104195,0.000000
1.680211,-0.109197,0.000000
1.685242,-0.114196,0.000000
1.690272,-0.119192,0.000000
1.695303,-0.124185,0.000000
1.700334,-0.129175,0.000000
1.705364,-0.134162,0.000000
1.710395,-0.139145,0.000000
1.715425,-0.144125,0.000000
1.720456,-0.149101,0.000000
1.725486,-0.154074,0.000000
1.730517,-0.159042,0.000000
1.735548,-0.164007,0.000000
1.740578,-0.168967,0.000000
1.745609,-0.173923,0.000000
1.750639,-0.178875,0.000000
1.755670,-0.183822,0.000000
1.760700,-0.188765,0.000000
1.765731,-0.193702,0.000000
1.770762,-0.198635,0.000000
1.775792,-0.203563,0.000000
1.780823,-0.208486,0.000000
1.785853,-0.213403,0.000000
1.790884,-0.218315,0.000000
1.795914,-0.223222,0.000000
1.800945,-0.228122,0.000000
1.805976,-0.233017,0.000000
1.811006,-0.237906,0.000000
1.816037,-0.242790,0.000000
1.821067,-0.247667,0.000000
1.826098,-0.252537,0.000000
1.831128,-0.257402,0.000000
1.836159,-0.262259,0.000000
1.841190,-0.267110,0.000000
1.846220,-0.271955,0.000000
1.851251,-0.276792,0.000000
1.856281,-0.281623,0.000000
1.861312,-0.286446,0.000000
1.866342,-0.291262,0.000000
1.871373,-0.296071,0.000000
1.876404,-0.300872,0.000000
1.881434,-0.305666,0.000000
1.886465,-0.310452,0.000000
1.891495,-0.315230,0.000000
1.896526,-0.320000,0.000000
1.901556,-0.324762,0.000000
1.906587,-0.329516,0.000000
1.911618,-0.334261,0.000000
1.916648,-0.338998,0.000000
1.921679,-0.343727,0.000000
1.926709,-0.348446,0.000000
1.931740,-0.353157,0.000000
1.936770,-0.357859,0.000000
1.941801,-0.362552,0.000000
1.946832,-0.367236,0.000000
1.951862,-0.371910,0.000000
1.956893,-0.376575,0.000000
1.961923,-0.381231,0.000000
1.966954,-0.385876,0.000000
1.971984,-0.390512,0.000000
1.977015,-0.395139,0.000000
1.982046,-0.399755,0.000000
1.987076,-0.404361,0.000000
1.992107,-0.408957,0.000000
1.997137,-0.413542,0.000000
2.002168,-0.418117,0.000000
2.007199,-0.422682,0.000000
2.012229,-0.427235,0.000000
2.017260,-0.431778,0.000000
2.022290,-0.436310,0.000000
2.027321,-0.440831,0.000000
2.032351,-0.445341,0.000000
2.037382,-0.449839,0.000000
2.042413,-0.454327,0.000000
2.047443,-0.458802,0.000000
2.052474,-0.463266,0.000000
2.057504,-0.467719,0.000000
2.062535,-0.472159,0.000000
2.067565,-0.476588,0.000000
2.072596,-0.481004,0.000000
2.077627,-0.485408,0.000000
2.082657,-0.489800,0.000000
2.087688,-0.494180,0.000000
2.092718,-0.498547,0.000000
2.097749,-0.502902,0.000000
2.102779,-0.507243,0.000000
2.107810,-0.511572,0.000000
2.112841,-0.515888,0.000000
2.117871,-0.520191,0.000000
2.122902,-0.524481,0.000000
2.127932,-0.528757,0.000000
2.132963,-0.533021,0.000000
2.137993,-0.537270,0.000000
2.143024,-0.541506,0.000000
2.148055,-0.545728,0.000000
2.153085,-0.549937,0.000000
2.158116,-0.554132,0.000000
2.163146,-0.558312,0.000000
2.168177,-0.562479,0.000000
2.173207,-0.566631,0.000000
2.178238,-0.570769,0.000000
2.183269,-0.574892,0.000000
2.188299,-0.579001,0.000000
2.193330,-0.583095,0.000000
2.198360,-0.587175,0.000000
2.203391,-0.591239,0.000000
2.208421,-0.595289,0.000000
2.213452,-0.599323,0.000000
2.218483,-0.603343,0.000000
2.223513,-0.607347,0.000000
2.228544,-0.611336,0.000000
2.233574,-0.615309,0.000000
2.238605,-0.619267,0.000000
2.243635,-0.623209,0.000000
2.248666,-0.627135,0.000000
2.253697,-0.631046,0.000000
2.258727,-0.634940,0.000000
2.263758,-0.638818,0.000000
2.268788,-0.642681,0.000000
2.273819,-0.646527,0.000000
2.278849,-0.650356,0.000000
2.283880,-0.654169,0.000000
2.288911,-0.657966,0.000000
2.293941,-0.661746,0.000000
2.298972,-0.665509,0.000000
2.304002,-0.669255,0.000000
2.309033,-0.672985,0.000000
2.314063,-0.676697,0.000000
2.319094,-0.680392,0.000000
2.324125,-0.684070,0.000000
2.329155,-0.687731,0.000000
2.334186,-0.691374,0.000000
2.339216,-0.695000,0.000000
2.344247,-0.698608,0.000000
2.349277,-0.702199,0.000000
2.354308,-0.705772,0.000000
2.359339,-0.709327,0.000000
2.364369,-0.712863,0.000000
2.369400,-0.716382,0.000000
2.374430,-0.719883,0.000000
2.379461,-0.723366,0.000000
2.384491,-0.726830,0.000000
2.389522,-0.730276,0.000000
2.394553,-0.733703,0.000000
2.399583,-0.737112,0.000000
2.404614,-0.740502,0.000000
2.409644,-0.743874,0.000000
2.414675,-0.747226,0.000000
2.419705,-0.750560,0.000000
2.424736,-0.753875,0.000000
2.429767,-0.757170,0.000000
2.434797,-0.760447,0.000000
2.439828,-0.763704,0.000000
2.444858,-0.766942,0.000000
2.449889,-0.770160,0.000000
2.454919,-0.773359,0.000000
2.459950,-0.776539,0.000000
2.464981,-0.779699,0.000000
2.470011,-0.782839,0.000000
2.475042,-0.785959,0.000000
2.480072,-0.789059,0.000000
2.485103,-0.792140,0.000000
2.490133,-0.795200,0.000000
2.495164,-0.798240,0.000000
2.500195,-0.801260,0.000000
2.505225,-0.804260,0.000000
2.510256,-0.807239,0.000000
2.515286,-0.810198,0.000000
2.520317,-0.813137,0.000000
2.525347,-0.816054,0.000000
2.530378,-0.818952,0.000000
2.535409,-0.821828,0.000000
2.540439,-0.824684,0.000000
2.545470,-0.827519,0.000000
2.550500,-0.830332,0.000000
2.555531,-0.833125,0.000000
2.560562,-0.835897,0.000000
2.565592,-0.838648,0.000000
2.570623,-0.841377,0.000000
2.575653,-0.844085,0.000000
2.580684,-0.846772,0.000000
2.585714,-0.849437,0.000000
2.590745,-0.852081,0.000000
2.595776,-0.854703,0.000000
2.600806,-0.857304,0.000000
2.605837,-0.859883,0.000000
2.610867,-0.862440,0.000000
2.615898,-0.864975,0.000000
2.620928,-0.867489,0.000000
2.625959,-0.869980,0.000000
2.630990,-0.872450,0.000000
2.636020,-0.874897,0.000000
2.641051,-0.877323,0.000000
2.646081,-0.879726,0.000000
2.651112,-0.882106,0.000000
2.656142,-0.884465,0.000000
2.661173,-0.886801,0.000000
2.666204,-0.889115,0.000000
2.671234,-0.891406,0.000000
2.676265,-0.893674,0.000000
2.681295,-0.895920,0.000000
2.686326,-0.898144,0.000000
2.691356,-0.900344,0.000000
2.696387,-0.902522,0.000000
2.701418,-0.904677,0.000000
2.706448,-0.906809,0.000000
2.711479,-0.908918,0.000000
2.716509,-0.911004,0.000000
2.721540,-0.913067,0.000000
2.726570,-0.915107,0.000000
2.731601,-0.917124,0.000000
2.736632,-0.919118,0.000000
2.741662,-0.921088,0.000000
2.746693,-0.923035,0.000000
2.751723,-0.924959,0.000000
2.756754,-0.926859,0.000000
2.761784,-0.928736,0.000000
2.766815,-0.930589,0.000000
2.771846,-0.932419,0.000000
2.776876,-0.934225,0.000000
2.781907,-0.936007,0.000000
2.786937,-0.937766,0.000000
2.791968,-0.939501,0.000000
2.796998,-0.941213,0.000000
2.802029,-0.942900,0.000000
2.807060,-0.944564,0.000000
2.812090,-0.946203,0.000000
2.817121,-0.947819,0.000000
2.822151,-0.949411,0.000000
2.827182,-0.950979,0.000000
2.832212,-0.952522,0.000000
2.837243,-0.954042,0.000000
2.842274,-0.955537,0.000000
2.847304,-0.957009,0.000000
2.852335,-0.958456,0.000000
2.857365,-0.959879,0.000000
2.862396,-0.961277,0.000000
2.867426,-0.962651,0.000000
2.872457,-0.964001,0.000000
2.877488,-0.965327,0.000000
2.882518,-0.966627,0.000000
2.887549,-0.967904,0.000000
2.892579,-0.969156,0.000000
2.897610,-0.970384,0.000000
2.902640,-0.971587,0.000000
2.907671,-0.972765,0.000000
2.912702,-0.973919,0.000000
2.917732,-0.975048,0.000000
2.922763,-0.976152,0.000000
2.927793,-0.977232,0.000000
2.932824,-0.978287,0.000000
2.937854,-0.979317,0.000000
2.942885,-0.980323,0.000000
2.947916,-0.981303,0.000000
2.952946,-0.982259,0.000000
2.957977,-0.983190,0.000000
2.963007,-0.984096,0.000000
2.968038,-0.984977,0.000000
2.973068,-0.985833,0.000000
2.978099,-0.986665,0.000000
2.983130,-0.987471,0.000000
2.988160,-0.988252,0.000000
2.993191,-0.989009,0.000000
2.998221,-0.989740,0.000000
3.003252,-0.990446,0.000000
3.008282,-0.991127,0.000000
3.013313,-0.991783,0.000000
3.018344,-0.992414,0.000000
3.023374,-0.993020,0.000000
3.028405,-0.993601,0.000000
3.033435,-0.994157,0.000000
3.038466,-0.994687,0.000000
3.043496,-0.995192,0.000000
3.048527,-0.995673,0.000000
3.053558,-0.996127,0.000000
3.058588,-0.996557,0.000000
3.063619,-0.996962,0.000000
3.068649,-0.997341,0.000000
3.073680,-0.997695,0.000000
3.078710,-0.998024,0.000000
3.083741,-0.998327,0.000000
3.088772,-0.998605,0.000000
3.093802,-0.998858,0.000000
3.098833,-0.999086,0.000000
3.103863,-0.999288,0.000000
3.108894,-0.999465,0.000000
3.113925,-0.999617,0.000000
3.118955,-0.999744,0.000000
3.123986,-0.999845,0.000000
3.129016,-0.999921,0.000000
3.134047,-0.999972,0.000000
3.139077,-0.999997,0.000000
3.144108,-0.999997,0.000000
3.149139,-0.999972,0.000000
3.154169,-0.999921,0.000000
3.159200,-0.999845,0.000000
3.164230,-0.999744,0.000000
3.169261,-0.999617,0.000000
3.174291,-0.999465,0.000000
3.179322,-0.999288,0.000000
3.184353,-0.999086,0.000000
3.189383,-0.998858,0.000000
3.194414,-0.998605,0.000000
3.199444,-0.998327,0.000000
3.204475,-0.998024,0.000000
3.209505,-0.997695,0.000000
3.214536,-0.997341,0.000000
3.219567,-0.996962,0.000000
3.224597,-0.996557,0.000000
3.229628,-0.996127,0.000000
3.234658,-0.995673,0.000000
3.239689,-0.995192,0.000000
3.244719,-0.994687,0.000000
3.249750,-0.994157,0.000000
3.254781,-0.993601,0.000000
3.259811,-0.993020,0.000000
3.264842,-0.992414,0.000000
3.269872,-0.991783,0.000000
3.274903,-0.991127,0.000000
3.279933,-0.990446,0.000000
3.284964,-0.989740,0.000000
3.289995,-0.989009,0.000000
3.295025,-0.988252,0.000000
3.300056,-0.987471,0.000000
3.305086,-0.986665,0.000000
3.310117,-0.985833,0.000000
3.315147,-0.984977,0.000000
3.320178,-0.984096,0.000000
3.325209,-0.983190,0.000000
3.330239,-0.982259,0.000000
3.335270,-0.981303,0.000000
3.340300,-0.980323,0.000000
3.345331,-0.979317,0.000000
3.350361,-0.978287,0.000000
3.355392,-0.977232,0.000000
3.360423,-0.976152,0.000000
3.365453,-0.975048,0.000000
3.370484,-0.973919,0.000000
3.375514,-0.972765,0.000000
3.380545,-0.971587,0.000000
3.385575,-0.970384,0.000000
3.390606,-0.969156,0.000000
3.395637,-0.967904,0.000000
3.400667,-0.966627,0.000000
3.405698,-0.965327,0.000000
3.410728,-0.964001,0.000000
3.415759,-0.962651,0.000000
3.420789,-0.961277,0.000000
3.425820,-0.959879,0.000000
3.430851,-0.958456,0.000000
3.435881,-0.957009,0.000000
3.440912,-0.955537,0.000000
3.445942,-0.954042,0.000000
3.450973,-0.952522,0.000000
3.456003,-0.950979,0.000000
3.461034,-0.949411,0.000000
3.466065,-0.947819,0.000000
3.471095,-0.946203,0.000000
3.476126,-0.944564,0.000000
3.481156,-0.942900,0.000000
3.486187,-0.941213,0.000000
3.491217,-0.939501,0.000000
3.496248,-0.937766,0.000000
3.501279,-0.936007,0.000000
3.506309,-0.934225,0.000000
3.511340,-0.932419,0.000000
3.516370,-0.930589,0.000000
3.521401,-0.928736,0.000000
3.526431,-0.926859,0.000000
3.531462,-0.924959,0.000000
3.536493,-0.923035,0.000000
3.541523,-0.921088,0.000000
3.546554,-0.919118,0.000000
3.551584,-0.917124,0.000000
3.556615,-0.915107,0.000000
3.561645,-0.913067,0.000000
3.566676,-0.911004,0.000000
3.571707,-0.908918,0.000000
3.576737,-0.906809,0.000000
3.581768,-0.904677,0.000000
3.586798,-0.902522,0.000000
3.591829,-0.900344,0.000000
3.596859,-0.898144,0.000000
3.601890,-0.895920,0.000000
3.606921,-0.893674,0.000000
3.611951,-0.891406,0.000000
3.616982,-0.889115,0.000000
3.622012,-0.886801,0.000000
3.627043,-0.884465,0.000000
3.632073,-0.882106,0.000000
3.637104,-0.879726,0.000000
3.642135,-0.877323,0.000000
3.647165,-0.874897,0.000000
3.652196,-0.872450,0.000000
3.657226,-0.869980,0.000000
3.662257,-0.867489,0.000000
3.667288,-0.864975,0.000000
3.672318,-0.862440,0.000000
3.677349,-0.859883,0.000000
3.682379,-0.857304,0.000000
3.687410,-0.854703,0.000000
3.692440,-0.852081,0.000000
3.697471,-0.849437,0.000000
3.702502,-0.846772,0.000000
3.707532,-0.844085,0.000000
3.712563,-0.841377,0.000000
3.717593,-0.838648,0.000000
3.722624,-0.835897,0.000000
3.727654,-0.833125,0.000000
3.732685,-0.830332,0.000000
3.737716,-0.827519,0.000000
3.742746,-0.824684,0.000000
3.747777,-0.821828,0.000000
3.752807,-0.818952,0.000000
3.757838,-0.816054,0.000000
3.762868,-0.813137,0.000000
3.767899,-0.810198,0.000000
3.772930,-0.807239,0.000000
3.777960,-0.804260,0.000000
3.782991,-0.801260,0.000000
3.788021,-0.798240,0.000000
3.793052,-0.795200,0.000000
3.798082,-0.792140,0.000000
3.803113,-0.789059,0.000000
3.808144,-0.785959,0.000000
3.813174,-0.782839,0.000000
3.818205,-0.779699,0.000000
3.823235,-0.776539,0.000000
3.828266,-0.773359,0.000000
3.833296,-0.770160,0.000000
3.838327,-0.766942,0.000000
3.843358,-0.763704,0.000000
3.848388,-0.760447,0.000000
3.853419,-0.757170,0.000000
3.858449,-0.753875,0.000000
3.863480,-0.750560,0.000000
3.868510,-0.747226,0.000000
3.873541,-0.743874,0.000000
3.878572,-0.740502,0.000000
3.883602,-0.737112,0.000000
3.888633,-0.733703,0.000000
3.893663,-0.730276,0.000000
3.898694,-0.726830,0.000000
3.903724,-0.723366,0.000000
3.908755,-0.719883,0.000000
3.913786,-0.716382,0.000000
3.918816,-0.712863,0.000000
3.923847,-0.709327,0.000000
3.928877,-0.705772,0.000000
3.933908,-0.702199,0.000000
3.938938,-0.698608,0.000000
3.943969,-0.695000,0.000000
3.949000,-0.691374,0.000000
3.954030,-0.687731,0.000000
3.959061,-0.684070,0.000000
3.964091,-0.680392,0.000000
3.969122,-0.676697,0.000000
3.974152,-0.672985,0.000000
3.979183,-0.669255,0.000000
3.984214,-0.665509,0.000000
3.989244,-0.661746,0.000000
3.994275,-0.657966,0.000000
3.999305,-0.654169,0.000000
4.004336,-0.650356,0.000000
4.009366,-0.646527,0.000000
4.014397,-0.642681,0.000000
4.019428,-0.638818,0.000000
4.024458,-0.634940,0.000000
4.029489,-0.631046,0.000000
4.034519,-0.627135,0.000000
4.039550,-0.623209,0.000000
4.044580,-0.619267,0.000000
4.049611,-0.615309,0.000000
4.054642,-0.611336,0.000000
4.059672,-0.607347,0.000000
4.064703,-0.603343,0.000000
4.069733,-0.599323,0.000000
4.074764,-0.595289,0.000000
4.079794,-0.591239,0.000000
4.084825,-0.587175,0.000000
4.089856,-0.583095,0.000000
4.094886,-0.579001,0.000000
4.099917,-0.574892,0.000000
4.104947,-0.570769,0.000000
4.109978,-0.566631,0.000000
4.115008,-0.562479,0.000000
4.120039,-0.558312,0.000000
4.125070,-0.554132,0.000000
4.130100,-0.549937,0.000000
4.135131,-0.545728,0.000000
4.140161,-0.541506,0.000000
4.145192,-0.537270,0.000000
4.150222,-0.533021,0.000000
4.155253,-0.528757,0.000000
4.160284,-0.524481,0.000000
4.165314,-0.520191,0.000000
4.170345,-0.515888,0.000000
4.175375,-0.511572,0.000000
4.180406,-0.507243,0.000000
4.185436,-0.502902,0.000000
4.190467,-0.498547,0.000000
4.195498,-0.494180,0.000000
4.200528,-0.489800,0.000000
4.205559,-0.485408,0.000000
4.210589,-0.481004,0.000000
4.215620,-0.476588,0.000000
4.220650,-0.472159,0.000000
4.225681,-0.467719,0.000000
4.230712,-0.463266,0.000000
4.235742,-0.458802,0.000000
4.240773,-0.454327,0.000000
4.245803,-0.449839,0.000000
4.250834,-0.445341,0.000000
4.255865,-0.440831,0.000000
4.260895,-0.436310,0.000000
4.265926,-0.431778,0.000000
4.270956,-0.427235,0.000000
4.275987,-0.422682,0.000000
4.281017,-0.418117,0.000000
4.286048,-0.413542,0.000000
4.291079,-0.408957,0.000000
4.296109,-0.404361,0.000000
4.301140,-0.399755,0.000000
4.306170,-0.395139,0.000000
4.311201,-0.390512,0.000000
4.316231,-0.385876,0.000000
4.321262,-0.381231,0.000000
4.326293,-0.376575,0.000000
4.331323,-0.371910,0.000000
4.336354,-0.367236,0.000000
4.341384,-0.362552,0.000000
4.346415,-0.357859,0.000000
4.351445,-0.353157,0.000000
4.356476,-0.348446,0.000000
4.361507,-0.343727,0.000000
4.366537,-0.338998,0.000000
4.371568,-0.334261,0.000000
4.376598,-0.329516,0.000000
4.381629,-0.324762,0.000000
4.386659,-0.320000,0.000000
4.391690,-0.315230,0.000000
4.396721,-0.310452,0.000000
4.401751,-0.305666,0.000000
4.406782,-0.300872,0.000000
4.411812,-0.296071,0.000000
4.416843,-0.291262,0.000000
4.421873,-0.286446,0.000000
4.426904,-0.281623,0.000000
4.431935,-0.276792,0.000000
4.436965,-0.271955,0.000000
4.441996,-0.267110,0.000000
4.447026,-0.262259,0.000000
4.452057,-0.257402,0.000000
4.457087,-0.252537,0.000000
4.462118,-0.247667,0.000000
4.467149,-0.242790,0.000000
4.472179,-0.237906,0.000000
4.477210,-0.233017,0.000000
4.482240,-0.228122,0.000000
4.487271,-0.223222,0.000000
4.492301,-0.218315,0.000000
4.497332,-0.213403,0.000000
4.502363,-0.208486,0.000000
4.507393,-0.203563,0.000000
4.512424,-0.198635,0.000000
4.517454,-0.193702,0.000000
4.522485,-0.188765,0.000000
4.527515,-0.183822,0.000000
4.532546,-0.178875,0.000000
4.537577,-0.173923,0.000000
4.542607,-0.168967,0.000000
4.547638,-0.164007,0.000000
4.552668,-0.159042,0.000000
4.557699,-0.154074,0.000000
4.562729,-0.149101,0.000000
4.567760,-0.144125,0.000000
4.572791,-0.139145,0.000000
4.577821,-0.134162,0.000000
4.582852,-0.129175,0.000000
4.587882,-0.124185,0.000000
4.592913,-0.119192,0.000000
4.597943,-0.114196,0.000000
4.602974,-0.109197,0.000000
4.608005,-0.104195,0.000000
4.613035,-0.099190,0.000000
4.618066,-0.094183,0.000000
4.623096,-0.089174,0.000000
4.628127,-0.084162,0.000000
4.633157,-0.079149,0.000000
4.638188,-0.074133,0.000000
4.643219,-0.069115,0.000000
4.648249,-0.064096,0.000000
4.653280,-0.059075,0.000000
4.658310,-0.054052,0.000000
4.663341,-0.049028,0.000000
4.668371,-0.044003,0.000000
4.673402,-0.038977,0.000000
4.678433,-0.033950,0.000000
4.683463,-0.028922,0.000000
4.688494,-0.023893,0.000000
4.693524,-0.018864,0.000000
4.698555,-0.013834,0.000000
4.703585,-0.008803,0.000000
4.708616,-0.003773,0.000000
4.713647,0.001258,0.000000
4.718677,0.006288,0.000000
4.723708,0.011319,0.000000
4.728738,0.016349,0.000000
4.733769,0.021378,0.000000
4.738799,0.026407,0.000000
4.743830,0.031436,0.000000
4.748861,0.036464,0.000000
4.753891,0.041490,0.000000
4.758922,0.046516,0.000000
4.763952,0.051541,0.000000
4.768983,0.056564,0.000000
4.774013,0.061586,0.000000
4.779044,0.066606,0.000000
4.784075,0.071624,0.000000
4.789105,0.076641,0.000000
4.794136,0.081656,0.000000
4.799166,0.086669,0.000000
4.804197,0.091679,0.000000
4.809228,0.096687,0.000000
4.814258,0.101693,0.000000
4.819289,0.106696,0.000000
4.824319,0.111697,0.000000
4.829350,0.116694,0.000000
4.834380,0.121689,0.000000
4.839411,0.126681,0.000000
4.844442,0.131669,0.000000
4.849472,0.136654,0.000000
4.854503,0.141636,0.000000
4.859533,0.146614,0.000000
4.864564,0.151588,0.000000
4.869594,0.156559,0.000000
4.874625,0.161525,0.000000
4.879656,0.166488,0.000000
4.884686,0.171446,0.000000
4.889717,0.176400,0.000000
4.894747,0.181349,0.000000
4.899778,0.186294,0.000000
4.904808,0.191234,0.000000
4.909839,0.196169,0.000000
4.914870,0.201100,0.000000
4.919900,0.206025,0.000000
4.924931,0.210945,0.000000
4.929961,0.215860,0.000000
4.934992,0.220769,0.000000
4.940022,0.225673,0.000000
4.945053,0.230571,0.000000
4.950084,0.235463,0.000000
4.955114,0.240349,0.000000
4.960145,0.245229,0.000000
4.965175,0.250103,0.000000
4.970206,0.254970,0.000000
4.975236,0.259831,0.000000
4.980267,0.264686,0.000000
4.985298,0.269533,0.000000
4.990328,0.274374,0.000000
4.995359,0.279208,0.000000
5.000389,0.284035,0.000000
5.005420,0.288855,0.000000
5.010450,0.293668,0.000000
5.015481,0.298473,0.000000
5.020512,0.303270,0.000000
5.025542,0.308060,0.000000
5.030573,0.312842,0.000000
5.035603,0.317616,0.000000
5.040634,0.322382,0.000000
5.045664,0.327140,0.000000
5.050695,0.331890,0.000000
5.055726,0.336631,0.000000
5.060756,0.341364,0.000000
5.065787,0.346088,0.000000
5.070817,0.350803,0.000000
5.075848,0.355509,0.000000
5.080878,0.360207,0.000000
5.085909,0.364895,0.000000
5.090940,0.369574,0.000000
5.095970,0.374244,0.000000
5.101001,0.378904,0.000000
5.106031,0.383555,0.000000
5.111062,0.388196,0.000000
5.116092,0.392827,0.000000
5.121123,0.397448,0.000000
5.126154,0.402059,0.000000
5.131184,0.406660,0.000000
5.136215,0.411251,0.000000
5.141245,0.415831,0.000000
5.146276,0.420401,0.000000
5.151306,0.424960,0.000000
5.156337,0.429508,0.000000
5.161368,0.434046,0.000000
5.166398,0.438572,0.000000
5.171429,0.443087,0.000000
5.176459,0.447592,0.000000
5.181490,0.452084,0.000000
5.186520,0.456566,0.000000
5.191551,0.461036,0.000000
5.196582,0.465494,0.000000
5.201612,0.469940,0.000000
5.206643,0.474375,0.000000
5.211673,0.478797,0.000000
5.216704,0.483208,0.000000
5.221734,0.487606,0.000000
5.226765,0.491992,0.000000
5.231796,0.496365,0.000000
5.236826,0.500726,0.000000
5.241857,0.505074,0.000000
5.246887,0.509409,0.000000
5.251918,0.513732,0.000000
5.256948,0.518041,0.000000
5.261979,0.522338,0.000000
5.267010,0.526621,0.000000
5.272040,0.530891,0.000000
5.277071,0.535147,0.000000
5.282101,0.539390,0.000000
5.287132,0.543619,0.000000
5.292162,0.547834,0.000000
5.297193,0.552036,0.000000
5.302224,0.556224,0.000000
5.307254,0.560397,0.000000
5.312285,0.564556,0.000000
5.317315,0.568702,0.000000
5.322346,0.572832,0.000000
5.327376,0.576948,0.000000
5.332407,0.581050,0.000000
5.337438,0.585137,0.000000
5.342468,0.589209,0.000000
5.347499,0.593266,0.000000
5.352529,0.597308,0.000000
5.357560,0.601335,0.000000
5.362591,0.605347,0.000000
5.367621,0.609343,0.000000
5.372652,0.613324,0.000000
5.377682,0.617290,0.000000
5.382713,0.621240,0.000000
5.387743,0.625174,0.000000
5.392774,0.629092,0.000000
5.397805,0.632995,0.000000
5.402835,0.636881,0.000000
5.407866,0.640751,0.000000
5.412896,0.644606,0.000000
5.417927,0.648443,0.000000
5.422957,0.652265,0.000000
5.427988,0.656070,0.000000
5.433019,0.659858,0.000000
5.438049,0.663629,0.000000
5.443080,0.667384,0.000000
5.448110,0.671122,0.000000
5.453141,0.674843,0.000000
5.458171,0.678547,0.000000
5.463202,0.682233,0.000000
5.468233,0.685903,0.000000
5.473263,0.689555,0.000000
5.478294,0.693189,0.000000
5.483324,0.696806,0.000000
5.488355,0.700406,0.000000
5.493385,0.703987,0.000000
5.498416,0.707551,0.000000
5.503447,0.711097,0.000000
5.508477,0.714625,0.000000
5.513508,0.718135,0.000000
5.518538,0.721627,0.000000
5.523569,0.725100,0.000000
5.528599,0.728555,0.000000
5.533630,0.731992,0.000000
5.538661,0.735410,0.000000
5.543691,0.738810,0.000000
5.548722,0.742190,0.000000
5.553752,0.745552,0.000000
5.558783,0.748896,0.000000
5.563813,0.752220,0.000000
5.568844,0.755525,0.000000
5.573875,0.758811,0.000000
5.578905,0.762078,0.000000
5.583936,0.765325,0.000000
5.588966,0.768554,0.000000
5.593997,0.771762,0.000000
5.599027,0.774952,0.000000
5.604058,0.778121,0.000000
5.609089,0.781271,0.000000
5.614119,0.784401,0.000000
5.619150,0.787512,0.000000
5.624180,0.790602,0.000000
5.629211,0.793672,0.000000
5.634241,0.796723,0.000000
5.639272,0.799753,0.000000
5.644303,0.802762,0.000000
5.649333,0.805752,0.000000
5.654364,0.808721,0.000000
5.659394,0.811670,0.000000
5.664425,0.814598,0.000000
5.669455,0.817506,0.000000
5.674486,0.820392,0.000000
5.679517,0.823259,0.000000
5.684547,0.826104,0.000000
5.689578,0.828928,0.000000
5.694608,0.831732,0.000000
5.699639,0.834514,0.000000
5.704669,0.837275,0.000000
5.709700,0.840015,0.000000
5.714731,0.842734,0.000000
5.719761,0.845431,0.000000
5.724792,0.848107,0.000000
5.729822,0.850762,0.000000
5.734853,0.853395,0.000000
5.739883,0.856006,0.000000
5.744914,0.858596,0.000000
5.749945,0.861164,0.000000
5.754975,0.863711,0.000000
5.760006,0.866235,0.000000
5.765036,0.868737,0.000000
5.770067,0.871218,0.000000
5.775097,0.873676,0.000000
5.780128,0.876113,0.000000
5.785159,0.878527,0.000000
5.790189,0.880919,0.000000
5.795220,0.883288,0.000000
5.800250,0.885636,0.000000
5.805281,0.887961,0.000000
5.810311,0.890263,0.000000
5.815342,0.892543,0.000000
5.820373,0.894800,0.000000
5.825403,0.897035,0.000000
5.830434,0.899247,0.000000
5.835464,0.901436,0.000000
5.840495,0.903602,0.000000
5.845525,0.905746,0.000000
5.850556,0.907867,0.000000
5.855587,0.909964,0.000000
5.860617,0.912039,0.000000
5.865648,0.914090,0.000000
5.870678,0.916119,0.000000
5.875709,0.918124,0.000000
5.880739,0.920106,0.000000
5.885770,0.922064,0.000000
5.890801,0.924000,0.000000
5.895831,0.925912,0.000000
5.900862,0.927800,0.000000
5.905892,0.929665,0.000000
5.910923,0.931507,0.000000
5.915953,0.933325,0.000000
5.920984,0.935119,0.000000
5.926015,0.936890,0.000000
5.931045,0.938637,0.000000
5.936076,0.940360,0.000000
5.941106,0.942059,0.000000
5.946137,0.943735,0.000000
5.951168,0.945387,0.000000
5.956198,0.947014,0.000000
5.961229,0.948618,0.000000
5.966259,0.950198,0.000000
5.971290,0.951754,0.000000
5.976320,0.953285,0.000000
5.981351,0.954793,0.000000
5.986382,0.956276,0.000000
5.991412,0.957735,0.000000
5.996443,0.959170,0.000000
6.001473,0.960581,0.000000
6.006504,0.961967,0.000000
6.011534,0.963329,0.000000
6.016565,0.964667,0.000000
6.021596,0.965980,0.000000
6.026626,0.967269,0.000000
6.031657,0.968533,0.000000
6.036687,0.969773,0.000000
6.041718,0.970988,0.000000
6.046748,0.972179,0.000000
6.051779,0.973345,0.000000
6.056810,0.974486,0.000000
6.061840,0.975603,0.000000
6.066871,0.976695,0.000000
6.071901,0.977762,0.000000
6.076932,0.978805,0.000000
6.081962,0.979823,0.000000
6.086993,0.980816,0.000000
6.092024,0.981784,0.000000
6.097054,0.982728,0.000000
6.102085,0.983646,0.000000
6.107115,0.984540,0.000000
6.112146,0.985408,0.000000
6.117176,0.986252,0.000000
6.122207,0.987071,0.000000
6.127238,0.987865,0.000000
6.132268,0.988634,0.000000
6.137299,0.989377,0.000000
6.142329,0.990096,0.000000
6.147360,0.990790,0.000000
6.152390,0.991459,0.000000
6.157421,0.992102,0.000000
6.162452,0.992721,0.000000
6.167482,0.993314,0.000000
6.172513,0.993882,0.000000
6.177543,0.994425,0.000000
6.182574,0.994943,0.000000
6.187604,0.995436,0.000000
6.192635,0.995903,0.000000
6.197666,0.996345,0.000000
6.202696,0.996762,0.000000
6.207727,0.997154,0.000000
6.212757,0.997521,0.000000
6.217788,0.997862,0.000000
6.222818,0.998178,0.000000
6.227849,0.998469,0.000000
6.232880,0.998735,0.000000
6.237910,0.998975,0.000000
6.242941,0.999190,0.000000
6.247971,0.999380,0.000000
6.253002,0.999545,0.000000
6.258032,0.999684,0.000000
6.263063,0.999798,0.000000
6.268094,0.999886,0.000000
6.273124,0.999949,0.000000
6.278155,0.999987,0.000000
6.283185,1.000000,0.000000
0.000000,3.000000,0.000000
0.005031,3.005031,0.000000
0.010061,3.010061,0.000000
0.015092,3.015091,0.000000
0.020122,3.020121,0.000000
0.025153,3.025150,0.000000
0.030183,3.030179,0.000000
0.035214,3.035207,0.000000
0.040245,3.040234,0.000000
0.045275,3.045260,0.000000
0.050306,3.050285,0.000000
0.055336,3.055308,0.000000
0.060367,3.060330,0.000000
0.065397,3.065351,0.000000
0.070428,3.070370,0.000000
0.075459,3.075387,0.000000
0.080489,3.080402,0.000000
0.085520,3.085416,0.000000
0.090550,3.090427,0.000000
0.095581,3.095435,0.000000
0.100611,3.100442,0.000000
0.105642,3.105446,0.000000
0.110673,3.110447,0.000000
0.115703,3.115445,0.000000
0.120734,3.120441,0.000000
0.125764,3.125433,0.000000
0.130795,3.130422,0.000000
0.135825,3.135408,0.000000
0.140856,3.140391,0.000000
0.145887,3.145370,0.000000
0.150917,3.150345,0.000000
0.155948,3.155316,0.000000
0.160978,3.160284,0.000000
0.166009,3.165247,0.000000
0.171039,3.170207,0.000000
0.176070,3.175162,0.000000
0.181101,3.180112,0.000000
0.186131,3.185058,0.000000
0.191162,3.190000,0.000000
0.196192,3.194936,0.000000
0.201223,3.199868,0.000000
0.206253,3.204794,0.000000
0.211284,3.209716,0.000000
0.216315,3.214632,0.000000
0.221345,3.219542,0.000000
0.226376,3.224447,0.000000
0.231406,3.229347,0.000000
0.236437,3.234240,0.000000
0.241467,3.239128,0.000000
0.246498,3.244009,0.000000
0.251529,3.248885,0.000000
0.256559,3.253754,0.000000
0.261590,3.258617,0.000000
0.266620,3.263473,0.000000
0.271651,3.268322,0.000000
0.276681,3.273165,0.000000
0.281712,3.278001,0.000000
0.286743,3.282829,0.000000
0.291773,3.287651,0.000000
0.296804,3.292465,0.000000
0.301834,3.297272,0.000000
0.306865,3.302072,0.000000
0.311896,3.306863,0.000000
0.316926,3.311647,0.000000
0.321957,3.316423,0.000000
0.326987,3.321191,0.000000
0.332018,3.325951,0.000000
0.337048,3.330703,0.000000
0.342079,3.335446,0.000000
0.347110,3.340181,0.000000
0.352140,3.344907,0.000000
0.357171,3.349625,0.000000
0.362201,3.354334,0.000000
0.367232,3.359033,0.000000
0.372262,3.363724,0.000000
0.377293,3.368405,0.000000
0.382324,3.373077,0.000000
0.387354,3.377740,0.000000
0.392385,3.382393,0.000000
0.397415,3.387036,0.000000
0.402446,3.391670,0.000000
0.407476,3.396294,0.000000
0.412507,3.400907,0.000000
0.417538,3.405511,0.000000
0.422568,3.410104,0.000000
0.427599,3.414687,0.000000
0.432629,3.419259,0.000000
0.437660,3.423821,0.000000
0.442690,3.428372,0.000000
0.447721,3.432912,0.000000
0.452752,3.437442,0.000000
0.457782,3.441960,0.000000
0.462813,3.446467,0.000000
0.467843,3.450962,0.000000
0.472874,3.455447,0.000000
0.477904,3.459919,0.000000
0.482935,3.464380,0.000000
0.487966,3.468830,0.000000
0.492996,3.473267,0.000000
0.498027,3.477693,0.000000
0.503057,3.482106,0.000000
0.508088,3.486508,0.000000
0.513118,3.490896,0.000000
0.518149,3.495273,0.000000
0.523180,3.499637,0.000000
0.528210,3.503988,0.000000
0.533241,3.508327,0.000000
0.538271,3.512652,0.000000
0.543302,3.516965,0.000000
0.548332,3.521265,0.000000
0.553363,3.525551,0.000000
0.558394,3.529824,0.000000
0.563424,3.534084,0.000000
0.568455,3.538330,0.000000
0.573485,3.542563,0.000000
0.578516,3.546782,0.000000
0.583546,3.550987,0.000000
0.588577,3.555178,0.000000
0.593608,3.559355,0.000000
0.598638,3.563518,0.000000
0.603669,3.567667,0.000000
0.608699,3.571801,0.000000
0.613730,3.575921,0.000000
0.618760,3.580026,0.000000
0.623791,3.584116,0.000000
0.628822,3.588192,0.000000
0.633852,3.592253,0.000000
0.638883,3.596299,0.000000
0.643913,3.600330,0.000000
0.648944,3.604345,0.000000
0.653974,3.608346,0.000000
0.659005,3.612331,0.000000
0.664036,3.616300,0.000000
0.669066,3.620254,0.000000
0.674097,3.624192,0.000000
0.679127,3.628114,0.000000
0.684158,3.632021,0.000000
0.689188,3.635911,0.000000
0.694219,3.639785,0.000000
0.699250,3.643644,0.000000
0.704280,3.647485,0.000000
0.709311,3.651311,0.000000
0.714341,3.655120,0.000000
0.719372,3.658912,0.000000
0.724402,3.662688,0.000000
0.729433,3.666447,0.000000
0.734464,3.670189,0.000000
0.739494,3.673914,0.000000
0.744525,3.677622,0.000000
0.749555,3.681313,0.000000
0.754586,3.684987,0.000000
0.759616,3.688643,0.000000
0.764647,3.692282,0.000000
0.769678,3.695904,0.000000
0.774708,3.699508,0.000000
0.779739,3.703094,0.000000
0.784769,3.706662,0.000000
0.789800,3.710212,0.000000
0.794830,3.713745,0.000000
0.799861,3.717259,0.000000
0.804892,3.720756,0.000000
0.809922,3.724234,0.000000
0.814953,3.727693,0.000000
0.819983,3.731134,0.000000
0.825014,3.734557,0.000000
0.830044,3.737961,0.000000
0.835075,3.741347,0.000000
0.840106,3.744714,0.000000
0.845136,3.748062,0.000000
0.850167,3.751390,0.000000
0.855197,3.754700,0.000000
0.860228,3.757991,0.000000
0.865259,3.761263,0.000000
0.870289,3.764515,0.000000
0.875320,3.767748,0.000000
0.880350,3.770962,0.000000
0.885381,3.774156,0.000000
0.890411,3.777331,0.000000
0.895442,3.780485,0.000000
0.900473,3.783621,0.000000
0.905503,3.786736,0.000000
0.910534,3.789831,0.000000
0.915564,3.792907,0.000000
0.920595,3.795962,0.000000
0.925625,3.798997,0.000000
0.930656,3.802012,0.000000
0.935687,3.805007,0.000000
0.940717,3.807981,0.000000
0.945748,3.810935,0.000000
0.950778,3.813868,0.000000
0.955809,3.816781,0.000000
0.960839,3.819673,0.000000
0.965870,3.822544,0.000000
0.970901,3.825394,0.000000
0.975931,3.828224,0.000000
0.980962,3.831033,0.000000
0.985992,3.833820,0.000000
0.991023,3.836587,0.000000
0.996053,3.839332,0.000000
1.001084,3.842056,0.000000
1.006115,3.844759,0.000000
1.011145,3.847440,0.000000
1.016176,3.850100,0.000000
1.021206,3.852739,0.000000
1.026237,3.855356,0.000000
1.031267,3.857951,0.000000
1.036298,3.860524,0.000000
1.041329,3.863076,0.000000
1.046359,3.865606,0.000000
1.051390,3.868114,0.000000
1.056420,3.870600,0.000000
1.061451,3.873064,0.000000
1.066481,3.875506,0.000000
1.071512,3.877925,0.000000
1.076543,3.880323,0.000000
1.081573,3.882698,0.000000
1.086604,3.885051,0.000000
1.091634,3.887382,0.000000
1.096665,3.889690,0.000000
1.101695,3.891975,0.000000
1.106726,3.894238,0.000000
1.111757,3.896478,0.000000
1.116787,3.898696,0.000000
1.121818,3.900891,0.000000
1.126848,3.903063,0.000000
1.131879,3.905212,0.000000
1.136909,3.907339,0.000000
1.141940,3.909442,0.000000
1.146971,3.911522,0.000000
1.152001,3.913580,0.000000
1.157032,3.915614,0.000000
1.162062,3.917625,0.000000
1.167093,3.919612,0.000000
1.172123,3.921577,0.000000
1.177154,3.923518,0.000000
1.182185,3.925436,0.000000
1.187215,3.927330,0.000000
1.192246,3.929201,0.000000
1.197276,3.931049,0.000000
1.202307,3.932873,0.000000
1.207337,3.934673,0.000000
1.212368,3.936449,0.000000
1.217399,3.938202,0.000000
1.222429,3.939931,0.000000
1.227460,3.941637,0.000000
1.232490,3.943318,0.000000
1.237521,3.944976,0.000000
1.242551,3.946610,0.000000
1.247582,3.948219,0.000000
1.252613,3.949805,0.000000
1.257643,3.951367,0.000000
1.262674,3.952905,0.000000
1.267704,3.954418,0.000000
1.272735,3.955908,0.000000
1.277765,3.957373,0.000000
1.282796,3.958814,0.000000
1.287827,3.960231,0.000000
1.292857,3.961623,0.000000
1.297888,3.962991,0.000000
1.302918,3.964335,0.000000
1.307949,3.965654,0.000000
1.312979,3.966949,0.000000
1.318010,3.968219,0.000000
1.323041,3.969465,0.000000
1.328071,3.970687,0.000000
1.333102,3.971883,0.000000
1.338132,3.973056,0.000000
1.343163,3.974203,0.000000
1.348193,3.975326,0.000000
1.353224,3.976424,0.000000
1.358255,3.977498,0.000000
1.363285,3.978547,0.000000
1.368316,3.979571,0.000000
1.373346,3.980570,0.000000
1.378377,3.981544,0.000000
1.383407,3.982494,0.000000
1.388438,3.983419,0.000000
1.393469,3.984319,0.000000
1.398499,3.985194,0.000000
1.403530,3.986044,0.000000
1.408560,3.986869,0.000000
1.413591,3.987669,0.000000
1.418622,3.988444,0.000000
1.423652,3.989194,0.000000
1.428683,3.989919,0.000000
1.433713,3.990619,0.000000
1.438744,3.991294,0.000000
1.443774,3.991944,0.000000
1.448805,3.992568,0.000000
1.453836,3.993168,0.000000
1.458866,3.993742,0.000000
1.463897,3.994292,0.000000
1.468927,3.994816,0.000000
1.473958,3.995315,0.000000
1.478988,3.995789,0.000000
1.484019,3.996237,0.000000
1.489050,3.996661,0.000000
1.494080,3.997059,0.000000
1.499111,3.997432,0.000000
1.504141,3.997779,0.000000
1.509172,3.998102,0.000000
1.514202,3.998399,0.000000
1.519233,3.998671,0.000000
1.524264,3.998918,0.000000
1.529294,3.999139,0.000000
1.534325,3.999335,0.000000
1.539355,3.999506,0.000000
1.544386,3.999651,0.000000
1.549416,3.999771,0.000000
1.554447,3.999866,0.000000
1.559478,3.999936,0.000000
1.564508,3.999980,0.000000
1.569539,3.999999,0.000000
1.574569,3.999993,0.000000
1.579600,3.999961,0.000000
1.584630,3.999904,0.000000
1.589661,3.999822,0.000000
1.594692,3.999715,0.000000
1.599722,3.999582,0.000000
1.604753,3.999424,0.000000
1.609783,3.999240,0.000000
1.614814,3.999031,0.000000
1.619844,3.998797,0.000000
1.624875,3.998538,0.000000
1.629906,3.998254,0.000000
1.634936,3.997944,0.000000
1.639967,3.997609,0.000000
1.644997,3.997248,0.000000
1.650028,3.996863,0.000000
1.655058,3.996452,0.000000
1.660089,3.996016,0.000000
1.665120,3.995555,0.000000
1.670150,3.995068,0.000000
1.675181,3.994557,0.000000
1.680211,3.994020,0.000000
1.685242,3.993458,0.000000
1.690272,3.992871,0.000000
1.695303,3.992259,0.000000
1.700334,3.991622,0.000000
1.705364,3.990959,0.000000
1.710395,3.990272,0.000000
1.715425,3.989559,0.000000
1.720456,3.988822,0.000000
1.725486,3.988059,0.000000
1.730517,3.987272,0.000000
1.735548,3.986459,0.000000
1.740578,3.985622,0.000000
1.745609,3.984759,0.000000
1.750639,3.983872,0.000000
1.755670,3.982960,0.000000
1.760700,3.982022,0.000000
1.765731,3.981060,0.000000
1.770762,3.980073,0.000000
1.775792,3.979062,0.000000
1.780823,3.978025,0.000000
1.785853,3.976964,0.000000
1.790884,3.975878,0.000000
1.795914,3.974768,0.000000
1.800945,3.973632,0.000000
1.805976,3.972473,0.000000
1.811006,3.971288,0.000000
1.816037,3.970079,0.000000
1.821067,3.968845,0.000000
1.826098,3.967587,0.000000
1.831128,3.966305,0.000000
1.836159,3.964997,0.000000
1.841190,3.963666,0.000000
1.846220,3.962310,0.000000
1.851251,3.960930,0.000000
1.856281,3.959525,0.000000
1.861312,3.958096,0.000000
1.866342,3.956643,0.000000
1.871373,3.955166,0.000000
1.876404,3.953664,0.000000
1.881434,3.952139,0.000000
1.886465,3.950589,0.000000
1.891495,3.949015,0.000000
1.896526,3.947418,0.000000
1.901556,3.945796,0.000000
1.906587,3.944150,0.000000
1.911618,3.942480,0.000000
1.916648,3.940787,0.000000
1.921679,3.939070,0.000000
1.926709,3.937329,0.000000
1.931740,3.935564,0.000000
1.936770,3.933776,0.000000
1.941801,3.931964,0.000000
1.946832,3.930128,0.000000
1.951862,3.928269,0.000000
1.956893,3.926386,0.000000
1.961923,3.924480,0.000000
1.966954,3.922550,0.000000
1.971984,3.920598,0.000000
1.977015,3.918622,0.000000
1.982046,3.916622,0.000000
1.987076,3.914600,0.000000
1.992107,3.912554,0.000000
1.997137,3.910485,0.000000
2.002168,3.908393,0.000000
2.007199,3.906278,0.000000
2.012229,3.904140,0.000000
2.017260,3.901980,0.000000
2.022290,3.899796,0.000000
2.027321,3.897590,0.000000
2.032351,3.895361,0.000000
2.037382,3.893109,0.000000
2.042413,3.890835,0.000000
2.047443,3.888538,0.000000
2.052474,3.886219,0.000000
2.057504,3.883877,0.000000
2.062535,3.881513,0.000000
2.067565,3.879127,0.000000
2.072596,3.876718,0.000000
2.077627,3.874288,0.000000
2.082657,3.871835,0.000000
2.087688,3.869360,0.000000
2.092718,3.866863,0.000000
2.097749,3.864344,0.000000
2.102779,3.861803,0.000000
2.107810,3.859240,0.000000
2.112841,3.856656,0.000000
2.117871,3.854050,0.000000
2.122902,3.851422,0.000000
2.127932,3.848773,0.000000
2.132963,3.846102,0.000000
2.137993,3.843410,0.000000
2.143024,3.840697,0.000000
2.148055,3.837962,0.000000
2.153085,3.835206,0.000000
2.158116,3.832429,0.000000
2.163146,3.829631,0.000000
2.168177,3.826812,0.000000
2.173207,3.823972,0.000000
2.178238,3.821111,0.000000
2.183269,3.818229,0.000000
2.188299,3.815327,0.000000
2.193330,3.812404,0.000000
2.198360,3.809460,0.000000
2.203391,3.806496,0.000000
2.208421,3.803512,0.000000
2.213452,3.800507,0.000000
2.218483,3.797482,0.000000
2.223513,3.794437,0.000000
2.228544,3.791371,0.000000
2.233574,3.788286,0.000000
2.238605,3.785181,0.000000
2.243635,3.782055,0.000000
2.248666,3.778910,0.000000
2.253697,3.775746,0.000000
2.258727,3.772561,0.000000
2.263758,3.769358,0.000000
2.268788,3.766134,0.000000
2.273819,3.762892,0.000000
2.278849,3.759629,0.000000
2.283880,3.756348,0.000000
2.288911,3.753048,0.000000
2.293941,3.749728,0.000000
2.298972,3.746390,0.000000
2.304002,3.743033,0.000000
2.309033,3.739656,0.000000
2.314063,3.736262,0.000000
2.319094,3.732848,0.000000
2.324125,3.729416,0.000000
2.329155,3.725966,0.000000
2.334186,3.722497,0.000000
2.339216,3.719010,0.000000
2.344247,3.715504,0.000000
2.349277,3.711981,0.000000
2.354308,3.708439,0.000000
2.359339,3.704880,0.000000
2.364369,3.701303,0.000000
2.369400,3.697708,0.000000
2.374430,3.694095,0.000000
2.379461,3.690465,0.000000
2.384491,3.686817,0.000000
2.389522,3.683152,0.000000
2.394553,3.679470,0.000000
2.399583,3.675770,0.000000
2.404614,3.672054,0.000000
2.409644,3.668320,0.000000
2.414675,3.664570,0.000000
2.419705,3.660802,0.000000
2.424736,3.657018,0.000000
2.429767,3.653217,0.000000
2.434797,3.649400,0.000000
2.439828,3.645567,0.000000
2.444858,3.641717,0.000000
2.449889,3.637850,0.000000
2.454919,3.633968,0.000000
2.459950,3.630069,0.000000
2.464981,3.626155,0.000000
2.470011,3.622225,0.000000
2.475042,3.618279,0.000000
2.480072,3.614317,0.000000
2.485103,3.610340,0.000000
2.490133,3.606347,0.000000
2.495164,3.602339,0.000000
2.500195,3.598316,0.000000
2.505225,3.594278,0.000000
2.510256,3.590224,0.000000
2.515286,3.586156,0.000000
2.520317,3.582073,0.000000
2.525347,3.577975,0.000000
2.530378,3.573863,0.000000
2.535409,3.569736,0.000000
2.540439,3.565594,0.000000
2.545470,3.561438,0.000000
2.550500,3.557268,0.000000
2.555531,3.553084,0.000000
2.560562,3.548886,0.000000
2.565592,3.544674,0.000000
2.570623,3.540448,0.000000
2.575653,3.536209,0.000000
2.580684,3.531956,0.000000
2.585714,3.527690,0.000000
2.590745,3.523410,0.000000
2.595776,3.519117,0.000000
2.600806,3.514810,0.000000
2.605837,3.510491,0.000000
2.610867,3.506159,0.000000
2.615898,3.501814,0.000000
2.620928,3.497456,0.000000
2.625959,3.493086,0.000000
2.630990,3.488704,0.000000
2.636020,3.484308,0.000000
2.641051,3.479901,0.000000
2.646081,3.475482,0.000000
2.651112,3.471050,0.000000
2.656142,3.466607,0.000000
2.661173,3.462151,0.000000
2.666204,3.457684,0.000000
2.671234,3.453206,0.000000
2.676265,3.448716,0.000000
2.681295,3.444215,0.000000
2.686326,3.439702,0.000000
2.691356,3.435178,0.000000
2.696387,3.430644,0.000000
2.701418,3.426098,0.000000
2.706448,3.421541,0.000000
2.711479,3.416974,0.000000
2.716509,3.412397,0.000000
2.721540,3.407809,0.000000
2.726570,3.403210,0.000000
2.731601,3.398602,0.000000
2.736632,3.393983,0.000000
2.741662,3.389354,0.000000
2.746693,3.384716,0.000000
2.751723,3.380068,0.000000
2.756754,3.375410,0.000000
2.761784,3.370742,0.000000
2.766815,3.366066,0.000000
2.771846,3.361380,0.000000
2.776876,3.356684,0.000000
2.781907,3.351980,0.000000
2.786937,3.347267,0.000000
2.791968,3.342545,0.000000
2.796998,3.337815,0.000000
2.802029,3.333076,0.000000
2.807060,3.328328,0.000000
2.812090,3.323572,0.000000
2.817121,3.318808,0.000000
2.822151,3.314036,0.000000
2.827182,3.309256,0.000000
2.832212,3.304468,0.000000
2.837243,3.299673,0.000000
2.842274,3.294870,0.000000
2.847304,3.290059,0.000000
2.852335,3.285241,0.000000
2.857365,3.280416,0.000000
2.862396,3.275584,0.000000
2.867426,3.270744,0.000000
2.872457,3.265898,0.000000
2.877488,3.261045,0.000000
2.882518,3.256186,0.000000
2.887549,3.251320,0.000000
2.892579,3.246448,0.000000
2.897610,3.241569,0.000000
2.902640,3.236685,0.000000
2.907671,3.231794,0.000000
2.912702,3.226898,0.000000
2.917732,3.221995,0.000000
2.922763,3.217088,0.000000
2.927793,3.212174,0.000000
2.932824,3.207256,0.000000
2.937854,3.202332,0.000000
2.942885,3.197403,0.000000
2.947916,3.192468,0.000000
2.952946,3.187530,0.000000
2.957977,3.182586,0.000000
2.963007,3.177638,0.000000
2.968038,3.172685,0.000000
2.973068,3.167728,0.000000
2.978099,3.162766,0.000000
2.983130,3.157801,0.000000
2.988160,3.152831,0.000000
2.993191,3.147858,0.000000
2.998221,3.142881,0.000000
3.003252,3.137900,0.000000
3.008282,3.132916,0.000000
3.013313,3.127928,0.000000
3.018344,3.122937,0.000000
3.023374,3.117943,0.000000
3.028405,3.112946,0.000000
3.033435,3.107947,0.000000
3.038466,3.102944,0.000000
3.043496,3.097939,0.000000
3.048527,3.092931,0.000000
3.053558,3.087921,0.000000
3.058588,3.082909,0.000000
3.063619,3.077895,0.000000
3.068649,3.072879,0.000000
3.073680,3.067861,0.000000
3.078710,3.062841,0.000000
3.083741,3.057819,0.000000
3.088772,3.052796,0.000000
3.093802,3.047772,0.000000
3.098833,3.042747,0.000000
3.103863,3.037720,0.000000
3.108894,3.032693,0.000000
3.113925,3.027665,0.000000
3.118955,3.022636,0.000000
3.123986,3.017606,0.000000
3.129016,3.012576,0.000000
3.134047,3.007546,0.000000
3.139077,3.002515,0.000000
3.144108,2.997485,0.000000
3.149139,2.992454,0.000000
3.154169,2.987424,0.000000
3.159200,2.982394,0.000000
3.164230,2.977364,0.000000
3.169261,2.972335,0.000000
3.174291,2.967307,0.000000
3.179322,2.962280,0.000000
3.184353,2.957253,0.000000
3.189383,2.952228,0.000000
3.194414,2.947204,0.000000
3.199444,2.942181,0.000000
3.204475,2.937159,0.000000
3.209505,2.932139,0.000000
3.214536,2.927121,0.000000
3.219567,2.922105,0.000000
3.224597,2.917091,0.000000
3.229628,2.912079,0.000000
3.234658,2.907069,0.000000
3.239689,2.902061,0.000000
3.244719,2.897056,0.000000
3.249750,2.892053,0.000000
3.254781,2.887054,0.000000
3.259811,2.882057,0.000000
3.264842,2.877063,0.000000
3.269872,2.872072,0.000000
3.274903,2.867084,0.000000
3.279933,2.862100,0.000000
3.284964,2.857119,0.000000
3.289995,2.852142,0.000000
3.295025,2.847169,0.000000
3.300056,2.842199,0.000000
3.305086,2.837234,0.000000
3.310117,2.832272,0.000000
3.315147,2.827315,0.000000
3.320178,2.822362,0.000000
3.325209,2.817414,0.000000
3.330239,2.812470,0.000000
3.335270,2.807532,0.000000
3.340300,2.802597,0.000000
3.345331,2.797668,0.000000
3.350361,2.792744,0.000000
3.355392,2.787826,0.000000
3.360423,2.782912,0.000000
3.365453,2.778005,0.000000
3.370484,2.773102,0.000000
3.375514,2.768206,0.000000
3.380545,2.763315,0.000000
3.385575,2.758431,0.000000
3.390606,2.753552,0.000000
3.395637,2.748680,0.000000
3.400667,2.743814,0.000000
3.405698,2.738955,0.000000
3.410728,2.734102,0.000000
3.415759,2.729256,0.000000
3.420789,2.724416,0.000000
3.425820,2.719584,0.000000
3.430851,2.714759,0.000000
3.435881,2.709941,0.000000
3.440912,2.705130,0.000000
3.445942,2.700327,0.000000
3.450973,2.695532,0.000000
3.456003,2.690744,0.000000
3.461034,2.685964,0.000000
3.466065,2.681192,0.000000
3.471095,2.676428,0.000000
3.476126,2.671672,0.000000
3.481156,2.666924,0.000000
3.486187,2.662185,0.000000
3.491217,2.657455,0.000000
3.496248,2.652733,0.000000
3.501279,2.648020,0.000000
3.506309,2.643316,0.000000
3.511340,2.638620,0.000000
3.516370,2.633934,0.000000
3.521401,2.629258,0.000000
3.526431,2.624590,0.000000
3.531462,2.619932,0.000000
3.536493,2.615284,0.000000
3.541523,2.610646,0.000000
3.546554,2.606017,0.000000
3.551584,2.601398,0.000000
3.556615,2.596790,0.000000
3.561645,2.592191,0.000000
3.566676,2.587603,0.000000
3.571707,2.583026,0.000000
3.576737,2.578459,0.000000
3.581768,2.573902,0.000000
3.586798,2.569356,0.000000
3.591829,2.564822,0.000000
3.596859,2.560298,0.000000
3.601890,2.555785,0.000000
3.606921,2.551284,0.000000
3.611951,2.546794,0.000000
3.616982,2.542316,0.000000
3.622012,2.537849,0.000000
3.627043,2.533393,0.000000
3.632073,2.528950,0.000000
3.637104,2.524518,0.000000
3.642135,2.520099,0.000000
3.647165,2.515692,0.000000
3.652196,2.511296,0.000000
3.657226,2.506914,0.000000
3.662257,2.502544,0.000000
3.667288,2.498186,0.000000
3.672318,2.493841,0.000000
3.677349,2.489509,0.000000
3.682379,2.485190,0.000000
3.687410,2.480883,0.000000
3.692440,2.476590,0.000000
3.697471,2.472310,0.000000
3.702502,2.468044,0.000000
3.707532,2.463791,0.000000
3.712563,2.459552,0.000000
3.717593,2.455326,0.000000
3.722624,2.451114,0.000000
3.727654,2.446916,0.000000
3.732685,2.442732,0.000000
3.737716,2.438562,0.000000
3.742746,2.434406,0.000000
3.747777,2.430264,0.000000
3.752807,2.426137,0.000000
3.757838,2.422025,0.000000
3.762868,2.417927,0.000000
3.767899,2.413844,0.000000
3.772930,2.409776,0.000000
3.777960,2.405722,0.000000
3.782991,2.401684,0.000000
3.788021,2.397661,0.000000
3.793052,2.393653,0.000000
3.798082,2.389660,0.000000
3.803113,2.385683,0.000000
3.808144,2.381721,0.000000
3.813174,2.377775,0.000000
3.818205,2.373845,0.000000
3.823235,2.369931,0.000000
3.828266,2.366032,0.000000
3.833296,2.362150,0.000000
3.838327,2.358283,0.000000
3.843358,2.354433,0.000000
3.848388,2.350600,0.000000
3.853419,2.346783,0.000000
3.858449,2.342982,0.000000
3.863480,2.339198,0.000000
3.868510,2.335430,0.000000
3.873541,2.331680,0.000000
3.878572,2.327946,0.000000
3.883602,2.324230,0.000000
3.888633,2.320530,0.000000
3.893663,2.316848,0.000000
3.898694,2.313183,0.000000
3.903724,2.309535,0.000000
3.908755,2.305905,0.000000
3.913786,2.302292,0.000000
3.918816,2.298697,0.000000
3.923847,2.295120,0.000000
3.928877,2.291561,0.000000
3.933908,2.288019,0.000000
3.938938,2.284496,0.000000
3.943969,2.280990,0.000000
3.949000,2.277503,0.000000
3.954030,2.274034,0.000000
3.959061,2.270584,0.000000
3.964091,2.267152,0.000000
3.969122,2.263738,0.000000
3.974152,2.260344,0.000000
3.979183,2.256967,0.000000
3.984214,2.253610,0.000000
3.989244,2.250272,0.000000
3.994275,2.246952,0.000000
3.999305,2.243652,0.000000
4.004336,2.240371,0.000000
4.009366,2.237108,0.000000
4.014397,2.233866,0.000000
4.019428,2.230642,0.000000
4.024458,2.227439,0.000000
4.029489,2.224254,0.000000
4.034519,2.221090,0.000000
4.039550,2.217945,0.000000
4.044580,2.214819,0.000000
4.049611,2.211714,0.000000
4.054642,2.208629,0.000000
4.059672,2.205563,0.000000
4.064703,2.202518,0.000000
4.069733,2.199493,0.000000
4.074764,2.196488,0.000000
4.079794,2.193504,0.000000
4.084825,2.190540,0.000000
4.089856,2.187596,0.000000
4.094886,2.184673,0.000000
4.099917,2.181771,0.000000
4.104947,2.178889,0.000000
4.109978,2.176028,0.000000
4.115008,2.173188,0.000000
4.120039,2.170369,0.000000
4.125070,2.167571,0.000000
4.130100,2.164794,0.000000
4.135131,2.162038,0.000000
4.140161,2.159303,0.000000
4.145192,2.156590,0.000000
4.150222,2.153898,0.000000
4.155253,2.151227,0.000000
4.160284,2.148578,0.000000
4.165314,2.145950,0.000000
4.170345,2.143344,0.000000
4.175375,2.140760,0.000000
4.180406,2.138197,0.000000
4.185436,2.135656,0.000000
4.190467,2.133137,0.000000
4.195498,2.130640,0.000000
4.200528,2.128165,0.000000
4.205559,2.125712,0.000000
4.210589,2.123282,0.000000
4.215620,2.120873,0.000000
4.220650,2.118487,0.000000
4.225681,2.116123,0.000000
4.230712,2.113781,0.000000
4.235742,2.111462,0.000000
4.240773,2.109165,0.000000
4.245803,2.106891,0.000000
4.250834,2.104639,0.000000
4.255865,2.102410,0.000000
4.260895,2.100204,0.000000
4.265926,2.098020,0.000000
4.270956,2.095860,0.000000
4.275987,2.093722,0.000000
4.281017,2.091607,0.000000
4.286048,2.089515,0.000000
4.291079,2.087446,0.000000
4.296109,2.085400,0.000000
4.301140,2.083378,0.000000
4.306170,2.081378,0.000000
4.311201,2.079402,0.000000
4.316231,2.077450,0.000000
4.321262,2.075520,0.000000
4.326293,2.073614,0.000000
4.331323,2.071731,0.000000
4.336354,2.069872,0.000000
4.341384,2.068036,0.000000
4.346415,2.066224,0.000000
4.351445,2.064436,0.000000
4.356476,2.062671,0.000000
4.361507,2.060930,0.000000
4.366537,2.059213,0.000000
4.371568,2.057520,0.000000
4.376598,2.055850,0.000000
4.381629,2.054204,0.000000
4.386659,2.052582,0.000000
4.391690,2.050985,0.000000
4.396721,2.049411,0.000000
4.401751,2.047861,0.000000
4.406782,2.046336,0.000000
4.411812,2.044834,0.000000
4.416843,2.043357,0.000000
4.421873,2.041904,0.000000
4.426904,2.040475,0.000000
4.431935,2.039070,0.000000
4.436965,2.037690,0.000000
4.441996,2.036334,0.000000
4.447026,2.035003,0.000000
4.452057,2.033695,0.000000
4.457087,2.032413,0.000000
4.462118,2.031155,0.000000
4.467149,2.029921,0.000000
4.472179,2.028712,0.000000
4.477210,2.027527,0.000000
4.482240,2.026368,0.000000
4.487271,2.025232,0.000000
4.492301,2.024122,0.000000
4.497332,2.023036,0.000000
4.502363,2.021975,0.000000
4.507393,2.020938,0.000000
4.512424,2.019927,0.000000
4.517454,2.018940,0.000000
4.522485,2.017978,0.000000
4.527515,2.017040,0.000000
4.532546,2.016128,0.000000
4.537577,2.015241,0.000000
4.542607,2.014378,0.000000
4.547638,2.013541,0.000000
4.552668,2.012728,0.000000
4.557699,2.011941,0.000000
4.562729,2.011178,0.000000
4.567760,2.010441,0.000000
4.572791,2.009728,0.000000
4.577821,2.009041,0.000000
4.582852,2.008378,0.000000
4.587882,2.007741,0.000000
4.592913,2.007129,0.000000
4.597943,2.006542,0.000000
4.602974,2.005980,0.000000
4.608005,2.005443,0.000000
4.613035,2.004932,0.000000
4.618066,2.004445,0.000000
4.623096,2.003984,0.000000
4.628127,2.003548,0.000000
4.633157,2.003137,0.000000
4.638188,2.002752,0.000000
4.643219,2.002391,0.000000
4.648249,2.002056,0.000000
4.653280,2.001746,0.000000
4.658310,2.001462,0.000000
4.663341,2.001203,0.000000
4.668371,2.000969,0.000000
4.673402,2.000760,0.000000
4.678433,2.000576,0.000000
4.683463,2.000418,0.000000
4.688494,2.000285,0.000000
4.693524,2.000178,0.000000
4.698555,2.000096,0.000000
4.703585,2.000039,0.000000
4.708616,2.000007,0.000000
4.713647,2.000001,0.000000
4.718677,2.000020,0.000000
4.723708,2.000064,0.000000
4.728738,2.000134,0.000000
4.733769,2.000229,0.000000
4.738799,2.000349,0.000000
4.743830,2.000494,0.000000
4.748861,2.000665,0.000000
4.753891,2.000861,0.000000
4.758922,2.001082,0.000000
4.763952,2.001329,0.000000
4.768983,2.001601,0.000000
4.774013,2.001898,0.000000
4.779044,2.002221,0.000000
4.784075,2.002568,0.000000
4.789105,2.002941,0.000000
4.794136,2.003339,0.000000
4.799166,2.003763,0.000000
4.804197,2.004211,0.000000
4.809228,2.004685,0.000000
4.814258,2.005184,0.000000
4.819289,2.005708,0.000000
4.824319,2.006258,0.000000
4.829350,2.006832,0.000000
4.834380,2.007432,0.000000
4.839411,2.008056,0.000000
4.844442,2.008706,0.000000
4.849472,2.009381,0.000000
4.854503,2.010081,0.000000
4.859533,2.010806,0.000000
4.864564,2.011556,0.000000
4.869594,2.012331,0.000000
4.874625,2.013131,0.000000
4.879656,2.013956,0.000000
4.884686,2.014806,0.000000
4.889717,2.015681,0.000000
4.894747,2.016581,0.000000
4.899778,2.017506,0.000000
4.904808,2.018456,0.000000
4.909839,2.019430,0.000000
4.914870,2.020429,0.000000
4.919900,2.021453,0.000000
4.924931,2.022502,0.000000
4.929961,2.023576,0.000000
4.934992,2.024674,0.000000
4.940022,2.025797,0.000000
4.945053,2.026944,0.000000
4.950084,2.028117,0.000000
4.955114,2.029313,0.000000
4.960145,2.030535,0.000000
4.965175,2.031781,0.000000
4.970206,2.033051,0.000000
4.975236,2.034346,0.000000
4.980267,2.035665,0.000000
4.985298,2.037009,0.000000
4.990328,2.038377,0.000000
4.995359,2.039769,0.000000
5.000389,2.041186,0.000000
5.005420,2.042627,0.000000
5.010450,2.044092,0.000000
5.015481,2.045582,0.000000
5.020512,2.047095,0.000000
5.025542,2.048633,0.000000
5.030573,2.050195,0.000000
5.035603,2.051781,0.000000
5.040634,2.053390,0.000000
5.045664,2.055024,0.000000
5.050695,2.056682,0.000000
5.055726,2.058363,0.000000
5.060756,2.060069,0.000000
5.065787,2.061798,0.000000
5.070817,2.063551,0.000000
5.075848,2.065327,0.000000
5.080878,2.067127,0.000000
5.085909,2.068951,0.000000
5.090940,2.070799,0.000000
5.095970,2.072670,0.000000
5.101001,2.074564,0.000000
5.106031,2.076482,0.000000
5.111062,2.078423,0.000000
5.116092,2.080388,0.000000
5.121123,2.082375,0.000000
5.126154,2.084386,0.000000
5.131184,2.086420,0.000000
5.136215,2.088478,0.000000
5.141245,2.090558,0.000000
5.146276,2.092661,0.000000
5.151306,2.094788,0.000000
5.156337,2.096937,0.000000
5.161368,2.099109,0.000000
5.166398,2.101304,0.000000
5.171429,2.103522,0.000000
5.176459,2.105762,0.000000
5.181490,2.108025,0.000000
5.186520,2.110310,0.000000
5.191551,2.112618,0.000000
5.196582,2.114949,0.000000
5.201612,2.117302,0.000000
5.206643,2.119677,0.000000
5.211673,2.122075,0.000000
5.216704,2.124494,0.000000
5.221734,2.126936,0.000000
5.226765,2.129400,0.000000
5.231796,2.131886,0.000000
5.236826,2.134394,0.000000
5.241857,2.136924,0.000000
5.246887,2.139476,0.000000
5.251918,2.142049,0.000000
5.256948,2.144644,0.000000
5.261979,2.147261,0.000000
5.267010,2.149900,0.000000
5.272040,2.152560,0.000000
5.277071,2.155241,0.000000
5.282101,2.157944,0.000000
5.287132,2.160668,0.000000
5.292162,2.163413,0.000000
5.297193,2.166180,0.000000
5.302224,2.168967,0.000000
5.307254,2.171776,0.000000
5.312285,2.174606,0.000000
5.317315,2.177456,0.000000
5.322346,2.180327,0.000000
5.327376,2.183219,0.000000
5.332407,2.186132,0.000000
5.337438,2.189065,0.000000
5.342468,2.192019,0.000000
5.347499,2.194993,0.000000
5.352529,2.197988,0.000000
5.357560,2.201003,0.000000
5.362591,2.204038,0.000000
5.367621,2.207093,0.000000
5.372652,2.210169,0.000000
5.377682,2.213264,0.000000
5.382713,2.216379,0.000000
5.387743,2.219515,0.000000
5.392774,2.222669,0.000000
5.397805,2.225844,0.000000
5.402835,2.229038,0.000000
5.407866,2.232252,0.000000
5.412896,2.235485,0.000000
5.417927,2.238737,0.000000
5.422957,2.242009,0.000000
5.427988,2.245300,0.000000
5.433019,2.248610,0.000000
5.438049,2.251938,0.000000
5.443080,2.255286,0.000000
5.448110,2.258653,0.000000
5.453141,2.262039,0.000000
5.458171,2.265443,0.000000
5.463202,2.268866,0.000000
5.468233,2.272307,0.000000
5.473263,2.275766,0.000000
5.478294,2.279244,0.000000
5.483324,2.282741,0.000000
5.488355,2.286255,0.000000
5.493385,2.289788,0.000000
5.498416,2.293338,0.000000
5.503447,2.296906,0.000000
5.508477,2.300492,0.000000
5.513508,2.304096,0.000000
5.518538,2.307718,0.000000
5.523569,2.311357,0.000000
5.528599,2.315013,0.000000
5.533630,2.318687,0.000000
5.538661,2.322378,0.000000
5.543691,2.326086,0.000000
5.548722,2.329811,0.000000
5.553752,2.333553,0.000000
5.558783,2.337312,0.000000
5.563813,2.341088,0.000000
5.568844,2.344880,0.000000
5.573875,2.348689,0.000000
5.578905,2.352515,0.000000
5.583936,2.356356,0.000000
5.588966,2.360215,0.000000
5.593997,2.364089,0.000000
5.599027,2.367979,0.000000
5.604058,2.371886,0.000000
5.609089,2.375808,0.000000
5.614119,2.379746,0.000000
5.619150,2.383700,0.000000
5.624180,2.387669,0.000000
5.629211,2.391654,0.000000
5.634241,2.395655,0.000000
5.639272,2.399670,0.000000
5.644303,2.403701,0.000000
5.649333,2.407747,0.000000
5.654364,2.411808,0.000000
5.659394,2.415884,0.000000
5.664425,2.419974,0.000000
5.669455,2.424079,0.000000
5.674486,2.428199,0.000000
5.679517,2.432333,0.000000
5.684547,2.436482,0.000000
5.689578,2.440645,0.000000
5.694608,2.444822,0.000000
5.699639,2.449013,0.000000
5.704669,2.453218,0.000000
5.709700,2.457437,0.000000
5.714731,2.461670,0.000000
5.719761,2.465916,0.000000
5.724792,2.470176,0.000000
5.729822,2.474449,0.000000
5.734853,2.478735,0.000000
5.739883,2.483035,0.000000
5.744914,2.487348,0.000000
5.749945,2.491673,0.000000
5.754975,2.496012,0.000000
5.760006,2.500363,0.000000
5.765036,2.504727,0.000000
5.770067,2.509104,0.000000
5.775097,2.513492,0.000000
5.780128,2.517894,0.000000
5.785159,2.522307,0.000000
5.790189,2.526733,0.000000
5.795220,2.531170,0.000000
5.800250,2.535620,0.000000
5.805281,2.540081,0.000000
5.810311,2.544553,0.000000
5.815342,2.549038,0.000000
5.820373,2.553533,0.000000
5.825403,2.558040,0.000000
5.830434,2.562558,0.000000
5.835464,2.567088,0.000000
5.840495,2.571628,0.000000
5.845525,2.576179,0.000000
5.850556,2.580741,0.000000
5.855587,2.585313,0.000000
5.860617,2.589896,0.000000
5.865648,2.594489,0.000000
5.870678,2.599093,0.000000
5.875709,2.603706,0.000000
5.880739,2.608330,0.000000
5.885770,2.612964,0.000000
5.890801,2.617607,0.000000
5.895831,2.622260,0.000000
5.900862,2.626923,0.000000
5.905892,2.631595,0.000000
5.910923,2.636276,0.000000
5.915953,2.640967,0.000000
5.920984,2.645666,0.000000
5.926015,2.650375,0.000000
5.931045,2.655093,0.000000
5.936076,2.659819,0.000000
5.941106,2.664554,0.000000
5.946137,2.669297,0.000000
5.951168,2.674049,0.000000
5.956198,2.678809,0.000000
5.961229,2.683577,0.000000
5.966259,2.688353,0.000000
5.971290,2.693137,0.000000
5.976320,2.697928,0.000000
5.981351,2.702728,0.000000
5.986382,2.707535,0.000000
5.991412,2.712349,0.000000
5.996443,2.717171,0.000000
6.001473,2.721999,0.000000
6.006504,2.726835,0.000000
6.011534,2.731678,0.000000
6.016565,2.736527,0.000000
6.021596,2.741383,0.000000
6.026626,2.746246,0.000000
6.031657,2.751115,0.000000
6.036687,2.755991,0.000000
6.041718,2.760872,0.000000
6.046748,2.765760,0.000000
6.051779,2.770653,0.000000
6.056810,2.775553,0.000000
6.061840,2.780458,0.000000
6.066871,2.785368,0.000000
6.071901,2.790284,0.000000
6.076932,2.795206,0.000000
6.081962,2.800132,0.000000
6.086993,2.805064,0.000000
6.092024,2.810000,0.000000
6.097054,2.814942,0.000000
6.102085,2.819888,0.000000
6.107115,2.824838,0.000000
6.112146,2.829793,0.000000
6.117176,2.834753,0.000000
6.122207,2.839716,0.000000
6.127238,2.844684,0.000000
6.132268,2.849655,0.000000
6.137299,2.854630,0.000000
6.142329,2.859609,0.000000
6.147360,2.864592,0.000000
6.152390,2.869578,0.000000
6.157421,2.874567,0.000000
6.162452,2.879559,0.000000
6.167482,2.884555,0.000000
6.172513,2.889553,0.000000
6.177543,2.894554,0.000000
6.182574,2.899558,0.000000
6.187604,2.904565,0.000000
6.192635,2.909573,0.000000
6.197666,2.914584,0.000000
6.202696,2.919598,0.000000
6.207727,2.924613,0.000000
6.212757,2.929630,0.000000
6.217788,2.934649,0.000000
6.222818,2.939670,0.000000
6.227849,2.944692,0.000000
6.232880,2.949715,0.000000
6.237910,2.954740,0.000000
6.242941,2.959766,0.000000
6.247971,2.964793,0.000000
6.253002,2.969821,0.000000
6.258032,2.974850,0.000000
6.263063,2.979879,0.000000
6.268094,2.984909,0.000000
6.273124,2.989939,0.000000
6.278155,2.994969,0.000000
6.283185,3.000000,0.000000
0.000000,7.000000,0.000000
0.005031,6.999987,0.000000
0.010061,6.999949,0.000000
0.015092,6.999886,0.000000
0.020122,6.999798,0.000000
0.025153,6.999684,0.000000
0.030183,6.999545,0.000000
0.035214,6.999380,0.000000
0.040245,6.999190,0.000000
0.045275,6.998975,0.000000
0.050306,6.998735,0.000000
0.055336,6.998469,0.000000
0.060367,6.998178,0.000000
0.065397,6.997862,0.000000
0.070428,6.997521,0.000000
0.075459,6.997154,0.000000
0.080489,6.996762,0.000000
0.085520,6.996345,0.000000
0.090550,6.995903,0.000000
0.095581,6.995436,0.000000
0.100611,6.994943,0.000000
0.105642,6.994425,0.000000
0.110673,6.993882,0.000000
0.115703,6.993314,0.000000
0.120734,6.992721,0.000000
0.125764,6.992102,0.000000
0.130795,6.991459,0.000000
0.135825,6.990790,0.000000
0.140856,6.990096,0.000000
0.145887,6.989377,0.000000
0.150917,6.988634,0.000000
0.155948,6.987865,0.000000
0.160978,6.987071,0.000000
0.166009,6.986252,0.000000
0.171039,6.985408,0.000000
0.176070,6.984540,0.000000
0.181101,6.983646,0.000000
0.186131,6.982728,0.000000
0.191162,6.981784,0.000000
0.196192,6.980816,0.000000
0.201223,6.979823,0.000000
0.206253,6.978805,0.000000
0.211284,6.977762,0.000000
0.216315,6.976695,0.000000
0.221345,6.975603,0.000000
0.226376,6.974486,0.000000
0.231406,6.973345,0.000000
0.236437,6.972179,0.000000
0.241467,6.970988,0.000000
0.246498,6.969773,0.000000
0.251529,6.968533,0.000000
0.256559,6.967269,0.000000
0.261590,6.965980,0.000000
0.266620,6.964667,0.000000
0.271651,6.963329,0.000000
0.276681,6.961967,0.000000
0.281712,6.960581,0.000000
0.286743,6.959170,0.000000
0.291773,6.957735,0.000000
0.296804,6.956276,0.000000
0.301834,6.954793,0.000000
0.306865,6.953285,0.000000
0.311896,6.951754,0.000000
0.316926,6.950198,0.000000
0.321957,6.948618,0.000000
0.326987,6.947014,0.000000
0.332018,6.945387,0.000000
0.337048,6.943735,0.000000
0.342079,6.942059,0.000000
0.347110,6.940360,0.000000
0.352140,6.938637,0.000000
0.357171,6.936890,0.000000
0.362201,6.935119,0.000000
0.367232,6.933325,0.000000
0.372262,6.931507,0.000000
0.377293,6.929665,0.000000
0.382324,6.927800,0.000000
0.387354,6.925912,0.000000
0.392385,6.924000,0.000000
0.397415,6.922064,0.000000
0.402446,6.920106,0.000000
0.407476,6.918124,0.000000
0.412507,6.916119,0.000000
0.417538,6.914090,0.000000
0.422568,6.912039,0.000000
0.427599,6.909964,0.000000
0.432629,6.907867,0.000000
0.437660,6.905746,0.000000
0.442690,6.903602,0.000000
0.447721,6.901436,0.000000
0.452752,6.899247,0.000000
0.457782,6.897035,0.000000
0.462813,6.894800,0.000000
0.467843,6.892543,0.000000
0.472874,6.890263,0.000000
0.477904,6.887961,0.000000
0.482935,6.885636,0.000000
0.487966,6.883288,0.000000
0.492996,6.880919,0.000000
0.498027,6.878527,0.000000
0.503057,6.876113,0.000000
0.508088,6.873676,0.000000
0.513118,6.871218,0.000000
0.518149,6.868737,0.000000
0.523180,6.866235,0.000000
0.528210,6.863711,0.000000
0.533241,6.861164,0.000000
0.538271,6.858596,0.000000
0.543302,6.856006,0.000000
0.548332,6.853395,0.000000
0.553363,6.850762,0.000000
0.558394,6.848107,0.000000
0.563424,6.845431,0.000000
0.568455,6.842734,0.000000
0.573485,6.840015,0.000000
0.578516,6.837275,0.000000
0.583546,6.834514,0.000000
0.588577,6.831732,0.000000
0.593608,6.828928,0.000000
0.598638,6.826104,0.000000
0.603669,6.823259,0.000000
0.608699,6.820392,0.000000
0.613730,6.817506,0.000000
0.618760,6.814598,0.000000
0.623791,6.811670,0.000000
0.628822,6.808721,0.000000
0.633852,6.805752,0.000000
0.638883,6.802762,0.000000
0.643913,6.799753,0.000000
0.648944,6.796723,0.000000
0.653974,6.793672,0.000000
0.659005,6.790602,0.000000
0.664036,6.787512,0.000000
0.669066,6.784401,0.000000
0.674097,6.781271,0.000000
0.679127,6.778121,0.000000
0.684158,6.774952,0.000000
0.689188,6.771762,0.000000
0.694219,6.768554,0.000000
0.699250,6.765325,0.000000
0.704280,6.762078,0.000000
0.709311,6.758811,0.000000
0.714341,6.755525,0.000000
0.719372,6.752220,0.000000
0.724402,6.748896,0.000000
0.729433,6.745552,0.000000
0.734464,6.742190,0.000000
0.739494,6.738810,0.000000
0.744525,6.735410,0.000000
0.749555,6.731992,0.000000
0.754586,6.728555,0.000000
0.759616,6.725100,0.000000
0.764647,6.721627,0.000000
0.769678,6.718135,0.000000
0.774708,6.714625,0.000000
0.779739,6.711097,0.000000
0.784769,6.707551,0.000000
0.789800,6.703987,0.000000
0.794830,6.700406,0.000000
0.799861,6.696806,0.000000
0.804892,6.693189,0.000000
0.809922,6.689555,0.000000
0.814953,6.685903,0.000000
0.819983,6.682233,0.000000
0.825014,6.678547,0.000000
0.830044,6.674843,0.000000
0.835075,6.671122,0.000000
0.840106,6.667384,0.000000
0.845136,6.663629,0.000000
0.850167,6.659858,0.000000
0.855197,6.656070,0.000000
0.860228,6.652265,0.000000
0.865259,6.648443,0.000000
0.870289,6.644606,0.000000
0.875320,6.640751,0.000000
0.880350,6.636881,0.000000
0.885381,6.632995,0.000000
0.890411,6.629092,0.000000
0.895442,6.625174,0.000000
0.900473,6.621240,0.000000
0.905503,6.617290,0.000000
0.910534,6.613324,0.000000
0.915564,6.609343,0.000000
0.920595,6.605347,0.000000
0.925625,6.601335,0.000000
0.930656,6.597308,0.000000
0.935687,6.593266,0.000000
0.940717,6.589209,0.000000
0.945748,6.585137,0.000000
0.950778,6.581050,0.000000
0.955809,6.576948,0.000000
0.960839,6.572832,0.000000
0.965870,6.568702,0.000000
0.970901,6.564556,0.000000
0.975931,6.560397,0.000000
0.980962,6.556224,0.000000
0.985992,6.552036,0.000000
0.991023,6.547834,0.000000
0.996053,6.543619,0.000000
1.001084,6.539390,0.000000
1.006115,6.535147,0.000000
1.011145,6.530891,0.000000
1.016176,6.526621,0.000000
1.021206,6.522338,0.000000
1.026237,6.518041,0.000000
1.031267,6.513732,0.000000
1.036298,6.509409,0.000000
1.041329,6.505074,0.000000
1.046359,6.500726,0.000000
1.051390,6.496365,0.000000
1.056420,6.491992,0.000000
1.061451,6.487606,0.000000
1.066481,6.483208,0.000000
1.071512,6.478797,0.000000
1.076543,6.474375,0.000000
1.081573,6.469940,0.000000
1.086604,6.465494,0.000000
1.091634,6.461036,0.000000
1.096665,6.456566,0.000000
1.101695,6.452084,0.000000
1.106726,6.447592,0.000000
1.111757,6.443087,0.000000
1.116787,6.438572,0.000000
1.121818,6.434046,0.000000
1.126848,6.429508,0.000000
1.131879,6.424960,0.000000
1.136909,6.420401,0.000000
1.141940,6.415831,0.000000
1.146971,6.411251,0.000000
1.152001,6.406660,0.000000
1.157032,6.402059,0.000000
1.162062,6.397448,0.000000
1.167093,6.392827,0.000000
1.172123,6.388196,0.000000
1.177154,6.383555,0.000000
1.182185,6.378904,0.000000
1.187215,6.374244,0.000000
1.192246,6.369574,0.000000
1.197276,6.364895,0.000000
1.202307,6.360207,0.000000
1.207337,6.355509,0.000000
1.212368,6.350803,0.000000
1.217399,6.346088,0.000000
1.222429,6.341364,0.000000
1.227460,6.336631,0.000000
1.232490,6.331890,0.000000
1.237521,6.327140,0.000000
1.242551,6.322382,0.000000
1.247582,6.317616,0.000000
1.252613,6.312842,0.000000
1.257643,6.308060,0.000000
1.262674,6.303270,0.000000
1.267704,6.298473,0.000000
1.272735,6.293668,0.000000
1.277765,6.288855,0.000000
1.282796,6.284035,0.000000
1.287827,6.279208,0.000000
1.292857,6.274374,0.000000
1.297888,6.269533,0.000000
1.302918,6.264686,0.000000
1.307949,6.259831,0.000000
1.312979,6.254970,0.000000
1.318010,6.250103,0.000000
1.323041,6.245229,0.000000
1.328071,6.240349,0.000000
1.333102,6.235463,0.000000
1.338132,6.230571,0.000000
1.343163,6.225673,0.000000
1.348193,6.220769,0.000000
1.353224,6.215860,0.000000
1.358255,6.210945,0.000000
1.363285,6.206025,0.000000
1.368316,6.201100,0.000000
1.373346,6.196169,0.000000
1.378377,6.191234,0.000000
1.383407,6.186294,0.000000
1.388438,6.181349,0.000000
1.393469,6.176400,0.000000
1.398499,6.171446,0.000000
1.403530,6.166488,0.000000
1.408560,6.161525,0.000000
1.413591,6.156559,0.000000
1.418622,6.151588,0.000000
1.423652,6.146614,0.000000
1.428683,6.141636,0.000000
1.433713,6.136654,0.000000
1.438744,6.131669,0.000000
1.443774,6.126681,0.000000
1.448805,6.121689,0.000000
1.453836,6.116694,0.000000
1.458866,6.111697,0.000000
1.463897,6.106696,0.000000
1.468927,6.101693,0.000000
1.473958,6.096687,0.000000
1.478988,6.091679,0.000000
1.484019,6.086669,0.000000
1.489050,6.081656,0.000000
1.494080,6.076641,0.000000
1.499111,6.071624,0.000000
1.504141,6.066606,0.000000
1.509172,6.061586,0.000000
1.514202,6.056564,0.000000
1.519233,6.051541,0.000000
1.524264,6.046516,0.000000
1.529294,6.041490,0.000000
1.534325,6.036464,0.000000
1.539355,6.031436,0.000000
1.544386,6.026407,0.000000
1.549416,6.021378,0.000000
1.554447,6.016349,0.000000
1.559478,6.011319,0.000000
1.564508,6.006288,0.000000
1.569539,6.001258,0.000000
1.574569,5.996227,0.000000
1.579600,5.991197,0.000000
1.584630,5.986166,0.000000
1.589661,5.981136,0.000000
1.594692,5.976107,0.000000
1.599722,5.971078,0.000000
1.604753,5.966050,0.000000
1.609783,5.961023,0.000000
1.614814,5.955997,0.000000
1.619844,5.950972,0.000000
1.624875,5.945948,0.000000
1.629906,5.940925,0.000000
1.634936,5.935904,0.000000
1.639967,5.930885,0.000000
1.644997,5.925867,0.000000
1.650028,5.920851,0.000000
1.655058,5.915838,0.000000
1.660089,5.910826,0.000000
1.665120,5.905817,0.000000
1.670150,5.900810,0.000000
1.675181,5.895805,0.000000
1.680211,5.890803,0.000000
1.685242,5.885804,0.000000
1.690272,5.880808,0.000000
1.695303,5.875815,0.000000
1.700334,5.870825,0.000000
1.705364,5.865838,0.000000
1.710395,5.860855,0.000000
1.715425,5.855875,0.000000
1.720456,5.850899,0.000000
1.725486,5.845926,0.000000
1.730517,5.840958,0.000000
1.735548,5.835993,0.000000
1.740578,5.831033,0.000000
1.745609,5.826077,0.000000
1.750639,5.821125,0.000000
1.755670,5.816178,0.000000
1.760700,5.811235,0.000000
1.765731,5.806298,0.000000
1.770762,5.801365,0.000000
1.775792,5.796437,0.000000
1.780823,5.791514,0.000000
1.785853,5.786597,0.000000
1.790884,5.781685,0.000000
1.795914,5.776778,0.000000
1.800945,5.771878,0.000000
1.805976,5.766983,0.000000
1.811006,5.762094,0.000000
1.816037,5.757210,0.000000
1.821067,5.752333,0.000000
1.826098,5.747463,0.000000
1.831128,5.742598,0.000000
1.836159,5.737741,0.000000
1.841190,5.732890,0.000000
1.846220,5.728045,0.000000
1.851251,5.723208,0.000000
1.856281,5.718377,0.000000
1.861312,5.713554,0.000000
1.866342,5.708738,0.000000
1.871373,5.703929,0.000000
1.876404,5.699128,0.000000
1.881434,5.694334,0.000000
1.886465,5.689548,0.000000
1.891495,5.684770,0.000000
1.896526,5.680000,0.000000
1.901556,5.675238,0.000000
1.906587,5.670484,0.000000
1.911618,5.665739,0.000000
1.916648,5.661002,0.000000
1.921679,5.656273,0.000000
1.926709,5.651554,0.000000
1.931740,5.646843,0.000000
1.936770,5.642141,0.000000
1.941801,5.637448,0.000000
1.946832,5.632764,0.000000
1.951862,5.628090,0.000000
1.956893,5.623425,0.000000
1.961923,5.618769,0.000000
1.966954,5.614124,0.000000
1.971984,5.609488,0.000000
1.977015,5.604861,0.000000
1.982046,5.600245,0.000000
1.987076,5.595639,0.000000
1.992107,5.591043,0.000000
1.997137,5.586458,0.000000
2.002168,5.581883,0.000000
2.007199,5.577318,0.000000
2.012229,5.572765,0.000000
2.017260,5.568222,0.000000
2.022290,5.563690,0.000000
2.027321,5.559169,0.000000
2.032351,5.554659,0.000000
2.037382,5.550161,0.000000
2.042413,5.545673,0.000000
2.047443,5.541198,0.000000
2.052474,5.536734,0.000000
2.057504,5.532281,0.000000
2.062535,5.527841,0.000000
2.067565,5.523412,0.000000
2.072596,5.518996,0.000000
2.077627,5.514592,0.000000
2.082657,5.510200,0.000000
2.087688,5.505820,0.000000
2.092718,5.501453,0.000000
2.097749,5.497098,0.000000
2.102779,5.492757,0.000000
2.107810,5.488428,0.000000
2.112841,5.484112,0.000000
2.117871,5.479809,0.000000
2.122902,5.475519,0.000000
2.127932,5.471243,0.000000
2.132963,5.466979,0.000000
2.137993,5.462730,0.000000
2.143024,5.458494,0.000000
2.148055,5.454272,0.000000
2.153085,5.450063,0.000000
2.158116,5.445868,0.000000
2.163146,5.441688,0.000000
2.168177,5.437521,0.000000
2.173207,5.433369,0.000000
2.178238,5.429231,0.000000
2.183269,5.425108,0.000000
2.188299,5.420999,0.000000
2.193330,5.416905,0.000000
2.198360,5.412825,0.000000
2.203391,5.408761,0.000000
2.208421,5.404711,0.000000
2.213452,5.400677,0.000000
2.218483,5.396657,0.000000
2.223513,5.392653,0.000000
2.228544,5.388664,0.000000
2.233574,5.384691,0.000000
2.238605,5.380733,0.000000
2.243635,5.376791,0.000000
2.248666,5.372865,0.000000
2.253697,5.368954,0.000000
2.258727,5.365060,0.000000
2.263758,5.361182,0.000000
2.268788,5.357319,0.000000
2.273819,5.353473,0.000000
2.278849,5.349644,0.000000
2.283880,5.345831,0.000000
2.288911,5.342034,0.000000
2.293941,5.338254,0.000000
2.298972,5.334491,0.000000
2.304002,5.330745,0.000000
2.309033,5.327015,0.000000
2.314063,5.323303,0.000000
2.319094,5.319608,0.000000
2.324125,5.315930,0.000000
2.329155,5.312269,0.000000
2.334186,5.308626,0.000000
2.339216,5.305000,0.000000
2.344247,5.301392,0.000000
2.349277,5.297801,0.000000
2.354308,5.294228,0.000000
2.359339,5.290673,0.000000
2.364369,5.287137,0.000000
2.369400,5.283618,0.000000
2.374430,5.280117,0.000000
2.379461,5.276634,0.000000
2.384491,5.273170,0.000000
2.389522,5.269724,0.000000
2.394553,5.266297,0.000000
2.399583,5.262888,0.000000
2.404614,5.259498,0.000000
2.409644,5.256126,0.000000
2.414675,5.252774,0.000000
2.419705,5.249440,0.000000
2.424736,5.246125,0.000000
2.429767,5.242830,0.000000
2.434797,5.239553,0.000000
2.439828,5.236296,0.000000
2.444858,5.233058,0.000000
2.449889,5.229840,0.000000
2.454919,5.226641,0.000000
2.459950,5.223461,0.000000
2.464981,5.220301,0.000000
2.470011,5.217161,0.000000
2.475042,5.214041,0.000000
2.480072,5.210941,0.000000
2.485103,5.207860,0.000000
2.490133,5.204800,0.000000
2.495164,5.201760,0.000000
2.500195,5.198740,0.000000
2.505225,5.195740,0.000000
2.510256,5.192761,0.000000
2.515286,5.189802,0.000000
2.520317,5.186863,0.000000
2.525347,5.183946,0.000000
2.530378,5.181048,0.000000
2.535409,5.178172,0.000000
2.540439,5.175316,0.000000
2.545470,5.172481,0.000000
2.550500,5.169668,0.000000
2.555531,5.166875,0.000000
2.560562,5.164103,0.000000
2.565592,5.161352,0.000000
2.570623,5.158623,0.000000
2.575653,5.155915,0.000000
2.580684,5.153228,0.000000
2.585714,5.150563,0.000000
2.590745,5.147919,0.000000
2.595776,5.145297,0.000000
2.600806,5.142696,0.000000
2.605837,5.140117,0.000000
2.610867,5.137560,0.000000
2.615898,5.135025,0.000000
2.620928,5.132511,0.000000
2.625959,5.130020,0.000000
2.630990,5.127550,0.000000
2.636020,5.125103,0.000000
2.641051,5.122677,0.000000
2.646081,5.120274,0.000000
2.651112,5.117894,0.000000
2.656142,5.115535,0.000000
2.661173,5.113199,0.000000
2.666204,5.110885,0.000000
2.671234,5.108594,0.000000
2.676265,5.106326,0.000000
2.681295,5.104080,0.000000
2.686326,5.101856,0.000000
2.691356,5.099656,0.000000
2.696387,5.097478,0.000000
2.701418,5.095323,0.000000
2.706448,5.093191,0.000000
2.711479,5.091082,0.000000
2.716509,5.088996,0.000000
2.721540,5.086933,0.000000
2.726570,5.084893,0.000000
2.731601,5.082876,0.000000
2.736632,5.080882,0.000000
2.741662,5.078912,0.000000
2.746693,5.076965,0.000000
2.751723,5.075041,0.000000
2.756754,5.073141,0.000000
2.761784,5.071264,0.000000
2.766815,5.069411,0.000000
2.771846,5.067581,0.000000
2.776876,5.065775,0.000000
2.781907,5.063993,0.000000
2.786937,5.062234,0.000000
2.791968,5.060499,0.000000
2.796998,5.058787,0.000000
2.802029,5.057100,0.000000
2.807060,5.055436,0.000000
2.812090,5.053797,0.000000
2.817121,5.052181,0.000000
2.822151,5.050589,0.000000
2.827182,5.049021,0.000000
2.832212,5.047478,0.000000
2.837243,5.045958,0.000000
2.842274,5.044463,0.000000
2.847304,5.042991,0.000000
2.852335,5.041544,0.000000
2.857365,5.040121,0.000000
2.862396,5.038723,0.000000
2.867426,5.037349,0.000000
2.872457,5.035999,0.000000
2.877488,5.034673,0.000000
2.882518,5.033373,0.000000
2.887549,5.032096,0.000000
2.892579,5.030844,0.000000
2.897610,5.029616,0.000000
2.902640,5.028413,0.000000
2.907671,5.027235,0.000000
2.912702,5.026081,0.000000
2.917732,5.024952,0.000000
2.922763,5.023848,0.000000
2.927793,5.022768,0.000000
2.932824,5.021713,0.000000
2.937854,5.020683,0.000000
2.942885,5.019677,0.000000
2.947916,5.018697,0.000000
2.952946,5.017741,0.000000
2.957977,5.016810,0.000000
2.963007,5.015904,0.000000
2.968038,5.015023,0.000000
2.973068,5.014167,0.000000
2.978099,5.013335,0.000000
2.983130,5.012529,0.000000
2.988160,5.011748,0.000000
2.993191,5.010991,0.000000
2.998221,5.010260,0.000000
3.003252,5.009554,0.000000
3.008282,5.008873,0.000000
3.013313,5.008217,0.000000
3.018344,5.007586,0.000000
3.023374,5.006980,0.000000
3.028405,5.006399,0.000000
3.033435,5.005843,0.000000
3.038466,5.005313,0.000000
3.043496,5.004808,0.000000
3.048527,5.004327,0.000000
3.053558,5.003873,0.000000
3.058588,5.003443,0.000000
3.063619,5.003038,0.000000
3.068649,5.002659,0.000000
3.073680,5.002305,0.000000
3.078710,5.001976,0.000000
3.083741,5.001673,0.000000
3.088772,5.001395,0.000000
3.093802,5.001142,0.000000
3.098833,5.000914,0.000000
3.103863,5.000712,0.000000
3.108894,5.000535,0.000000
3.113925,5.000383,0.000000
3.118955,5.000256,0.000000
3.123986,5.000155,0.000000
3.129016,5.000079,0.000000
3.134047,5.000028,0.000000
3.139077,5.000003,0.000000
3.144108,5.000003,0.000000
3.149139,5.000028,0.000000
3.154169,5.000079,0.000000
3.159200,5.000155,0.000000
3.164230,5.000256,0.000000
3.169261,5.000383,0.000000
3.174291,5.000535,0.000000
3.179322,5.000712,0.000000
3.184353,5.000914,0.000000
3.189383,5.001142,0.000000
3.194414,5.001395,0.000000
3.199444,5.001673,0.000000
3.204475,5.001976,0.000000
3.209505,5.002305,0.000000
3.214536,5.002659,0.000000
3.219567,5.003038,0.000000
3.224597,5.003443,0.000000
3.229628,5.003873,0.000000
3.234658,5.004327,0.000000
3.239689,5.004808,0.000000
3.244719,5.005313,0.000000
3.249750,5.005843,0.000000
3.254781,5.006399,0.000000
3.259811,5.006980,0.000000
3.264842,5.007586,0.000000
3.269872,5.008217,0.000000
3.274903,5.008873,0.000000
3.279933,5.009554,0.000000
3.284964,5.010260,0.000000
3.289995,5.010991,0.000000
3.295025,5.011748,0.000000
3.300056,5.012529,0.000000
3.305086,5.013335,0.000000
3.310117,5.014167,0.000000
3.315147,5.015023,0.000000
3.320178,5.015904,0.000000
3.325209,5.016810,0.000000
3.330239,5.017741,0.000000
3.335270,5.018697,0.000000
3.340300,5.019677,0.000000
3.345331,5.020683,0.000000
3.350361,5.021713,0.000000
3.355392,5.022768,0.000000
3.360423,5.023848,0.000000
3.365453,5.024952,0.000000
3.370484,5.026081,0.000000
3.375514,5.027235,0.000000
3.380545,5.028413,0.000000
3.385575,5.029616,0.000000
3.390606,5.030844,0.000000
3.395637,5.032096,0.000000
3.400667,5.033373,0.000000
3.405698,5.034673,0.000000
3.410728,5.035999,0.000000
3.415759,5.037349,0.000000
3.420789,5.038723,0.000000
3.425820,5.040121,0.000000
3.430851,5.041544,0.000000
3.435881,5.042991,0.000000
3.440912,5.044463,0.000000
3.445942,5.045958,0.000000
3.450973,5.047478,0.000000
3.456003,5.049021,0.000000
3.461034,5.050589,0.000000
3.466065,5.052181,0.000000
3.471095,5.053797,0.000000
3.476126,5.055436,0.000000
3.481156,5.057100,0.000000
3.486187,5.058787,0.000000
3.491217,5.060499,0.000000
3.496248,5.062234,0.000000
3.501279,5.063993,0.000000
3.506309,5.065775,0.000000
3.511340,5.067581,0.000000
3.516370,5.069411,0.000000
3.521401,5.071264,0.000000
3.526431,5.073141,0.000000
3.531462,5.075041,0.000000
3.536493,5.076965,0.000000
3.541523,5.078912,0.000000
3.546554,5.080882,0.000000
3.551584,5.082876,0.000000
3.556615,5.084893,0.000000
3.561645,5.086933,0.000000
3.566676,5.088996,0.000000
3.571707,5.091082,0.000000
3.576737,5.093191,0.000000
3.581768,5.095323,0.000000
3.586798,5.097478,0.000000
3.591829,5.099656,0.000000
3.596859,5.101856,0.000000
3.601890,5.104080,0.000000
3.606921,5.106326,0.000000
3.611951,5.108594,0.000000
3.616982,5.110885,0.000000
3.622012,5.113199,0.000000
3.627043,5.115535,0.000000
3.632073,5.117894,0.000000
3.637104,5.120274,0.000000
3.642135,5.122677,0.000000
3.647165,5.125103,0.000000
3.652196,5.127550,0.000000
3.657226,5.130020,0.000000
3.662257,5.132511,0.000000
3.667288,5.135025,0.000000
3.672318,5.137560,0.000000
3.677349,5.140117,0.000000
3.682379,5.142696,0.000000
3.687410,5.145297,0.000000
3.692440,5.147919,0.000000
3.697471,5.150563,0.000000
3.702502,5.153228,0.000000
3.707532,5.155915,0.000000
3.712563,5.158623,0.000000
3.717593,5.161352,0.000000
3.722624,5.164103,0.000000
3.727654,5.166875,0.000000
3.732685,5.169668,0.000000
3.737716,5.172481,0.000000
3.742746,5.175316,0.000000
3.747777,5.178172,0.000000
3.752807,5.181048,0.000000
3.757838,5.183946,0.000000
3.762868,5.186863,0.000000
3.767899,5.189802,0.000000
3.772930,5.192761,0.000000
3.777960,5.195740,0.000000
3.782991,5.198740,0.000000
3.788021,5.201760,0.000000
3.793052,5.204800,0.000000
3.798082,5.207860,0.000000
3.803113,5.210941,0.000000
3.808144,5.214041,0.000000
3.813174,5.217161,0.000000
3.818205,5.220301,0.000000
3.823235,5.223461,0.000000
3.828266,5.226641,0.000000
3.833296,5.229840,0.000000
3.838327,5.233058,0.000000
3.843358,5.236296,0.000000
3.848388,5.239553,0.000000
3.853419,5.242830,0.000000
3.858449,5.246125,0.000000
3.863480,5.249440,0.000000
3.868510,5.252774,0.000000
3.873541,5.256126,0.000000
3.878572,5.259498,0.000000
3.883602,5.262888,0.000000
3.888633,5.266297,0.000000
3.893663,5.269724,0.000000
3.898694,5.273170,0.000000
3.903724,5.276634,0.000000
3.908755,5.280117,0.000000
3.913786,5.283618,0.000000
3.918816,5.287137,0.000000
3.923847,5.290673,0.000000
3.928877,5.294228,0.000000
3.933908,5.297801,0.000000
3.938938,5.301392,0.000000
3.943969,5.305000,0.000000
3.949000,5.308626,0.000000
3.954030,5.312269,0.000000
3.959061,5.315930,0.000000
3.964091,5.319608,0.000000
3.969122,5.323303,0.000000
3.974152,5.327015,0.000000
3.979183,5.330745,0.000000
3.984214,5.334491,0.000000
3.989244,5.338254,0.000000
3.994275,5.342034,0.000000
3.999305,5.345831,0.000000
4.004336,5.349644,0.000000
4.009366,5.353473,0.000000
4.014397,5.357319,0.000000
4.019428,5.361182,0.000000
4.024458,5.365060,0.000000
4.029489,5.368954,0.000000
4.034519,5.372865,0.000000
4.039550,5.376791,0.000000
4.044580,5.380733,0.000000
4.049611,5.384691,0.000000
4.054642,5.388664,0.000000
4.059672,5.392653,0.000000
4.064703,5.396657,0.000000
4.069733,5.400677,0.000000
4.074764,5.404711,0.000000
4.079794,5.408761,0.000000
4.084825,5.412825,0.000000
4.089856,5.416905,0.000000
4.094886,5.420999,0.000000
4.099917,5.425108,0.000000
4.104947,5.429231,0.000000
4.109978,5.433369,0.000000
4.115008,5.437521,0.000000
4.120039,5.441688,0.000000
4.125070,5.445868,0.000000
4.130100,5.450063,0.000000
4.135131,5.454272,0.000000
4.140161,5.458494,0.000000
4.145192,5.462730,0.000000
4.150222,5.466979,0.000000
4.155253,5.471243,0.000000
4.160284,5.475519,0.000000
4.165314,5.479809,0.000000
4.170345,5.484112,0.000000
4.175375,5.488428,0.000000
4.180406,5.492757,0.000000
4.185436,5.497098,0.000000
4.190467,5.501453,0.000000
4.195498,5.505820,0.000000
4.200528,5.510200,0.000000
4.205559,5.514592,0.000000
4.210589,5.518996,0.000000
4.215620,5.523412,0.000000
4.220650,5.527841,0.000000
4.225681,5.532281,0.000000
4.230712,5.536734,0.000000
4.235742,5.541198,0.000000
4.240773,5.545673,0.000000
4.245803,5.550161,0.000000
4.250834,5.554659,0.000000
4.255865,5.559169,0.000000
4.260895,5.563690,0.000000
4.265926,5.568222,0.000000
4.270956,5.572765,0.000000
4.275987,5.577318,0.000000
4.281017,5.581883,0.000000
4.286048,5.586458,0.000000
4.291079,5.591043,0.000000
4.296109,5.595639,0.000000
4.301140,5.600245,0.000000
4.306170,5.604861,0.000000
4.311201,5.609488,0.000000
4.316231,5.614124,0.000000
4.321262,5.618769,0.000000
4.326293,5.623425,0.000000
4.331323,5.628090,0.000000
4.336354,5.632764,0.000000
4.341384,5.637448,0.000000
4.346415,5.642141,0.000000
4.351445,5.646843,0.000000
4.356476,5.651554,0.000000
4.361507,5.656273,0.000000
4.366537,5.661002,0.000000
4.371568,5.665739,0.000000
4.376598,5.670484,0.000000
4.381629,5.675238,0.000000
4.386659,5.680000,0.000000
4.391690,5.684770,0.000000
4.396721,5.689548,0.000000
4.401751,5.694334,0.000000
4.406782,5.699128,0.000000
4.411812,5.703929,0.000000
4.416843,5.708738,0.000000
4.421873,5.713554,0.000000
4.426904,5.718377,0.000000
4.431935,5.723208,0.000000
4.436965,5.728045,0.000000
4.441996,5.732890,0.000000
4.447026,5.737741,0.000000
4.452057,5.742598,0.000000
4.457087,5.747463,0.000000
4.462118,5.752333,0.000000
4.467149,5.757210,0.000000
4.472179,5.762094,0.000000
4.477210,5.766983,0.000000
4.482240,5.771878,0.000000
4.487271,5.776778,0.000000
4.492301,5.781685,0.000000
4.497332,5.786597,0.000000
4.502363,5.791514,0.000000
4.507393,5.796437,0.000000
4.512424,5.801365,0.000000
4.517454,5.806298,0.000000
4.522485,5.811235,0.000000
4.527515,5.816178,0.000000
4.532546,5.821125,0.000000
4.537577,5.826077,0.000000
4.542607,5.831033,0.000000
4.547638,5.835993,0.000000
4.552668,5.840958,0.000000
4.557699,5.845926,0.000000
4.562729,5.850899,0.000000
4.567760,5.855875,0.000000
4.572791,5.860855,0.000000
4.577821,5.865838,0.000000
4.582852,5.870825,0.000000
4.587882,5.875815,0.000000
4.592913,5.880808,0.000000
4.597943,5.885804,0.000000
4.602974,5.890803,0.000000
4.608005,5.895805,0.000000
4.613035,5.900810,0.000000
4.618066,5.905817,0.000000
4.623096,5.910826,0.000000
4.628127,5.915838,0.000000
4.633157,5.920851,0.000000
4.638188,5.925867,0.000000
4.643219,5.930885,0.000000
4.648249,5.935904,0.000000
4.653280,5.940925,0.000000
4.658310,5.945948,0.000000
4.663341,5.950972,0.000000
4.668371,5.955997,0.000000
4.673402,5.961023,0.000000
4.678433,5.966050,0.000000
4.683463,5.971078,0.000000
4.688494,5.976107,0.000000
4.693524,5.981136,0.000000
4.698555,5.986166,0.000000
4.703585,5.991197,0.000000
4.708616,5.996227,0.000000
4.713647,6.001258,0.000000
4.718677,6.006288,0.000000
4.723708,6.011319,0.000000
4.728738,6.016349,0.000000
4.733769,6.021378,0.000000
4.738799,6.026407,0.000000
4.743830,6.031436,0.000000
4.748861,6.036464,0.000000
4.753891,6.041490,0.000000
4.758922,6.046516,0.000000
4.763952,6.051541,0.000000
4.768983,6.056564,0.000000
4.774013,6.061586,0.000000
4.779044,6.066606,0.000000
4.784075,6.071624,0.000000
4.789105,6.076641,0.000000
4.794136,6.081656,0.000000
4.799166,6.086669,0.000000
4.804197,6.091679,0.000000
4.809228,6.096687,0.000000
4.814258,6.101693,0.000000
4.819289,6.106696,0.000000
4.824319,6.111697,0.000000
4.829350,6.116694,0.000000
4.834380,6.121689,0.000000
4.839411,6.126681,0.000000
4.844442,6.131669,0.000000
4.849472,6.136654,0.000000
4.854503,6.141636,0.000000
4.859533,6.146614,0.000000
4.864564,6.151588,0.000000
4.869594,6.156559,0.000000
4.874625,6.161525,0.000000
4.879656,6.166488,0.000000
4.884686,6.171446,0.000000
4.889717,6.176400,0.000000
4.894747,6.181349,0.000000
4.899778,6.186294,0.000000
4.904808,6.191234,0.000000
4.909839,6.196169,0.000000
4.914870,6.201100,0.000000
4.919900,6.206025,0.000000
4.924931,6.210945,0.000000
4.929961,6.215860,0.000000
4.934992,6.220769,0.000000
4.940022,6.225673,0.000000
4.945053,6.230571,0.000000
4.950084,6.235463,0.000000
4.955114,6.240349,0.000000
4.960145,6.245229,0.000000
4.965175,6.250103,0.000000
4.970206,6.254970,0.000000
4.975236,6.259831,0.000000
4.980267,6.264686,0.000000
4.985298,6.269533,0.000000
4.990328,6.274374,0.000000
4.995359,6.279208,0.000000
5.000389,6.284035,0.000000
5.005420,6.288855,0.000000
5.010450,6.293668,0.000000
5.015481,6.298473,0.000000
5.020512,6.303270,0.000000
5.025542,6.308060,0.000000
5.030573,6.312842,0.000000
5.035603,6.317616,0.000000
5.040634,6.322382,0.000000
5.045664,6.327140,0.000000
5.050695,6.331890,0.000000
5.055726,6.336631,0.000000
5.060756,6.341364,0.000000
5.065787,6.346088,0.000000
5.070817,6.350803,0.000000
5.075848,6.355509,0.000000
5.080878,6.360207,0.000000
5.085909,6.364895,0.000000
5.090940,6.369574,0.000000
5.095970,6.374244,0.000000
5.101001,6.378904,0.000000
5.106031,6.383555,0.000000
5.111062,6.388196,0.000000
5.116092,6.392827,0.000000
5.121123,6.397448,0.000000
5.126154,6.402059,0.000000
5.131184,6.406660,0.000000
5.136215,6.411251,0.000000
5.141245,6.415831,0.000000
5.146276,6.420401,0.000000
5.151306,6.424960,0.000000
5.156337,6.429508,0.000000
5.161368,6.434046,0.000000
5.166398,6.438572,0.000000
5.171429,6.443087,0.000000
5.176459,6.447592,0.000000
5.181490,6.452084,0.000000
5.186520,6.456566,0.000000
5.191551,6.461036,0.000000
5.196582,6.465494,0.000000
5.201612,6.469940,0.000000
5.206643,6.474375,0.000000
5.211673,6.478797,0.000000
5.216704,6.483208,0.000000
5.221734,6.487606,0.000000
5.226765,6.491992,0.000000
5.231796,6.496365,0.000000
5.236826,6.500726,0.000000
5.241857,6.505074,0.000000
5.246887,6.509409,0.000000
5.251918,6.513732,0.000000
5.256948,6.518041,0.000000
5.261979,6.522338,0.000000
5.267010,6.526621,0.000000
5.272040,6.530891,0.000000
5.277071,6.535147,0.000000
5.282101,6.539390,0.000000
5.287132,6.543619,0.000000
5.292162,6.547834,0.000000
5.297193,6.552036,0.000000
5.302224,6.556224,0.000000
5.307254,6.560397,0.000000
5.312285,6.564556,0.000000
5.317315,6.568702,0.000000
5.322346,6.572832,0.000000
5.327376,6.576948,0.000000
5.332407,6.581050,0.000000
5.337438,6.585137,0.000000
5.342468,6.589209,0.000000
5.347499,6.593266,0.000000
5.352529,6.597308,0.000000
5.357560,6.601335,0.000000
5.362591,6.605347,0.000000
5.367621,6.609343,0.000000
5.372652,6.613324,0.000000
5.377682,6.617290,0.000000
5.382713,6.621240,0.000000
5.387743,6.625174,0.000000
5.392774,6.629092,0.000000
5.397805,6.632995,0.000000
5.402835,6.636881,0.000000
5.407866,6.640751,0.000000
5.412896,6.644606,0.000000
5.417927,6.648443,0.000000
5.422957,6.652265,0.000000
5.427988,6.656070,0.000000
5.433019,6.659858,0.000000
5.438049,6.663629,0.000000
5.443080,6.667384,0.000000
5.448110,6.671122,0.000000
5.453141,6.674843,0.000000
5.458171,6.678547,0.000000
5.463202,6.682233,0.000000
5.468233,6.685903,0.000000
5.473263,6.689555,0.000000
5.478294,6.693189,0.000000
5.483324,6.696806,0.000000
5.488355,6.700406,0.000000
5.493385,6.703987,0.000000
5.498416,6.707551,0.000000
5.503447,6.711097,0.000000
5.508477,6.714625,0.000000
5.513508,6.718135,0.000000
5.518538,6.721627,0.000000
5.523569,6.725100,0.000000
5.528599,6.728555,0.000000
5.533630,6.731992,0.000000
5.538661,6.735410,0.000000
5.543691,6.738810,0.000000
5.548722,6.742190,0.000000
5.553752,6.745552,0.000000
5.558783,6.748896,0.000000
5.563813,6.752220,0.000000
5.568844,6.755525,0.000000
5.573875,6.758811,0.000000
5.578905,6.762078,0.000000
5.583936,6.765325,0.000000
5.588966,6.768554,0.000000
5.593997,6.771762,0.000000
5.599027,6.774952,0.000000
5.604058,6.778121,0.000000
5.609089,6.781271,0.000000
5.614119,6.784401,0.000000
5.619150,6.787512,0.000000
5.624180,6.790602,0.000000
5.629211,6.793672,0.000000
5.634241,6.796723,0.000000
5.639272,6.799753,0.000000
5.644303,6.802762,0.000000
5.649333,6.805752,0.000000
5.654364,6.808721,0.000000
5.659394,6.811670,0.000000
5.664425,6.814598,0.000000
5.669455,6.817506,0.000000
5.674486,6.820392,0.000000
5.679517,6.823259,0.000000
5.684547,6.826104,0.000000
5.689578,6.828928,0.000000
5.694608,6.831732,0.000000
5.699639,6.834514,0.000000
5.704669,6.837275,0.000000
5.709700,6.840015,0.000000
5.714731,6.842734,0.000000
5.719761,6.845431,0.000000
5.724792,6.848107,0.000000
5.729822,6.850762,0.000000
5.734853,6.853395,0.000000
5.739883,6.856006,0.000000
5.744914,6.858596,0.000000
5.749945,6.861164,0.000000
5.754975,6.863711,0.000000
5.760006,6.866235,0.000000
5.765036,6.868737,0.000000
5.770067,6.871218,0.000000
5.775097,6.873676,0.000000
5.780128,6.876113,0.000000
5.785159,6.878527,0.000000
5.790189,6.880919,0.000000
5.795220,6.883288,0.000000
5.800250,6.885636,0.000000
5.805281,6.887961,0.000000
5.810311,6.890263,0.000000
5.815342,6.892543,0.000000
5.820373,6.894800,0.000000
5.825403,6.897035,0.000000
5.830434,6.899247,0.000000
5.835464,6.901436,0.000000
5.840495,6.903602,0.000000
5.845525,6.905746,0.000000
5.850556,6.907867,0.000000
5.855587,6.909964,0.000000
5.860617,6.912039,0.000000
5.865648,6.914090,0.000000
5.870678,6.916119,0.000000
5.875709,6.918124,0.000000
5.880739,6.920106,0.000000
5.885770,6.922064,0.000000
5.890801,6.924000,0.000000
5.895831,6.925912,0.000000
5.900862,6.927800,0.000000
5.905892,6.929665,0.000000
5.910923,6.931507,0.000000
5.915953,6.933325,0.000000
5.920984,6.935119,0.000000
5.926015,6.936890,0.000000
5.931045,6.938637,0.000000
5.936076,6.940360,0.000000
5.941106,6.942059,0.000000
5.946137,6.943735,0.000000
5.951168,6.945387,0.000000
5.956198,6.947014,0.000000
5.961229,6.948618,0.000000
5.966259,6.950198,0.000000
5.971290,6.951754,0.000000
5.976320,6.953285,0.000000
5.981351,6.954793,0.000000
5.986382,6.956276,0.000000
5.991412,6.957735,0.000000
5.996443,6.959170,0.000000
6.001473,6.960581,0.000000
6.006504,6.961967,0.000000
6.011534,6.963329,0.000000
6.016565,6.964667,0.000000
6.021596,6.965980,0.000000
6.026626,6.967269,0.000000
6.031657,6.968533,0.000000
6.036687,6.969773,0.000000
6.041718,6.970988,0.000000
6.046748,6.972179,0.000000
6.051779,6.973345,0.000000
6.056810,6.974486,0.000000
6.061840,6.975603,0.000000
6.066871,6.976695,0.000000
6.071901,6.977762,0.000000
6.076932,6.978805,0.000000
6.081962,6.979823,0.000000
6.086993,6.980816,0.000000
6.092024,6.981784,0.000000
6.097054,6.982728,0.000000
6.102085,6.983646,0.000000
6.107115,6.984540,0.000000
6.112146,6.985408,0.000000
6.117176,6.986252,0.000000
6.122207,6.987071,0.000000
6.127238,6.987865,0.000000
6.132268,6.988634,0.000000
6.137299,6.989377,0.000000
6.142329,6.990096,0.000000
6.147360,6.990790,0.000000
6.152390,6.991459,0.000000
6.157421,6.992102,0.000000
6.162452,6.992721,0.000000
6.167482,6.993314,0.000000
6.172513,6.993882,0.000000
6.177543,6.994425,0.000000
6.182574,6.994943,0.000000
6.187604,6.995436,0.000000
6.192635,6.995903,0.000000
6.197666,6.996345,0.000000
6.202696,6.996762,0.000000
6.207727,6.997154,0.000000
6.212757,6.997521,0.000000
6.217788,6.997862,0.000000
6.222818,6.998178,0.000000
6.227849,6.998469,0.000000
6.232880,6.998735,0.000000
6.237910,6.998975,0.000000
6.242941,6.999190,0.000000
6.247971,6.999380,0.000000
6.253002,6.999545,0.000000
6.258032,6.999684,0.000000
6.263063,6.999798,0.000000
6.268094,6.999886,0.000000
6.273124,6.999949,0.000000
6.278155,6.999987,0.000000
6.283185,7.000000,0.000000
0.000000,-3.000000,0.000000
0.000000,-2.994969,0.005031
0.000000,-2.989939,0.010061
0.000000,-2.984909,0.015092
0.000000,-2.979879,0.020122
0.000000,-2.974850,0.025153
0.000000,-2.969821,0.030183
0.000000,-2.964793,0.035214
0.000000,-2.959766,0.040245
0.000000,-2.954740,0.045275
0.000000,-2.949715,0.050306
0.000000,-2.944692,0.055336
0.000000,-2.939670,0.060367
0.000000,-2.934649,0.065397
0.000000,-2.929630,0.070428
0.000000,-2.924613,0.075459
0.000000,-2.919598,0.080489
0.000000,-2.914584,0.085520
0.000000,-2.909573,0.090550
0.000000,-2.904565,0.095581
0.000000,-2.899558,0.100611
0.000000,-2.894554,0.105642
0.000000,-2.889553,0.110673
0.000000,-2.884555,0.115703
0.000000,-2.879559,0.120734
0.000000,-2.874567,0.125764
0.000000,-2.869578,0.130795
0.000000,-2.864592,0.135825
0.000000,-2.859609,0.140856
0.000000,-2.854630,0.145887
0.000000,-2.849655,0.150917
0.000000,-2.844684,0.155948
0.000000,-2.839716,0.160978
0.000000,-2.834753,0.166009
0.000000,-2.829793,0.171039
0.000000,-2.824838,0.176070
0.000000,-2.819888,0.181101
0.000000,-2.814942,0.186131
0.000000,-2.810000,0.191162
0.000000,-2.805064,0.196192
0.000000,-2.800132,0.201223
0.000000,-2.795206,0.206253
0.000000,-2.790284,0.211284
0.000000,-2.785368,0.216315
0.000000,-2.780458,0.221345
0.000000,-2.775553,0.226376
0.000000,-2.770653,0.231406
0.000000,-2.765760,0.236437
0.000000,-2.760872,0.241467
0.000000,-2.755991,0.246498
0.000000,-2.751115,0.251529
0.000000,-2.746246,0.256559
0.000000,-2.741383,0.261590
0.000000,-2.736527,0.266620
0.000000,-2.731678,0.271651
0.000000,-2.726835,0.276681
0.000000,-2.721999,0.281712
0.000000,-2.717171,0.286743
0.000000,-2.712349,0.291773
0.000000,-2.707535,0.296804
0.000000,-2.702728,0.301834
0.000000,-2.697928,0.306865
0.000000,-2.693137,0.311896
0.000000,-2.688353,0.316926
0.000000,-2.683577,0.321957
0.000000,-2.678809,0.326987
0.000000,-2.674049,0.332018
0.000000,-2.669297,0.337048
0.000000,-2.664554,0.342079
0.000000,-2.659819,0.347110
0.000000,-2.655093,0.352140
0.000000,-2.650375,0.357171
0.000000,-2.645666,0.362201
0.000000,-2.640967,0.367232
0.000000,-2.636276,0.372262
0.000000,-2.631595,0.377293
0.000000,-2.626923,0.382324
0.000000,-2.622260,0.387354
0.000000,-2.617607,0.392385
0.000000,-2.612964,0.397415
0.000000,-2.608330,0.402446
0.000000,-2.603706,0.407476
0.000000,-2.599093,0.412507
0.000000,-2.594489,0.417538
0.000000,-2.589896,0.422568
0.000000,-2.585313,0.427599
0.000000,-2.580741,0.432629
0.000000,-2.576179,0.437660
0.000000,-2.571628,0.442690
0.000000,-2.567088,0.447721
0.000000,-2.562558,0.452752
0.000000,-2.558040,0.457782
0.000000,-2.553533,0.462813
0.000000,-2.549038,0.467843
0.000000,-2.544553,0.472874
0.000000,-2.540081,0.477904
0.000000,-2.535620,0.482935
0.000000,-2.531170,0.487966
0.000000,-2.526733,0.492996
0.000000,-2.522307,0.498027
0.000000,-2.517894,0.503057
0.000000,-2.513492,0.508088
0.000000,-2.509104,0.513118
0.000000,-2.504727,0.518149
0.000000,-2.500363,0.523180
0.000000,-2.496012,0.528210
0.000000,-2.491673,0.533241
0.000000,-2.487348,0.538271
0.000000,-2.483035,0.543302
0.000000,-2.478735,0.548332
0.000000,-2.474449,0.553363
0.000000,-2.470176,0.558394
0.000000,-2.465916,0.563424
0.000000,-2.461670,0.568455
0.000000,-2.457437,0.573485
0.000000,-2.453218,0.578516
0.000000,-2.449013,0.583546
0.000000,-2.444822,0.588577
0.000000,-2.440645,0.593608
0.000000,-2.436482,0.598638
0.000000,-2.432333,0.603669
0.000000,-2.428199,0.608699
0.000000,-2.424079,0.613730
0.000000,-2.419974,0.618760
0.000000,-2.415884,0.623791
0.000000,-2.411808,0.628822
0.000000,-2.407747,0.633852
0.000000,-2.403701,0.638883
0.000000,-2.399670,0.643913
0.000000,-2.395655,0.648944
0.000000,-2.391654,0.653974
0.000000,-2.387669,0.659005
0.000000,-2.383700,0.664036
0.000000,-2.379746,0.669066
0.000000,-2.375808,0.674097
0.000000,-2.371886,0.679127
0.000000,-2.367979,0.684158
0.000000,-2.364089,0.689188
0.000000,-2.360215,0.694219
0.000000,-2.356356,0.699250
0.000000,-2.352515,0.704280
0.000000,-2.348689,0.709311
0.000000,-2.344880,0.714341
0.000000,-2.341088,0.719372
0.000000,-2.337312,0.724402
0.000000,-2.333553,0.729433
0.000000,-2.329811,0.734464
0.000000,-2.326086,0.739494
0.000000,-2.322378,0.744525
0.000000,-2.318687,0.749555
0.000000,-2.315013,0.754586
0.000000,-2.311357,0.759616
0.000000,-2.307718,0.764647
0.000000,-2.304096,0.769678
0.000000,-2.300492,0.774708
0.000000,-2.296906,0.779739
0.000000,-2.293338,0.784769
0.000000,-2.289788,0.789800
0.000000,-2.286255,0.794830
0.000000,-2.282741,0.799861
0.000000,-2.279244,0.804892
0.000000,-2.275766,0.809922
0.000000,-2.272307,0.814953
0.000000,-2.268866,0.819983
0.000000,-2.265443,0.825014
0.000000,-2.262039,0.830044
0.000000,-2.258653,0.835075
0.000000,-2.255286,0.840106
0.000000,-2.251938,0.845136
0.000000,-2.248610,0.850167
0.000000,-2.245300,0.855197
0.000000,-2.242009,0.860228
0.000000,-2.238737,0.865259
0.000000,-2.235485,0.870289
0.000000,-2.232252,0.875320
0.000000,-2.229038,0.880350
0.000000,-2.225844,0.885381
0.000000,-2.222669,0.890411
0.000000,-2.219515,0.895442
0.000000,-2.216379,0.900473
0.000000,-2.213264,0.905503
0.000000,-2.210169,0.910534
0.000000,-2.207093,0.915564
0.000000,-2.204038,0.920595
0.000000,-2.201003,0.925625
0.000000,-2.197988,0.930656
0.000000,-2.194993,0.935687
0.000000,-2.192019,0.940717
0.000000,-2.189065,0.945748
0.000000,-2.186132,0.950778
0.000000,-2.183219,0.955809
0.000000,-2.180327,0.960839
0.000000,-2.177456,0.965870
0.000000,-2.174606,0.970901
0.000000,-2.171776,0.975931
0.000000,-2.168967,0.980962
0.000000,-2.166180,0.985992
0.000000,-2.163413,0.991023
0.000000,-2.160668,0.996053
0.000000,-2.157944,1.001084
0.000000,-2.155241,1.006115
0.000000,-2.152560,1.011145
0.000000,-2.149900,1.016176
0.000000,-2.147261,1.021206
0.000000,-2.144644,1.026237
0.000000,-2.142049,1.031267
0.000000,-2.139476,1.036298
0.000000,-2.136924,1.041329
0.000000,-2.134394,1.046359
0.000000,-2.131886,1.051390
0.000000,-2.129400,1.056420
0.000000,-2.126936,1.061451
0.000000,-2.124494,1.066481
0.000000,-2.122075,1.071512
0.000000,-2.119677,1.076543
0.000000,-2.117302,1.081573
0.000000,-2.114949,1.086604
0.000000,-2.112618,1.091634
0.000000,-2.110310,1.096665
0.000000,-2.108025,1.101695
0.000000,-2.105762,1.106726
0.000000,-2.103522,1.111757
0.000000,-2.101304,1.116787
0.000000,-2.099109,1.121818
0.000000,-2.096937,1.126848
0.000000,-2.094788,1.131879
0.000000,-2.092661,1.136909
0.000000,-2.090558,1.141940
0.000000,-2.088478,1.146971
0.000000,-2.086420,1.152001
0.000000,-2.084386,1.157032
0.000000,-2.082375,1.162062
0.000000,-2.080388,1.167093
0.000000,-2.078423,1.172123
0.000000,-2.076482,1.177154
0.000000,-2.074564,1.182185
0.000000,-2.072670,1.187215
0.000000,-2.070799,1.192246
0.000000,-2.068951,1.197276
0.000000,-2.067127,1.202307
0.000000,-2.065327,1.207337
0.000000,-2.063551,1.212368
0.000000,-2.061798,1.217399
0.000000,-2.060069,1.222429
0.000000,-2.058363,1.227460
0.000000,-2.056682,1.232490
0.000000,-2.055024,1.237521
0.000000,-2.053390,1.242551
0.000000,-2.051781,1.247582
0.000000,-2.050195,1.252613
0.000000,-2.048633,1.257643
0.000000,-2.047095,1.262674
0.000000,-2.045582,1.267704
0.000000,-2.044092,1.272735
0.000000,-2.042627,1.277765
0.000000,-2.041186,1.282796
0.000000,-2.039769,1.287827
0.000000,-2.038377,1.292857
0.000000,-2.037009,1.297888
0.000000,-2.035665,1.302918
0.000000,-2.034346,1.307949
0.000000,-2.033051,1.312979
0.000000,-2.031781,1.318010
0.000000,-2.030535,1.323041
0.000000,-2.029313,1.328071
0.000000,-2.028117,1.333102
0.000000,-2.026944,1.338132
0.000000,-2.025797,1.343163
0.000000,-2.024674,1.348193
0.000000,-2.023576,1.353224
0.000000,-2.022502,1.358255
0.000000,-2.021453,1.363285
0.000000,-2.020429,1.368316
0.000000,-2.019430,1.373346
0.000000,-2.018456,1.378377
0.000000,-2.017506,1.383407
0.000000,-2.016581,1.388438
0.000000,-2.015681,1.393469
0.000000,-2.014806,1.398499
0.000000,-2.013956,1.403530
0.000000,-2.013131,1.408560
0.000000,-2.012331,1.413591
0.000000,-2.011556,1.418622
0.000000,-2.010806,1.423652
0.000000,-2.010081,1.428683
0.000000,-2.009381,1.433713
0.000000,-2.008706,1.438744
0.000000,-2.008056,1.443774
0.000000,-2.007432,1.448805
0.000000,-2.006832,1.453836
0.000000,-2.006258,1.458866
0.000000,-2.005708,1.463897
0.000000,-2.005184,1.468927
0.000000,-2.004685,1.473958
0.000000,-2.004211,1.478988
0.000000,-2.003763,1.484019
0.000000,-2.003339,1.489050
0.000000,-2.002941,1.494080
0.000000,-2.002568,1.499111
0.000000,-2.002221,1.504141
0.000000,-2.001898,1.509172
0.000000,-2.001601,1.514202
0.000000,-2.001329,1.519233
0.000000,-2.001082,1.524264
0.000000,-2.000861,1.529294
0.000000,-2.000665,1.534325
0.000000,-2.000494,1.539355
0.000000,-2.000349,1.544386
0.000000,-2.000229,1.549416
0.000000,-2.000134,1.554447
0.000000,-2.000064,1.559478
0.000000,-2.000020,1.564508
0.000000,-2.000001,1.569539
0.000000,-2.000007,1.574569
0.000000,-2.000039,1.579600
0.000000,-2.000096,1.584630
0.000000,-2.000178,1.589661
0.000000,-2.000285,1.594692
0.000000,-2.000418,1.599722
0.000000,-2.000576,1.604753
0.000000,-2.000760,1.609783
0.000000,-2.000969,1.614814
0.000000,-2.001203,1.619844
0.000000,-2.001462,1.624875
0.000000,-2.001746,1.629906
0.000000,-2.002056,1.634936
0.000000,-2.002391,1.639967
0.000000,-2.002752,1.644997
0.000000,-2.003137,1.650028
0.000000,-2.003548,1.655058
0.000000,-2.003984,1.660089
0.000000,-2.004445,1.665120
0.000000,-2.004932,1.670150
0.000000,-2.005443,1.675181
0.000000,-2.005980,1.680211
0.000000,-2.006542,1.685242
0.000000,-2.007129,1.690272
0.000000,-2.007741,1.695303
0.000000,-2.008378,1.700334
0.000000,-2.009041,1.705364
0.000000,-2.009728,1.710395
0.000000,-2.010441,1.715425
0.000000,-2.011178,1.720456
0.000000,-2.011941,1.725486
0.000000,-2.012728,1.730517
0.000000,-2.013541,1.735548
0.000000,-2.014378,1.740578
0.000000,-2.015241,1.745609
0.000000,-2.016128,1.750639
0.000000,-2.017040,1.755670
0.000000,-2.017978,1.760700
0.000000,-2.018940,1.765731
0.000000,-2.019927,1.770762
0.000000,-2.020938,1.775792
0.000000,-2.021975,1.780823
0.000000,-2.023036,1.785853
0.000000,-2.024122,1.790884
0.000000,-2.025232,1.795914
0.000000,-2.026368,1.800945
0.000000,-2.027527,1.805976
0.000000,-2.028712,1.811006
0.000000,-2.029921,1.816037
0.000000,-2.031155,1.821067
0.000000,-2.032413,1.826098
0.000000,-2.033695,1.831128
0.000000,-2.035003,1.836159
0.000000,-2.036334,1.841190
0.000000,-2.037690,1.846220
0.000000,-2.039070,1.851251
0.000000,-2.040475,1.856281
0.000000,-2.041904,1.861312
0.000000,-2.043357,1.866342
0.000000,-2.044834,1.871373
0.000000,-2.046336,1.876404
0.000000,-2.047861,1.881434
0.000000,-2.049411,1.886465
0.000000,-2.050985,1.891495
0.000000,-2.052582,1.896526
0.000000,-2.054204,1.901556
0.000000,-2.055850,1.906587
0.000000,-2.057520,1.911618
0.000000,-2.059213,1.916648
0.000000,-2.060930,1.921679
0.000000,-2.062671,1.926709
0.000000,-2.064436,1.931740
0.000000,-2.066224,1.936770
0.000000,-2.068036,1.941801
0.000000,-2.069872,1.946832
0.000000,-2.071731,1.951862
0.000000,-2.073614,1.956893
0.000000,-2.075520,1.961923
0.000000,-2.077450,1.966954
0.000000,-2.079402,1.971984
0.000000,-2.081378,1.977015
0.000000,-2.083378,1.982046
0.000000,-2.085400,1.987076
0.000000,-2.087446,1.992107
0.000000,-2.089515,1.997137
0.000000,-2.091607,2.002168
0.000000,-2.093722,2.007199
0.000000,-2.095860,2.012229
0.000000,-2.098020,2.017260
0.000000,-2.100204,2.022290
0.000000,-2.102410,2.027321
0.000000,-2.104639,2.032351
0.000000,-2.106891,2.037382
0.000000,-2.109165,2.042413
0.000000,-2.111462,2.047443
0.000000,-2.113781,2.052474
0.000000,-2.116123,2.057504
0.000000,-2.118487,2.062535
0.000000,-2.120873,2.067565
0.000000,-2.123282,2.072596
0.000000,-2.125712,2.077627
0.000000,-2.128165,2.082657
0.000000,-2.130640,2.087688
0.000000,-2.133137,2.092718
0.000000,-2.135656,2.097749
0.000000,-2.138197,2.102779
0.000000,-2.140760,2.107810
0.000000,-2.143344,2.112841
0.000000,-2.145950,2.117871
0.000000,-2.148578,2.122902
0.000000,-2.151227,2.127932
0.000000,-2.153898,2.132963
0.000000,-2.156590,2.137993
0.000000,-2.159303,2.143024
0.000000,-2.162038,2.148055
0.000000,-2.164794,2.153085
0.000000,-2.167571,2.158116
0.000000,-2.170369,2.163146
0.000000,-2.173188,2.168177
0.000000,-2.176028,2.173207
0.000000,-2.178889,2.178238
0.000000,-2.181771,2.183269
0.000000,-2.184673,2.188299
0.000000,-2.187596,2.193330
0.000000,-2.190540,2.198360
0.000000,-2.193504,2.203391
0.000000,-2.196488,2.208421
0.000000,-2.199493,2.213452
0.000000,-2.202518,2.218483
0.000000,-2.205563,2.223513
0.000000,-2.208629,2.228544
0.000000,-2.211714,2.233574
0.000000,-2.214819,2.238605
0.000000,-2.217945,2.243635
0.000000,-2.221090,2.248666
0.000000,-2.224254,2.253697
0.000000,-2.227439,2.258727
0.000000,-2.230642,2.263758
0.000000,-2.233866,2.268788
0.000000,-2.237108,2.273819
0.000000,-2.240371,2.278849
0.000000,-2.243652,2.283880
0.000000,-2.246952,2.288911
0.000000,-2.250272,2.293941
0.000000,-2.253610,2.298972
0.000000,-2.256967,2.304002
0.000000,-2.260344,2.309033
0.000000,-2.263738,2.314063
0.000000,-2.267152,2.319094
0.000000,-2.270584,2.324125
0.000000,-2.274034,2.329155
0.000000,-2.277503,2.334186
0.000000,-2.280990,2.339216
0.000000,-2.284496,2.344247
0.000000,-2.288019,2.349277
0.000000,-2.291561,2.354308
0.000000,-2.295120,2.359339
0.000000,-2.298697,2.364369
0.000000,-2.302292,2.369400
0.000000,-2.305905,2.374430
0.000000,-2.309535,2.379461
0.000000,-2.313183,2.384491
0.000000,-2.316848,2.389522
0.000000,-2.320530,2.394553
0.000000,-2.324230,2.399583
0.000000,-2.327946,2.404614
0.000000,-2.331680,2.409644
0.000000,-2.335430,2.414675
0.000000,-2.339198,2.419705
0.000000,-2.342982,2.424736
0.000000,-2.346783,2.429767
0.000000,-2.350600,2.434797
0.000000,-2.354433,2.439828
0.000000,-2.358283,2.444858
0.000000,-2.362150,2.449889
0.000000,-2.366032,2.454919
0.000000,-2.369931,2.459950
0.000000,-2.373845,2.464981
0.000000,-2.377775,2.470011
0.000000,-2.381721,2.475042
0.000000,-2.385683,2.480072
0.000000,-2.389660,2.485103
0.000000,-2.393653,2.490133
0.000000,-2.397661,2.495164
0.000000,-2.401684,2.500195
0.000000,-2.405722,2.505225
0.000000,-2.409776,2.510256
0.000000,-2.413844,2.515286
0.000000,-2.417927,2.520317
0.000000,-2.422025,2.525347
0.000000,-2.426137,2.530378
0.000000,-2.430264,2.535409
0.000000,-2.434406,2.540439
0.000000,-2.438562,2.545470
0.000000,-2.442732,2.550500
0.000000,-2.446916,2.555531
0.000000,-2.451114,2.560562
0.000000,-2.455326,2.565592
0.000000,-2.459552,2.570623
0.000000,-2.463791,2.575653
0.000000,-2.468044,2.580684
0.000000,-2.472310,2.585714
0.000000,-2.476590,2.590745
0.000000,-2.480883,2.595776
0.000000,-2.485190,2.600806
0.000000,-2.489509,2.605837
0.000000,-2.493841,2.610867
0.000000,-2.498186,2.615898
0.000000,-2.502544,2.620928
0.000000,-2.506914,2.625959
0.000000,-2.511296,2.630990
0.000000,-2.515692,2.636020
0.000000,-2.520099,2.641051
0.000000,-2.524518,2.646081
0.000000,-2.528950,2.651112
0.000000,-2.533393,2.656142
0.000000,-2.537849,2.661173
0.000000,-2.542316,2.666204
0.000000,-2.546794,2.671234
0.000000,-2.551284,2.676265
0.000000,-2.555785,2.681295
0.000000,-2.560298,2.686326
0.000000,-2.564822,2.691356
0.000000,-2.569356,2.696387
0.000000,-2.573902,2.701418
0.000000,-2.578459,2.706448
0.000000,-2.583026,2.711479
0.000000,-2.587603,2.716509
0.000000,-2.592191,2.721540
0.000000,-2.596790,2.726570
0.000000,-2.601398,2.731601
0.000000,-2.606017,2.736632
0.000000,-2.610646,2.741662
0.000000,-2.615284,2.746693
0.000000,-2.619932,2.751723
0.000000,-2.624590,2.756754
0.000000,-2.629258,2.761784
0.000000,-2.633934,2.766815
0.000000,-2.638620,2.771846
0.000000,-2.643316,2.776876
0.000000,-2.648020,2.781907
0.000000,-2.652733,2.786937
0.000000,-2.657455,2.791968
0.000000,-2.662185,2.796998
0.000000,-2.666924,2.802029
0.000000,-2.671672,2.807060
0.000000,-2.676428,2.812090
0.000000,-2.681192,2.817121
0.000000,-2.685964,2.822151
0.000000,-2.690744,2.827182
0.000000,-2.695532,2.832212
0.000000,-2.700327,2.837243
0.000000,-2.705130,2.842274
0.000000,-2.709941,2.847304
0.000000,-2.714759,2.852335
0.000000,-2.719584,2.857365
0.000000,-2.724416,2.862396
0.000000,-2.729256,2.867426
0.000000,-2.734102,2.872457
0.000000,-2.738955,2.877488
0.000000,-2.743814,2.882518
0.000000,-2.748680,2.887549
0.000000,-2.753552,2.892579
0.000000,-2.758431,2.897610
0.000000,-2.763315,2.902640
0.000000,-2.768206,2.907671
0.000000,-2.773102,2.912702
0.000000,-2.778005,2.917732
0.000000,-2.782912,2.922763
0.000000,-2.787826,2.927793
0.000000,-2.792744,2.932824
0.000000,-2.797668,2.937854
0.000000,-2.802597,2.942885
0.000000,-2.807532,2.947916
0.000000,-2.812470,2.952946
0.000000,-2.817414,2.957977
0.000000,-2.822362,2.963007
0.000000,-2.827315,2.968038
0.000000,-2.832272,2.973068
0.000000,-2.837234,2.978099
0.000000,-2.842199,2.983130
0.000000,-2.847169,2.988160
0.000000,-2.852142,2.993191
0.000000,-2.857119,2.998221
0.000000,-2.862100,3.003252
0.000000,-2.867084,3.008282
0.000000,-2.872072,3.013313
0.000000,-2.877063,3.018344
0.000000,-2.882057,3.023374
0.000000,-2.887054,3.028405
0.000000,-2.892053,3.033435
0.000000,-2.897056,3.038466
0.000000,-2.902061,3.043496
0.000000,-2.907069,3.048527
0.000000,-2.912079,3.053558
0.000000,-2.917091,3.058588
0.000000,-2.922105,3.063619
0.000000,-2.927121,3.068649
0.000000,-2.932139,3.073680
0.000000,-2.937159,3.078710
0.000000,-2.942181,3.083741
0.000000,-2.947204,3.088772
0.000000,-2.952228,3.093802
0.000000,-2.957253,3.098833
0.000000,-2.962280,3.103863
0.000000,-2.967307,3.108894
0.000000,-2.972335,3.113925
0.000000,-2.977364,3.118955
0.000000,-2.982394,3.123986
0.000000,-2.987424,3.129016
0.000000,-2.992454,3.134047
0.000000,-2.997485,3.139077
0.000000,-3.002515,3.144108
0.000000,-3.007546,3.149139
0.000000,-3.012576,3.154169
0.000000,-3.017606,3.159200
0.000000,-3.022636,3.164230
0.000000,-3.027665,3.169261
0.000000,-3.032693,3.174291
0.000000,-3.037720,3.179322
0.000000,-3.042747,3.184353
0.000000,-3.047772,3.189383
0.000000,-3.052796,3.194414
0.000000,-3.057819,3.199444
0.000000,-3.062841,3.204475
0.000000,-3.067861,3.209505
0.000000,-3.072879,3.214536
0.000000,-3.077895,3.219567
0.000000,-3.082909,3.224597
0.000000,-3.087921,3.229628
0.000000,-3.092931,3.234658
0.000000,-3.097939,3.239689
0.000000,-3.102944,3.244719
0.000000,-3.107947,3.249750
0.000000,-3.112946,3.254781
0.000000,-3.117943,3.259811
0.000000,-3.122937,3.264842
0.000000,-3.127928,3.269872
0.000000,-3.132916,3.274903
0.000000,-3.137900,3.279933
0.000000,-3.142881,3.284964
0.000000,-3.147858,3.289995
0.000000,-3.152831,3.295025
0.000000,-3.157801,3.300056
0.000000,-3.162766,3.305086
0.000000,-3.167728,3.310117
0.000000,-3.172685,3.315147
0.000000,-3.177638,3.320178
0.000000,-3.182586,3.325209
0.000000,-3.187530,3.330239
0.000000,-3.192468,3.335270
0.000000,-3.197403,3.340300
0.000000,-3.202332,3.345331
0.000000,-3.207256,3.350361
0.000000,-3.212174,3.355392
0.000000,-3.217088,3.360423
0.000000,-3.221995,3.365453
0.000000,-3.226898,3.370484
0.000000,-3.231794,3.375514
0.000000,-3.236685,3.380545
0.000000,-3.241569,3.385575
0.000000,-3.246448,3.390606
0.000000,-3.251320,3.395637
0.000000,-3.256186,3.400667
0.000000,-3.261045,3.405698
0.000000,-3.265898,3.410728
0.000000,-3.270744,3.415759
0.000000,-3.275584,3.420789
0.000000,-3.280416,3.425820
0.000000,-3.285241,3.430851
0.000000,-3.290059,3.435881
0.000000,-3.294870,3.440912
0.000000,-3.299673,3.445942
0.000000,-3.304468,3.450973
0.000000,-3.309256,3.456003
0.000000,-3.314036,3.461034
0.000000,-3.318808,3.466065
0.000000,-3.323572,3.471095
0.000000,-3.328328,3.476126
0.000000,-3.333076,3.481156
0.000000,-3.337815,3.486187
0.000000,-3.342545,3.491217
0.000000,-3.347267,3.496248
0.000000,-3.351980,3.501279
0.000000,-3.356684,3.506309
0.000000,-3.361380,3.511340
0.000000,-3.366066,3.516370
0.000000,-3.370742,3.521401
0.000000,-3.375410,3.526431
0.000000,-3.380068,3.531462
0.000000,-3.384716,3.536493
0.000000,-3.389354,3.541523
0.000000,-3.393983,3.546554
0.000000,-3.398602,3.551584
0.000000,-3.403210,3.556615
0.000000,-3.407809,3.561645
0.000000,-3.412397,3.566676
0.000000,-3.416974,3.571707
0.000000,-3.421541,3.576737
0.000000,-3.426098,3.581768
0.000000,-3.430644,3.586798
0.000000,-3.435178,3.591829
0.000000,-3.439702,3.596859
0.000000,-3.444215,3.601890
0.000000,-3.448716,3.606921
0.000000,-3.453206,3.611951
0.000000,-3.457684,3.616982
0.000000,-3.462151,3.622012
0.000000,-3.466607,3.627043
0.000000,-3.471050,3.632073
0.000000,-3.475482,3.637104
0.000000,-3.479901,3.642135
0.000000,-3.484308,3.647165
0.000000,-3.488704,3.652196
0.000000,-3.493086,3.657226
0.000000,-3.497456,3.662257
0.000000,-3.501814,3.667288
0.000000,-3.506159,3.672318
0.000000,-3.510491,3.677349
0.000000,-3.514810,3.682379
0.000000,-3.519117,3.687410
0.000000,-3.523410,3.692440
0.000000,-3.527690,3.697471
0.000000,-3.531956,3.702502
0.000000,-3.536209,3.707532
0.000000,-3.540448,3.712563
0.000000,-3.544674,3.717593
0.000000,-3.548886,3.722624
0.000000,-3.553084,3.727654
0.000000,-3.557268,3.732685
0.000000,-3.561438,3.737716
0.000000,-3.565594,3.742746
0.000000,-3.569736,3.747777
0.000000,-3.573863,3.752807
0.000000,-3.577975,3.757838
0.000000,-3.582073,3.762868
0.000000,-3.586156,3.767899
0.000000,-3.590224,3.772930
0.000000,-3.594278,3.777960
0.000000,-3.598316,3.782991
0.000000,-3.602339,3.788021
0.000000,-3.606347,3.793052
0.000000,-3.610340,3.798082
0.000000,-3.614317,3.803113
0.000000,-3.618279,3.808144
0.000000,-3.622225,3.813174
0.000000,-3.626155,3.818205
0.000000,-3.630069,3.823235
0.000000,-3.633968,3.828266
0.000000,-3.637850,3.833296
0.000000,-3.641717,3.838327
0.000000,-3.645567,3.843358
0.000000,-3.649400,3.848388
0.000000,-3.653217,3.853419
0.000000,-3.657018,3.858449
0.000000,-3.660802,3.863480
0.000000,-3.664570,3.868510
0.000000,-3.668320,3.873541
0.000000,-3.672054,3.878572
0.000000,-3.675770,3.883602
0.000000,-3.679470,3.888633
0.000000,-3.683152,3.893663
0.000000,-3.686817,3.898694
0.000000,-3.690465,3.903724
0.000000,-3.694095,3.908755
0.000000,-3.697708,3.913786
0.000000,-3.701303,3.918816
0.000000,-3.704880,3.923847
0.000000,-3.708439,3.928877
0.000000,-3.711981,3.933908
0.000000,-3.715504,3.938938
0.000000,-3.719010,3.943969
0.000000,-3.722497,3.949000
0.000000,-3.725966,3.954030
0.000000,-3.729416,3.959061
0.000000,-3.732848,3.964091
0.000000,-3.736262,3.969122
0.000000,-3.739656,3.974152
0.000000,-3.743033,3.979183
0.000000,-3.746390,3.984214
0.000000,-3.749728,3.989244
0.000000,-3.753048,3.994275
0.000000,-3.756348,3.999305
0.000000,-3.759629,4.004336
0.000000,-3.762892,4.009366
0.000000,-3.766134,4.014397
0.000000,-3.769358,4.019428
0.000000,-3.772561,4.024458
0.000000,-3.775746,4.029489
0.000000,-3.778910,4.034519
0.000000,-3.782055,4.039550
0.000000,-3.785181,4.044580
0.000000,-3.788286,4.049611
0.000000,-3.791371,4.054642
0.000000,-3.794437,4.059672
0.000000,-3.797482,4.064703
0.000000,-3.800507,4.069733
0.000000,-3.803512,4.074764
0.000000,-3.806496,4.079794
0.000000,-3.809460,4.084825
0.000000,-3.812404,4.089856
0.000000,-3.815327,4.094886
0.000000,-3.818229,4.099917
0.000000,-3.821111,4.104947
0.000000,-3.823972,4.109978
0.000000,-3.826812,4.115008
0.000000,-3.829631,4.120039
0.000000,-3.832429,4.125070
0.000000,-3.835206,4.130100
0.000000,-3.837962,4.135131
0.000000,-3.840697,4.140161
0.000000,-3.843410,4.145192
0.000000,-3.846102,4.150222
0.000000,-3.848773,4.155253
0.000000,-3.851422,4.160284
0.000000,-3.854050,4.165314
0.000000,-3.856656,4.170345
0.000000,-3.859240,4.175375
0.000000,-3.861803,4.180406
0.000000,-3.864344,4.185436
0.000000,-3.866863,4.190467
0.000000,-3.869360,4.195498
0.000000,-3.871835,4.200528
0.000000,-3.874288,4.205559
0.000000,-3.876718,4.210589
0.000000,-3.879127,4.215620
0.000000,-3.881513,4.220650
0.000000,-3.883877,4.225681
0.000000,-3.886219,4.230712
0.000000,-3.888538,4.235742
0.000000,-3.890835,4.240773
0.000000,-3.893109,4.245803
0.000000,-3.895361,4.250834
0.000000,-3.897590,4.255865
0.000000,-3.899796,4.260895
0.000000,-3.901980,4.265926
0.000000,-3.904140,4.270956
0.000000,-3.906278,4.275987
0.000000,-3.908393,4.281017
0.000000,-3.910485,4.286048
0.000000,-3.912554,4.291079
0.000000,-3.914600,4.296109
0.000000,-3.916622,4.301140
0.000000,-3.918622,4.306170
0.000000,-3.920598,4.311201
0.000000,-3.922550,4.316231
0.000000,-3.924480,4.321262
0.000000,-3.926386,4.326293
0.000000,-3.928269,4.331323
0.000000,-3.930128,4.336354
0.000000,-3.931964,4.341384
0.000000,-3.933776,4.346415
0.000000,-3.935564,4.351445
0.000000,-3.937329,4.356476
0.000000,-3.939070,4.361507
0.000000,-3.940787,4.366537
0.000000,-3.942480,4.371568
0.000000,-3.944150,4.376598
0.000000,-3.945796,4.381629
0.000000,-3.947418,4.386659
0.000000,-3.949015,4.391690
0.000000,-3.950589,4.396721
0.000000,-3.952139,4.401751
0.000000,-3.953664,4.406782
0.000000,-3.955166,4.411812
0.000000,-3.956643,4.416843
0.000000,-3.958096,4.421873
0.000000,-3.959525,4.426904
0.000000,-3.960930,4.431935
0.000000,-3.962310,4.436965
0.000000,-3.963666,4.441996
0.000000,-3.964997,4.447026
0.000000,-3.966305,4.452057
0.000000,-3.967587,4.457087
0.000000,-3.968845,4.462118
0.000000,-3.970079,4.467149
0.000000,-3.971288,4.472179
0.000000,-3.972473,4.477210
0.000000,-3.973632,4.482240
0.000000,-3.974768,4.487271
0.000000,-3.975878,4.492301
0.000000,-3.976964,4.497332
0.000000,-3.978025,4.502363
0.000000,-3.979062,4.507393
0.000000,-3.980073,4.512424
0.000000,-3.981060,4.517454
0.000000,-3.982022,4.522485
0.000000,-3.982960,4.527515
0.000000,-3.983872,4.532546
0.000000,-3.984759,4.537577
0.000000,-3.985622,4.542607
0.000000,-3.986459,4.547638
0.000000,-3.987272,4.552668
0.000000,-3.988059,4.557699
0.000000,-3.988822,4.562729
0.000000,-3.989559,4.567760
0.000000,-3.990272,4.572791
0.000000,-3.990959,4.577821
0.000000,-3.991622,4.582852
0.000000,-3.992259,4.587882
0.000000,-3.992871,4.592913
0.000000,-3.993458,4.597943
0.000000,-3.994020,4.602974
0.000000,-3.994557,4.608005
0.000000,-3.995068,4.613035
0.000000,-3.995555,4.618066
0.000000,-3.996016,4.623096
0.000000,-3.996452,4.628127
0.000000,-3.996863,4.633157
0.000000,-3.997248,4.638188
0.000000,-3.997609,4.643219
0.000000,-3.997944,4.648249
0.000000,-3.998254,4.653280
0.000000,-3.998538,4.658310
0.000000,-3.998797,4.663341
0.000000,-3.999031,4.668371
0.000000,-3.999240,4.673402
0.000000,-3.999424,4.678433
0.000000,-3.999582,4.683463
0.000000,-3.999715,4.688494
0.000000,-3.999822,4.693524
0.000000,-3.999904,4.698555
0.000000,-3.999961,4.703585
0.000000,-3.999993,4.708616
0.000000,-3.999999,4.713647
0.000000,-3.999980,4.718677
0.000000,-3.999936,4.723708
0.000000,-3.999866,4.728738
0.000000,-3.999771,4.733769
0.000000,-3.999651,4.738799
0.000000,-3.999506,4.743830
0.000000,-3.999335,4.748861
0.000000,-3.999139,4.753891
0.000000,-3.998918,4.758922
0.000000,-3.998671,4.763952
0.000000,-3.998399,4.768983
0.000000,-3.998102,4.774013
0.000000,-3.997779,4.779044
0.000000,-3.997432,4.784075
0.000000,-3.997059,4.789105
0.000000,-3.996661,4.794136
0.000000,-3.996237,4.799166
0.000000,-3.995789,4.804197
0.000000,-3.995315,4.809228
0.000000,-3.994816,4.814258
0.000000,-3.994292,4.819289
0.000000,-3.993742,4.824319
0.000000,-3.993168,4.829350
0.000000,-3.992568,4.834380
0.000000,-3.991944,4.839411
0.000000,-3.991294,4.844442
0.000000,-3.990619,4.849472
0.000000,-3.989919,4.854503
0.000000,-3.989194,4.859533
0.000000,-3.988444,4.864564
0.000000,-3.987669,4.869594
0.000000,-3.986869,4.874625
0.000000,-3.986044,4.879656
0.000000,-3.985194,4.884686
0.000000,-3.984319,4.889717
0.000000,-3.983419,4.894747
0.000000,-3.982494,4.899778
0.000000,-3.981544,4.904808
0.000000,-3.980570,4.909839
0.000000,-3.979571,4.914870
0.000000,-3.978547,4.919900
0.000000,-3.977498,4.924931
0.000000,-3.976424,4.929961
0.000000,-3.975326,4.934992
0.000000,-3.974203,4.940022
0.000000,-3.973056,4.945053
0.000000,-3.971883,4.950084
0.000000,-3.970687,4.955114
0.000000,-3.969465,4.960145
0.000000,-3.968219,4.965175
0.000000,-3.966949,4.970206
0.000000,-3.965654,4.975236
0.000000,-3.964335,4.980267
0.000000,-3.962991,4.985298
0.000000,-3.961623,4.990328
0.000000,-3.960231,4.995359
0.000000,-3.958814,5.000389
0.000000,-3.957373,5.005420
0.000000,-3.955908,5.010450
0.000000,-3.954418,5.015481
0.000000,-3.952905,5.020512
0.000000,-3.951367,5.025542
0.000000,-3.949805,5.030573
0.000000,-3.948219,5.035603
0.000000,-3.946610,5.040634
0.000000,-3.944976,5.045664
0.000000,-3.943318,5.050695
0.000000,-3.941637,5.055726
0.000000,-3.939931,5.060756
0.000000,-3.938202,5.065787
0.000000,-3.936449,5.070817
0.000000,-3.934673,5.075848
0.000000,-3.932873,5.080878
0.000000,-3.931049,5.085909
0.000000,-3.929201,5.090940
0.000000,-3.927330,5.095970
0.000000,-3.925436,5.101001
0.000000,-3.923518,5.106031
0.000000,-3.921577,5.111062
0.000000,-3.919612,5.116092
0.000000,-3.917625,5.121123
0.000000,-3.915614,5.126154
0.000000,-3.913580,5.131184
0.000000,-3.911522,5.136215
0.000000,-3.909442,5.141245
0.000000,-3.907339,5.146276
0.000000,-3.905212,5.151306
0.000000,-3.903063,5.156337
0.000000,-3.900891,5.161368
0.000000,-3.898696,5.166398
0.000000,-3.896478,5.171429
0.000000,-3.894238,5.176459
0.000000,-3.891975,5.181490
0.000000,-3.889690,5.186520
0.000000,-3.887382,5.191551
0.000000,-3.885051,5.196582
0.000000,-3.882698,5.201612
0.000000,-3.880323,5.206643
0.000000,-3.877925,5.211673
0.000000,-3.875506,5.216704
0.000000,-3.873064,5.221734
0.000000,-3.870600,5.226765
0.000000,-3.868114,5.231796
0.000000,-3.865606,5.236826
0.000000,-3.863076,5.241857
0.000000,-3.860524,5.246887
0.000000,-3.857951,5.251918
0.000000,-3.855356,5.256948
0.000000,-3.852739,5.261979
0.000000,-3.850100,5.267010
0.000000,-3.847440,5.272040
0.000000,-3.844759,5.277071
0.000000,-3.842056,5.282101
0.000000,-3.839332,5.287132
0.000000,-3.836587,5.292162
0.000000,-3.833820,5.297193
0.000000,-3.831033,5.302224
0.000000,-3.828224,5.307254
0.000000,-3.825394,5.312285
0.000000,-3.822544,5.317315
0.000000,-3.819673,5.322346
0.000000,-3.816781,5.327376
0.000000,-3.813868,5.332407
0.000000,-3.810935,5.337438
0.000000,-3.807981,5.342468
0.000000,-3.805007,5.347499
0.000000,-3.802012,5.352529
0.000000,-3.798997,5.357560
0.000000,-3.795962,5.362591
0.000000,-3.792907,5.367621
0.000000,-3.789831,5.372652
0.000000,-3.786736,5.377682
0.000000,-3.783621,5.382713
0.000000,-3.780485,5.387743
0.000000,-3.777331,5.392774
0.000000,-3.774156,5.397805
0.000000,-3.770962,5.402835
0.000000,-3.767748,5.407866
0.000000,-3.764515,5.412896
0.000000,-3.761263,5.417927
0.000000,-3.757991,5.422957
0.000000,-3.754700,5.427988
0.000000,-3.751390,5.433019
0.000000,-3.748062,5.438049
0.000000,-3.744714,5.443080
0.000000,-3.741347,5.448110
0.000000,-3.737961,5.453141
0.000000,-3.734557,5.458171
0.000000,-3.731134,5.463202
0.000000,-3.727693,5.468233
0.000000,-3.724234,5.473263
0.000000,-3.720756,5.478294
0.000000,-3.717259,5.483324
0.000000,-3.713745,5.488355
0.000000,-3.710212,5.493385
0.000000,-3.706662,5.498416
0.000000,-3.703094,5.503447
0.000000,-3.699508,5.508477
0.000000,-3.695904,5.513508
0.000000,-3.692282,5.518538
0.000000,-3.688643,5.523569
0.000000,-3.684987,5.528599
0.000000,-3.681313,5.533630
0.000000,-3.677622,5.538661
0.000000,-3.673914,5.543691
0.000000,-3.670189,5.548722
0.000000,-3.666447,5.553752
0.000000,-3.662688,5.558783
0.000000,-3.658912,5.563813
0.000000,-3.655120,5.568844
0.000000,-3.651311,5.573875
0.000000,-3.647485,5.578905
0.000000,-3.643644,5.583936
0.000000,-3.639785,5.588966
0.000000,-3.635911,5.593997
0.000000,-3.632021,5.599027
0.000000,-3.628114,5.604058
0.000000,-3.624192,5.609089
0.000000,-3.620254,5.614119
0.000000,-3.616300,5.619150
0.000000,-3.612331,5.624180
0.000000,-3.608346,5.629211
0.000000,-3.604345,5.634241
0.000000,-3.600330,5.639272
0.000000,-3.596299,5.644303
0.000000,-3.592253,5.649333
0.000000,-3.588192,5.654364
0.000000,-3.584116,5.659394
0.000000,-3.580026,5.664425
0.000000,-3.575921,5.669455
0.000000,-3.571801,5.674486
0.000000,-3.567667,5.679517
0.000000,-3.563518,5.684547
0.000000,-3.559355,5.689578
0.000000,-3.555178,5.694608
0.000000,-3.550987,5.699639
0.000000,-3.546782,5.704669
0.000000,-3.542563,5.709700
0.000000,-3.538330,5.714731
0.000000,-3.534084,5.719761
0.000000,-3.529824,5.724792
0.000000,-3.525551,5.729822
0.000000,-3.521265,5.734853
0.000000,-3.516965,5.739883
0.000000,-3.512652,5.744914
0.000000,-3.508327,5.749945
0.000000,-3.503988,5.754975
0.000000,-3.499637,5.760006
0.000000,-3.495273,5.765036
0.000000,-3.490896,5.770067
0.000000,-3.486508,5.775097
0.000000,-3.482106,5.780128
0.000000,-3.477693,5.785159
0.000000,-3.473267,5.790189
0.000000,-3.468830,5.795220
0.000000,-3.464380,5.800250
0.000000,-3.459919,5.805281
0.000000,-3.455447,5.810311
0.000000,-3.450962,5.815342
0.000000,-3.446467,5.820373
0.000000,-3.441960,5.825403
0.000000,-3.437442,5.830434
0.000000,-3.432912,5.835464
0.000000,-3.428372,5.840495
0.000000,-3.423821,5.845525
0.000000,-3.419259,5.850556
0.000000,-3.414687,5.855587
0.000000,-3.410104,5.860617
0.000000,-3.405511,5.865648
0.000000,-3.400907,5.870678
0.000000,-3.396294,5.875709
0.000000,-3.391670,5.880739
0.000000,-3.387036,5.885770
0.000000,-3.382393,5.890801
0.000000,-3.377740,5.895831
0.000000,-3.373077,5.900862
0.000000,-3.368405,5.905892
0.000000,-3.363724,5.910923
0.000000,-3.359033,5.915953
0.000000,-3.354334,5.920984
0.000000,-3.349625,5.926015
0.000000,-3.344907,5.931045
0.000000,-3.340181,5.936076
0.000000,-3.335446,5.941106
0.000000,-3.330703,5.946137
0.000000,-3.325951,5.951168
0.000000,-3.321191,5.956198
0.000000,-3.316423,5.961229
0.000000,-3.311647,5.966259
0.000000,-3.306863,5.971290
0.000000,-3.302072,5.976320
0.000000,-3.297272,5.981351
0.000000,-3.292465,5.986382
0.000000,-3.287651,5.991412
0.000000,-3.282829,5.996443
0.000000,-3.278001,6.001473
0.000000,-3.273165,6.006504
0.000000,-3.268322,6.011534
0.000000,-3.263473,6.016565
0.000000,-3.258617,6.021596
0.000000,-3.253754,6.026626
0.000000,-3.248885,6.031657
0.000000,-3.244009,6.036687
0.000000,-3.239128,6.041718
0.000000,-3.234240,6.046748
0.000000,-3.229347,6.051779
0.000000,-3.224447,6.056810
0.000000,-3.219542,6.061840
0.000000,-3.214632,6.066871
0.000000,-3.209716,6.071901
0.000000,-3.204794,6.076932
0.000000,-3.199868,6.081962
0.000000,-3.194936,6.086993
0.000000,-3.190000,6.092024
0.000000,-3.185058,6.097054
0.000000,-3.180112,6.102085
0.000000,-3.175162,6.107115
0.000000,-3.170207,6.112146
0.000000,-3.165247,6.117176
0.000000,-3.160284,6.122207
0.000000,-3.155316,6.127238
0.000000,-3.150345,6.132268
0.000000,-3.145370,6.137299
0.000000,-3.140391,6.142329
0.000000,-3.135408,6.147360
0.000000,-3.130422,6.152390
0.000000,-3.125433,6.157421
0.000000,-3.120441,6.162452
0.000000,-3.115445,6.167482
0.000000,-3.110447,6.172513
0.000000,-3.105446,6.177543
0.000000,-3.100442,6.182574
0.000000,-3.095435,6.187604
0.000000,-3.090427,6.192635
0.000000,-3.085416,6.197666
0.000000,-3.080402,6.202696
0.000000,-3.075387,6.207727
0.000000,-3.070370,6.212757
0.000000,-3.065351,6.217788
0.000000,-3.060330,6.222818
0.000000,-3.055308,6.227849
0.000000,-3.050285,6.232880
0.000000,-3.045260,6.237910
0.000000,-3.040234,6.242941
0.000000,-3.035207,6.247971
0.000000,-3.030179,6.253002
0.000000,-3.025150,6.258032
0.000000,-3.020121,6.263063
0.000000,-3.015091,6.268094
0.000000,-3.010061,6.273124
0.000000,-3.005031,6.278155
0.000000,-3.000000,6.283185
0.000000,1.000000,0.000000
0.000000,0.999987,0.005031
0.000000,0.999949,0.010061
0.000000,0.999886,0.015092
0.000000,0.999798,0.020122
0.000000,0.999684,0.025153
0.000000,0.999545,0.030183
0.000000,0.999380,0.035214
0.000000,0.999190,0.040245
0.000000,0.998975,0.045275
0.000000,0.998735,0.050306
0.000000,0.998469,0.055336
0.000000,0.998178,0.060367
0.000000,0.997862,0.065397
0.000000,0.997521,0.070428
0.000000,0.997154,0.075459
0.000000,0.996762,0.080489
0.000000,0.996345,0.085520
0.000000,0.995903,0.090550
0.000000,0.995436,0.095581
0.000000,0.994943,0.100611
0.000000,0.994425,0.105642
0.000000,0.993882,0.110673
0.000000,0.993314,0.115703
0.000000,0.992721,0.120734
0.000000,0.992102,0.125764
0.000000,0.991459,0.130795
0.000000,0.990790,0.135825
0.000000,0.990096,0.140856
0.000000,0.989377,0.145887
0.000000,0.988634,0.150917
0.000000,0.987865,0.155948
0.000000,0.987071,0.160978
0.000000,0.986252,0.166009
0.000000,0.985408,0.171039
0.000000,0.984540,0.176070
0.000000,0.983646,0.181101
0.000000,0.982728,0.186131
0.000000,0.981784,0.191162
0.000000,0.980816,0.196192
0.000000,0.979823,0.201223
0.000000,0.978805,0.206253
0.000000,0.977762,0.211284
0.000000,0.976695,0.216315
0.000000,0.975603,0.221345
0.000000,0.974486,0.226376
0.000000,0.973345,0.231406
0.000000,0.972179,0.236437
0.000000,0.970988,0.241467
0.000000,0.969773,0.246498
0.000000,0.968533,0.251529
0.000000,0.967269,0.256559
0.000000,0.965980,0.261590
0.000000,0.964667,0.266620
0.000000,0.963329,0.271651
0.000000,0.961967,0.276681
0.000000,0.960581,0.281712
0.000000,0.959170,0.286743
0.000000,0.957735,0.291773
0.000000,0.956276,0.296804
0.000000,0.954793,0.301834
0.000000,0.953285,0.306865
0.000000,0.951754,0.311896
0.000000,0.950198,0.316926
0.000000,0.948618,0.321957
0.000000,0.947014,0.326987
0.000000,0.945387,0.332018
0.000000,0.943735,0.337048
0.000000,0.942059,0.342079
0.000000,0.940360,0.347110
0.000000,0.938637,0.352140
0.000000,0.936890,0.357171
0.000000,0.935119,0.362201
0.000000,0.933325,0.367232
0.000000,0.931507,0.372262
0.000000,0.929665,0.377293
0.000000,0.927800,0.382324
0.000000,0.925912,0.387354
0.000000,0.924000,0.392385
0.000000,0.922064,0.397415
0.000000,0.920106,0.402446
0.000000,0.918124,0.407476
0.000000,0.916119,0.412507
0.000000,0.914090,0.417538
0.000000,0.912039,0.422568
0.000000,0.909964,0.427599
0.000000,0.907867,0.432629
0.000000,0.905746,0.437660
0.000000,0.903602,0.442690
0.000000,0.901436,0.447721
0.000000,0.899247,0.452752
0.000000,0.897035,0.457782
0.000000,0.894800,0.462813
0.000000,0.892543,0.467843
0.000000,0.890263,0.472874
0.000000,0.887961,0.477904
0.000000,0.885636,0.482935
0.000000,0.883288,0.487966
0.000000,0.880919,0.492996
0.000000,0.878527,0.498027
0.000000,0.876113,0.503057
0.000000,0.873676,0.508088
0.000000,0.871218,0.513118
0.000000,0.868737,0.518149
0.000000,0.866235,0.523180
0.000000,0.863711,0.528210
0.000000,0.861164,0.533241
0.000000,0.858596,0.538271
0.000000,0.856006,0.543302
0.000000,0.853395,0.548332
0.000000,0.850762,0.553363
0.000000,0.848107,0.558394
0.000000,0.845431,0.563424
0.000000,0.842734,0.568455
0.000000,0.840015,0.573485
0.000000,0.837275,0.578516
0.000000,0.834514,0.583546
0.000000,0.831732,0.588577
0.000000,0.828928,0.593608
0.000000,0.826104,0.598638
0.000000,0.823259,0.603669
0.000000,0.820392,0.608699
0.000000,0.817506,0.613730
0.000000,0.814598,0.618760
0.000000,0.811670,0.623791
0.000000,0.808721,0.628822
0.000000,0.805752,0.633852
0.000000,0.802762,0.638883
0.000000,0.799753,0.643913
0.000000,0.796723,0.648944
0.000000,0.793672,0.653974
0.000000,0.790602,0.659005
0.000000,0.787512,0.664036
0.000000,0.784401,0.669066
0.000000,0.781271,0.674097
0.000000,0.778121,0.679127
0.000000,0.774952,0.684158
0.000000,0.771762,0.689188
0.000000,0.768554,0.694219
0.000000,0.765325,0.699250
0.000000,0.762078,0.704280
0.000000,0.758811,0.709311
0.000000,0.755525,0.714341
0.000000,0.752220,0.719372
0.000000,0.748896,0.724402
0.000000,0.745552,0.729433
0.000000,0.742190,0.734464
0.000000,0.738810,0.739494
0.000000,0.735410,0.744525
0.000000,0.731992,0.749555
0.000000,0.728555,0.754586
0.000000,0.725100,0.759616
0.000000,0.721627,0.764647
0.000000,0.718135,0.769678
0.000000,0.714625,0.774708
0.000000,0.711097,0.779739
0.000000,0.707551,0.784769
0.000000,0.703987,0.789800
0.000000,0.700406,0.794830
0.000000,0.696806,0.799861
0.000000,0.693189,0.804892
0.000000,0.689555,0.809922
0.000000,0.685903,0.814953
0.000000,0.682233,0.819983
0.000000,0.678547,0.825014
0.000000,0.674843,0.830044
0.000000,0.671122,0.835075
0.000000,0.667384,0.840106
0.000000,0.663629,0.845136
0.000000,0.659858,0.850167
0.000000,0.656070,0.855197
0.000000,0.652265,0.860228
0.000000,0.648443,0.865259
0.000000,0.644606,0.870289
0.000000,0.640751,0.875320
0.000000,0.636881,0.880350
0.000000,0.632995,0.885381
0.000000,0.629092,0.890411
0.000000,0.625174,0.895442
0.000000,0.621240,0.900473
0.000000,0.617290,0.905503
0.000000,0.613324,0.910534
0.000000,0.609343,0.915564
0.000000,0.605347,0.920595
0.000000,0.601335,0.925625
0.000000,0.597308,0.930656
0.000000,0.593266,0.935687
0.000000,0.589209,0.940717
0.000000,0.585137,0.945748
0.000000,0.581050,0.950778
0.000000,0.576948,0.955809
0.000000,0.572832,0.960839
0.000000,0.568702,0.965870
0.000000,0.564556,0.970901
0.000000,0.560397,0.975931
0.000000,0.556224,0.980962
0.000000,0.552036,0.985992
0.000000,0.547834,0.991023
0.000000,0.543619,0.996053
0.000000,0.539390,1.001084
0.000000,0.535147,1.006115
0.000000,0.530891,1.011145
0.000000,0.526621,1.016176
0.000000,0.522338,1.021206
0.000000,0.518041,1.026237
0.000000,0.513732,1.031267
0.000000,0.509409,1.036298
0.000000,0.505074,1.041329
0.000000,0.500726,1.046359
0.000000,0.496365,1.051390
0.000000,0.491992,1.056420
0.000000,0.487606,1.061451
0.000000,0.483208,1.066481
0.000000,0.478797,1.071512
0.000000,0.474375,1.076543
0.000000,0.469940,1.081573
0.000000,0.465494,1.086604
0.000000,0.461036,1.091634
0.000000,0.456566,1.096665
0.000000,0.452084,1.101695
0.000000,0.447592,1.106726
0.000000,0.443087,1.111757
0.000000,0.438572,1.116787
0.000000,0.434046,1.121818
0.000000,0.429508,1.126848
0.000000,0.424960,1.131879
0.000000,0.420401,1.136909
0.000000,0.415831,1.141940
0.000000,0.411251,1.146971
0.000000,0.406660,1.152001
0.000000,0.402059,1.157032
0.000000,0.397448,1.162062
0.000000,0.392827,1.167093
0.000000,0.388196,1.172123
0.000000,0.383555,1.177154
0.000000,0.378904,1.182185
0.000000,0.374244,1.187215
0.000000,0.369574,1.192246
0.000000,0.364895,1.197276
0.000000,0.360207,1.202307
0.000000,0.355509,1.207337
0.000000,0.350803,1.212368
0.000000,0.346088,1.217399
0.000000,0.341364,1.222429
0.000000,0.336631,1.227460
0.000000,0.331890,1.232490
0.000000,0.327140,1.237521
0.000000,0.322382,1.242551
0.000000,0.317616,1.247582
0.000000,0.312842,1.252613
0.000000,0.308060,1.257643
0.000000,0.303270,1.262674
0.000000,0.298473,1.267704
0.000000,0.293668,1.272735
0.000000,0.288855,1.277765
0.000000,0.284035,1.282796
0.000000,0.279208,1.287827
0.000000,0.274374,1.292857
0.000000,0.269533,1.297888
0.000000,0.264686,1.302918
0.000000,0.259831,1.307949
0.000000,0.254970,1.312979
0.000000,0.250103,1.318010
0.000000,0.245229,1.323041
0.000000,0.240349,1.328071
0.000000,0.235463,1.333102
0.000000,0.230571,1.338132
0.000000,0.225673,1.343163
0.000000,0.220769,1.348193
0.000000,0.215860,1.353224
0.000000,0.210945,1.358255
0.000000,0.206025,1.363285
0.000000,0.201100,1.368316
0.000000,0.196169,1.373346
0.000000,0.191234,1.378377
0.000000,0.186294,1.383407
0.000000,0.181349,1.388438
0.000000,0.176400,1.393469
0.000000,0.171446,1.398499
0.000000,0.166488,1.403530
0.000000,0.161525,1.408560
0.000000,0.156559,1.413591
0.000000,0.151588,1.418622
0.000000,0.146614,1.423652
0.000000,0.141636,1.428683
0.000000,0.136654,1.433713
0.000000,0.131669,1.438744
0.000000,0.126681,1.443774
0.000000,0.121689,1.448805
0.000000,0.116694,1.453836
0.000000,0.111697,1.458866
0.000000,0.106696,1.463897
0.000000,0.101693,1.468927
0.000000,0.096687,1.473958
0.000000,0.091679,1.478988
0.000000,0.086669,1.484019
0.000000,0.081656,1.489050
0.000000,0.076641,1.494080
0.000000,0.071624,1.499111
0.000000,0.066606,1.504141
0.000000,0.061586,1.509172
0.000000,0.056564,1.514202
0.000000,0.051541,1.519233
0.000000,0.046516,1.524264
0.000000,0.041490,1.529294
0.000000,0.036464,1.534325
0.000000,0.031436,1.539355
0.000000,0.026407,1.544386
0.000000,0.021378,1.549416
0.000000,0.016349,1.554447
0.000000,0.011319,1.559478
0.000000,0.006288,1.564508
0.000000,0.001258,1.569539
0.000000,-0.003773,1.574569
0.000000,-0.008803,1.579600
0.000000,-0.013834,1.584630
0.000000,-0.018864,1.589661
0.000000,-0.023893,1.594692
0.000000,-0.028922,1.599722
0.000000,-0.033950,1.604753
0.000000,-0.038977,1.609783
0.000000,-0.044003,1.614814
0.000000,-0.049028,1.619844
0.000000,-0.054052,1.624875
0.000000,-0.059075,1.629906
0.000000,-0.064096,1.634936
0.000000,-0.069115,1.639967
0.000000,-0.074133,1.644997
0.000000,-0.079149,1.650028
0.000000,-0.084162,1.655058
0.000000,-0.089174,1.660089
0.000000,-0.094183,1.665120
0.000000,-0.099190,1.670150
0.000000,-0.104195,1.675181
0.000000,-0.109197,1.680211
0.000000,-0.114196,1.685242
0.000000,-0.119192,1.690272
0.000000,-0.124185,1.695303
0.000000,-0.129175,1.700334
0.000000,-0.134162,1.705364
0.000000,-0.139145,1.710395
0.000000,-0.144125,1.715425
0.000000,-0.149101,1.720456
0.000000,-0.154074,1.725486
0.000000,-0.159042,1.730517
0.000000,-0.164007,1.735548
0.000000,-0.168967,1.740578
0.000000,-0.173923,1.745609
0.000000,-0.178875,1.750639
0.000000,-0.183822,1.755670
0.000000,-0.188765,1.760700
0.000000,-0.193702,1.765731
0.000000,-0.198635,1.770762
0.000000,-0.203563,1.775792
0.000000,-0.208486,1.780823
0.000000,-0.213403,1.785853
0.000000,-0.218315,1.790884
0.000000,-0.223222,1.795914
0.000000,-0.228122,1.800945
0.000000,-0.233017,1.805976
0.000000,-0.237906,1.811006
0.000000,-0.242790,1.816037
0.000000,-0.247667,1.821067
0.000000,-0.252537,1.826098
0.000000,-0.257402,1.831128
0.000000,-0.262259,1.836159
0.000000,-0.267110,1.841190
0.000000,-0.271955,1.846220
0.000000,-0.276792,1.851251
0.000000,-0.281623,1.856281
0.000000,-0.286446,1.861312
0.000000,-0.291262,1.866342
0.000000,-0.296071,1.871373
0.000000,-0.300872,1.876404
0.000000,-0.305666,1.881434
0.000000,-0.310452,1.886465
0.000000,-0.315230,1.891495
0.000000,-0.320000,1.896526
0.000000,-0.324762,1.901556
0.000000,-0.329516,1.906587
0.000000,-0.334261,1.911618
0.000000,-0.338998,1.916648
0.000000,-0.343727,1.921679
0.000000,-0.348446,1.926709
0.000000,-0.353157,1.931740
0.000000,-0.357859,1.936770
0.000000,-0.362552,1.941801
0.000000,-0.367236,1.946832
0.000000,-0.371910,1.951862
0.000000,-0.376575,1.956893
0.000000,-0.381231,1.961923
0.000000,-0.385876,1.966954
0.000000,-0.390512,1.971984
0.000000,-0.395139,1.977015
0.000000,-0.399755,1.982046
0.000000,-0.404361,1.987076
0.000000,-0.408957,1.992107
0.000000,-0.413542,1.997137
0.000000,-0.418117,2.002168
0.000000,-0.422682,2.007199
0.000000,-0.427235,2.012229
0.000000,-0.431778,2.017260
0.000000,-0.436310,2.022290
0.000000,-0.440831,2.027321
0.000000,-0.445341,2.032351
0.000000,-0.449839,2.037382
0.000000,-0.454327,2.042413
0.000000,-0.458802,2.047443
0.000000,-0.463266,2.052474
0.000000,-0.467719,2.057504
0.000000,-0.472159,2.062535
0.000000,-0.476588,2.067565
0.000000,-0.481004,2.072596
0.000000,-0.485408,2.077627
0.000000,-0.489800,2.082657
0.000000,-0.494180,2.087688
0.000000,-0.498547,2.092718
0.000000,-0.502902,2.097749
0.000000,-0.507243,2.102779
0.000000,-0.511572,2.107810
0.000000,-0.515888,2.112841
0.000000,-0.520191,2.117871
0.000000,-0.524481,2.122902
0.000000,-0.528757,2.127932
0.000000,-0.533021,2.132963
0.000000,-0.537270,2.137993
0.000000,-0.541506,2.143024
0.000000,-0.545728,2.148055
0.000000,-0.549937,2.153085
0.000000,-0.554132,2.158116
0.000000,-0.558312,2.163146
0.000000,-0.562479,2.168177
0.000000,-0.566631,2.173207
0.000000,-0.570769,2.178238
0.000000,-0.574892,2.183269
0.000000,-0.579001,2.188299
0.000000,-0.583095,2.193330
0.000000,-0.587175,2.198360
0.000000,-0.591239,2.203391
0.000000,-0.595289,2.208421
0.000000,-0.599323,2.213452
0.000000,-0.603343,2.218483
0.000000,-0.607347,2.223513
0.000000,-0.611336,2.228544
0.000000,-0.615309,2.233574
0.000000,-0.619267,2.238605
0.000000,-0.623209,2.243635
0.000000,-0.627135,2.248666
0.000000,-0.631046,2.253697
0.000000,-0.634940,2.258727
0.000000,-0.638818,2.263758
0.000000,-0.642681,2.268788
0.000000,-0.646527,2.273819
0.000000,-0.650356,2.278849
0.000000,-0.654169,2.283880
0.000000,-0.657966,2.288911
0.000000,-0.661746,2.293941
0.000000,-0.665509,2.298972
0.000000,-0.669255,2.304002
0.000000,-0.672985,2.309033
0.000000,-0.676697,2.314063
0.000000,-0.680392,2.319094
0.000000,-0.684070,2.324125
0.000000,-0.687731,2.329155
0.000000,-0.691374,2.334186
0.000000,-0.695000,2.339216
0.000000,-0.698608,2.344247
0.000000,-0.702199,2.349277
0.000000,-0.705772,2.354308
0.000000,-0.709327,2.359339
0.000000,-0.712863,2.364369
0.000000,-0.716382,2.369400
0.000000,-0.719883,2.374430
0.000000,-0.723366,2.379461
0.000000,-0.726830,2.384491
0.000000,-0.730276,2.389522
0.000000,-0.733703,2.394553
0.000000,-0.737112,2.399583
0.000000,-0.740502,2.404614
0.000000,-0.743874,2.409644
0.000000,-0.747226,2.414675
0.000000,-0.750560,2.419705
0.000000,-0.753875,2.424736
0.000000,-0.757170,2.429767
0.000000,-0.760447,2.434797
0.000000,-0.763704,2.439828
0.000000,-0.766942,2.444858
0.000000,-0.770160,2.449889
0.000000,-0.773359,2.454919
0.000000,-0.776539,2.459950
0.000000,-0.779699,2.464981
0.000000,-0.782839,2.470011
0.000000,-0.785959,2.475042
0.000000,-0.789059,2.480072
0.000000,-0.792140,2.485103
0.000000,-0.795200,2.490133
0.000000,-0.798240,2.495164
0.000000,-0.801260,2.500195
0.000000,-0.804260,2.505225
0.000000,-0.807239,2.510256
0.000000,-0.810198,2.515286
0.000000,-0.813137,2.520317
0.000000,-0.816054,2.525347
0.000000,-0.818952,2.530378
0.000000,-0.821828,2.535409
0.000000,-0.824684,2.540439
0.000000,-0.827519,2.545470
0.000000,-0.830332,2.550500
0.000000,-0.833125,2.555531
0.000000,-0.835897,2.560562
0.000000,-0.838648,2.565592
0.000000,-0.841377,2.570623
0.000000,-0.844085,2.575653
0.000000,-0.846772,2.580684
0.000000,-0.849437,2.585714
0.000000,-0.852081,2.590745
0.000000,-0.854703,2.595776
0.000000,-0.857304,2.600806
0.000000,-0.859883,2.605837
0.000000,-0.862440,2.610867
0.000000,-0.864975,2.615898
0.000000,-0.867489,2.620928
0.000000,-0.869980,2.625959
0.000000,-0.872450,2.630990
0.000000,-0.874897,2.636020
0.000000,-0.877323,2.641051
0.000000,-0.879726,2.646081
0.000000,-0.882106,2.651112
0.000000,-0.884465,2.656142
0.000000,-0.886801,2.661173
0.000000,-0.889115,2.666204
0.000000,-0.891406,2.671234
0.000000,-0.893674,2.676265
0.000000,-0.895920,2.681295
0.000000,-0.898144,2.686326
0.000000,-0.900344,2.691356
0.000000,-0.902522,2.696387
0.000000,-0.904677,2.701418
0.000000,-0.906809,2.706448
0.000000,-0.908918,2.711479
0.000000,-0.911004,2.716509
0.000000,-0.913067,2.721540
0.000000,-0.915107,2.726570
0.000000,-0.917124,2.731601
0.000000,-0.919118,2.736632
0.000000,-0.921088,2.741662
0.000000,-0.923035,2.746693
0.000000,-0.924959,2.751723
0.000000,-0.926859,2.756754
0.000000,-0.928736,2.761784
0.000000,-0.930589,2.766815
0.000000,-0.932419,2.771846
0.000000,-0.934225,2.776876
0.000000,-0.936007,2.781907
0.000000,-0.937766,2.786937
0.000000,-0.939501,2.791968
0.000000,-0.941213,2.796998
0.000000,-0.942900,2.802029
0.000000,-0.944564,2.807060
0.000000,-0.946203,2.812090
0.000000,-0.947819,2.817121
0.000000,-0.949411,2.822151
0.000000,-0.950979,2.827182
0.000000,-0.952522,2.832212
0.000000,-0.954042,2.837243
0.000000,-0.955537,2.842274
0.000000,-0.957009,2.847304
0.000000,-0.958456,2.852335
0.000000,-0.959879,2.857365
0.000000,-0.961277,2.862396
0.000000,-0.962651,2.867426
0.000000,-0.964001,2.872457
0.000000,-0.965327,2.877488
0.000000,-0.966627,2.882518
0.000000,-0.967904,2.887549
0.000000,-0.969156,2.892579
0.000000,-0.970384,2.897610
0.000000,-0.971587,2.902640
0.000000,-0.972765,2.907671
0.000000,-0.973919,2.912702
0.000000,-0.975048,2.917732
0.000000,-0.976152,2.922763
0.000000,-0.977232,2.927793
0.000000,-0.978287,2.932824
0.000000,-0.979317,2.937854
0.000000,-0.980323,2.942885
0.000000,-0.981303,2.947916
0.000000,-0.982259,2.952946
0.000000,-0.983190,2.957977
0.000000,-0.984096,2.963007
0.000000,-0.984977,2.968038
0.000000,-0.985833,2.973068
0.000000,-0.986665,2.978099
0.000000,-0.987471,2.983130
0.000000,-0.988252,2.988160
0.000000,-0.989009,2.993191
0.000000,-0.989740,2.998221
0.000000,-0.990446,3.003252
0.000000,-0.991127,3.008282
0.000000,-0.991783,3.013313
0.000000,-0.992414,3.018344
0.000000,-0.993020,3.023374
0.000000,-0.993601,3.028405
0.000000,-0.994157,3.033435
0.000000,-0.994687,3.038466
0.000000,-0.995192,3.043496
0.000000,-0.995673,3.048527
0.000000,-0.996127,3.053558
0.000000,-0.996557,3.058588
0.000000,-0.996962,3.063619
0.000000,-0.997341,3.068649
0.000000,-0.997695,3.073680
0.000000,-0.998024,3.078710
0.000000,-0.998327,3.083741
0.000000,-0.998605,3.088772
0.000000,-0.998858,3.093802
0.000000,-0.999086,3.098833
0.000000,-0.999288,3.103863
0.000000,-0.999465,3.108894
0.000000,-0.999617,3.113925
0.000000,-0.999744,3.118955
0.000000,-0.999845,3.123986
0.000000,-0.999921,3.129016
0.000000,-0.999972,3.134047
0.000000,-0.999997,3.139077
0.000000,-0.999997,3.144108
0.000000,-0.999972,3.149139
0.000000,-0.999921,3.154169
0.000000,-0.999845,3.159200
0.000000,-0.999744,3.164230
0.000000,-0.999617,3.169261
0.000000,-0.999465,3.174291
0.000000,-0.999288,3.179322
0.000000,-0.999086,3.184353
0.000000,-0.998858,3.189383
0.000000,-0.998605,3.194414
0.000000,-0.998327,3.199444
0.000000,-0.998024,3.204475
0.000000,-0.997695,3.209505
0.000000,-0.997341,3.214536
0.000000,-0.996962,3.219567
0.000000,-0.996557,3.224597
0.000000,-0.996127,3.229628
0.000000,-0.995673,3.234658
0.000000,-0.995192,3.239689
0.000000,-0.994687,3.244719
0.000000,-0.994157,3.249750
0.000000,-0.993601,3.254781
0.000000,-0.993020,3.259811
0.000000,-0.992414,3.264842
0.000000,-0.991783,3.269872
0.000000,-0.991127,3.274903
0.000000,-0.990446,3.279933
0.000000,-0.989740,3.284964
0.000000,-0.989009,3.289995
0.000000,-0.988252,3.295025
0.000000,-0.987471,3.300056
0.000000,-0.986665,3.305086
0.000000,-0.985833,3.310117
0.000000,-0.984977,3.315147
0.000000,-0.984096,3.320178
0.000000,-0.983190,3.325209
0.000000,-0.982259,3.330239
0.000000,-0.981303,3.335270
0.000000,-0.980323,3.340300
0.000000,-0.979317,3.345331
0.000000,-0.978287,3.350361
0.000000,-0.977232,3.355392
0.000000,-0.976152,3.360423
0.000000,-0.975048,3.365453
0.000000,-0.973919,3.370484
0.000000,-0.972765,3.375514
0.000000,-0.971587,3.380545
0.000000,-0.970384,3.385575
0.000000,-0.969156,3.390606
0.000000,-0.967904,3.395637
0.000000,-0.966627,3.400667
0.000000,-0.965327,3.405698
0.000000,-0.964001,3.410728
0.000000,-0.962651,3.415759
0.000000,-0.961277,3.420789
0.000000,-0.959879,3.425820
0.000000,-0.958456,3.430851
0.000000,-0.957009,3.435881
0.000000,-0.955537,3.440912
0.000000,-0.954042,3.445942
0.000000,-0.952522,3.450973
0.000000,-0.950979,3.456003
0.000000,-0.949411,3.461034
0.000000,-0.947819,3.466065
0.000000,-0.946203,3.471095
0.000000,-0.944564,3.476126
0.000000,-0.942900,3.481156
0.000000,-0.941213,3.486187
0.000000,-0.939501,3.491217
0.000000,-0.937766,3.496248
0.000000,-0.936007,3.501279
0.000000,-0.934225,3.506309
0.000000,-0.932419,3.511340
0.000000,-0.930589,3.516370
0.000000,-0.928736,3.521401
0.000000,-0.926859,3.526431
0.000000,-0.924959,3.531462
0.000000,-0.923035,3.536493
0.000000,-0.921088,3.541523
0.000000,-0.919118,3.546554
0.000000,-0.917124,3.551584
0.000000,-0.915107,3.556615
0.000000,-0.913067,3.561645
0.000000,-0.911004,3.566676
0.000000,-0.908918,3.571707
0.000000,-0.906809,3.576737
0.000000,-0.904677,3.581768
0.000000,-0.902522,3.586798
0.000000,-0.900344,3.591829
0.000000,-0.898144,3.596859
0.000000,-0.895920,3.601890
0.000000,-0.893674,3.606921
0.000000,-0.891406,3.611951
0.000000,-0.889115,3.616982
0.000000,-0.886801,3.622012
0.000000,-0.884465,3.627043
0.000000,-0.882106,3.632073
0.000000,-0.879726,3.637104
0.000000,-0.877323,3.642135
0.000000,-0.874897,3.647165
0.000000,-0.872450,3.652196
0.000000,-0.869980,3.657226
0.000000,-0.867489,3.662257
0.000000,-0.864975,3.667288
0.000000,-0.862440,3.672318
0.000000,-0.859883,3.677349
0.000000,-0.857304,3.682379
0.000000,-0.854703,3.687410
0.000000,-0.852081,3.692440
0.000000,-0.849437,3.697471
0.000000,-0.846772,3.702502
0.000000,-0.844085,3.707532
0.000000,-0.841377,3.712563
0.000000,-0.838648,3.717593
0.000000,-0.835897,3.722624
0.000000,-0.833125,3.727654
0.000000,-0.830332,3.732685
0.000000,-0.827519,3.737716
0.000000,-0.824684,3.742746
0.000000,-0.821828,3.747777
0.000000,-0.818952,3.752807
0.000000,-0.816054,3.757838
0.000000,-0.813137,3.762868
0.000000,-0.810198,3.767899
0.000000,-0.807239,3.772930
0.000000,-0.804260,3.777960
0.000000,-0.801260,3.782991
0.000000,-0.798240,3.788021
0.000000,-0.795200,3.793052
0.000000,-0.792140,3.798082
0.000000,-0.789059,3.803113
0.000000,-0.785959,3.808144
0.000000,-0.782839,3.813174
0.000000,-0.779699,3.818205
0.000000,-0.776539,3.823235
0.000000,-0.773359,3.828266
0.000000,-0.770160,3.833296
0.000000,-0.766942,3.838327
0.000000,-0.763704,3.843358
0.000000,-0.760447,3.848388
0.000000,-0.757170,3.853419
0.000000,-0.753875,3.858449
0.000000,-0.750560,3.863480
0.000000,-0.747226,3.868510
0.000000,-0.743874,3.873541
0.000000,-0.740502,3.878572
0.000000,-0.737112,3.883602
0.000000,-0.733703,3.888633
0.000000,-0.730276,3.893663
0.000000,-0.726830,3.898694
0.000000,-0.723366,3.903724
0.000000,-0.719883,3.908755
0.000000,-0.716382,3.913786
0.000000,-0.712863,3.918816
0.000000,-0.709327,3.923847
0.000000,-0.705772,3.928877
0.000000,-0.702199,3.933908
0.000000,-0.698608,3.938938
0.000000,-0.695000,3.943969
0.000000,-0.691374,3.949000
0.000000,-0.687731,3.954030
0.000000,-0.684070,3.959061
0.000000,-0.680392,3.964091
0.000000,-0.676697,3.969122
0.000000,-0.672985,3.974152
0.000000,-0.669255,3.979183
0.000000,-0.665509,3.984214
0.000000,-0.661746,3.989244
0.000000,-0.657966,3.994275
0.000000,-0.654169,3.999305
0.000000,-0.650356,4.004336
0.000000,-0.646527,4.009366
0.000000,-0.642681,4.014397
0.000000,-0.638818,4.019428
0.000000,-0.634940,4.024458
0.000000,-0.631046,4.029489
0.000000,-0.627135,4.034519
0.000000,-0.623209,4.039550
0.000000,-0.619267,4.044580
0.000000,-0.615309,4.049611
0.000000,-0.611336,4.054642
0.000000,-0.607347,4.059672
0.000000,-0.603343,4.064703
0.000000,-0.599323,4.069733
0.000000,-0.595289,4.074764
0.000000,-0.591239,4.079794
0.000000,-0.587175,4.084825
0.000000,-0.583095,4.089856
0.000000,-0.579001,4.094886
0.000000,-0.574892,4.099917
0.000000,-0.570769,4.104947
0.000000,-0.566631,4.109978
0.000000,-0.562479,4.115008
0.000000,-0.558312,4.120039
0.000000,-0.554132,4.125070
0.000000,-0.549937,4.130100
0.000000,-0.545728,4.135131
0.000000,-0.541506,4.140161
0.000000,-0.537270,4.145192
0.000000,-0.533021,4.150222
0.000000,-0.528757,4.155253
0.000000,-0.524481,4.160284
0.000000,-0.520191,4.165314
0.000000,-0.515888,4.170345
0.000000,-0.511572,4.175375
0.000000,-0.507243,4.180406
0.000000,-0.502902,4.185436
0.000000,-0.498547,4.190467
0.000000,-0.494180,4.195498
0.000000,-0.489800,4.200528
0.000000,-0.485408,4.205559
0.000000,-0.481004,4.210589
0.000000,-0.476588,4.215620
0.000000,-0.472159,4.220650
0.000000,-0.467719,4.225681
0.000000,-0.463266,4.230712
0.000000,-0.458802,4.235742
0.000000,-0.454327,4.240773
0.000000,-0.449839,4.245803
0.000000,-0.445341,4.250834
0.000000,-0.440831,4.255865
0.000000,-0.436310,4.260895
0.000000,-0.431778,4.265926
0.000000,-0.427235,4.270956
0.000000,-0.422682,4.275987
0.000000,-0.418117,4.281017
0.000000,-0.413542,4.286048
0.000000,-0.408957,4.291079
0.000000,-0.404361,4.296109
0.000000,-0.399755,4.301140
0.000000,-0.395139,4.306170
0.000000,-0.390512,4.311201
0.000000,-0.385876,4.316231
0.000000,-0.381231,4.321262
0.000000,-0.376575,4.326293
0.000000,-0.371910,4.331323
0.000000,-0.367236,4.336354
0.000000,-0.362552,4.341384
0.000000,-0.357859,4.346415
0.000000,-0.353157,4.351445
0.000000,-0.348446,4.356476
0.000000,-0.343727,4.361507
0.000000,-0.338998,4.366537
0.000000,-0.334261,4.371568
0.000000,-0.329516,4.376598
0.000000,-0.324762,4.381629
0.000000,-0.320000,4.386659
0.000000,-0.315230,4.391690
0.000000,-0.310452,4.396721
0.000000,-0.305666,4.401751
0.000000,-0.300872,4.406782
0.000000,-0.296071,4.411812
0.000000,-0.291262,4.416843
0.000000,-0.286446,4.421873
0.000000,-0.281623,4.426904
0.000000,-0.276792,4.431935
0.000000,-0.271955,4.436965
0.000000,-0.267110,4.441996
0.000000,-0.262259,4.447026
0.000000,-0.257402,4.452057
0.000000,-0.252537,4.457087
0.000000,-0.247667,4.462118
0.000000,-0.242790,4.467149
0.000000,-0.237906,4.472179
0.000000,-0.233017,4.477210
0.000000,-0.228122,4.482240
0.000000,-0.223222,4.487271
0.000000,-0.218315,4.492301
0.000000,-0.213403,4.497332
0.000000,-0.208486,4.502363
0.000000,-0.203563,4.507393
0.000000,-0.198635,4.512424
0.000000,-0.193702,4.517454
0.000000,-0.188765,4.522485
0.000000,-0.183822,4.527515
0.000000,-0.178875,4.532546
0.000000,-0.173923,4.537577
0.000000,-0.168967,4.542607
0.000000,-0.164007,4.547638
0.000000,-0.159042,4.552668
0.000000,-0.154074,4.557699
0.000000,-0.149101,4.562729
0.000000,-0.144125,4.567760
0.000000,-0.139145,4.572791
0.000000,-0.134162,4.577821
0.000000,-0.129175,4.582852
0.000000,-0.124185,4.587882
0.000000,-0.119192,4.592913
0.000000,-0.114196,4.597943
0.000000,-0.109197,4.602974
0.000000,-0.104195,4.608005
0.000000,-0.099190,4.613035
0.000000,-0.094183,4.618066
0.000000,-0.089174,4.623096
0.000000,-0.084162,4.628127
0.000000,-0.079149,4.633157
0.000000,-0.074133,4.638188
0.000000,-0.069115,4.643219
0.000000,-0.064096,4.648249
0.000000,-0.059075,4.653280
0.000000,-0.054052,4.658310
0.000000,-0.049028,4.663341
0.000000,-0.044003,4.668371
0.000000,-0.038977,4.673402
0.000000,-0.033950,4.678433
0.000000,-0.028922,4.683463
0.000000,-0.023893,4.688494
0.000000,-0.018864,4.693524
0.000000,-0.013834,4.698555
0.000000,-0.008803,4.703585
0.000000,-0.003773,4.708616
0.000000,0.001258,4.713647
0.000000,0.006288,4.718677
0.000000,0.011319,4.723708
0.000000,0.016349,4.728738
0.000000,0.021378,4.733769
0.000000,0.026407,4.738799
0.000000,0.031436,4.743830
0.000000,0.036464,4.748861
0.000000,0.041490,4.753891
0.000000,0.046516,4.758922
0.000000,0.051541,4.763952
0.000000,0.056564,4.768983
0.000000,0.061586,4.774013
0.000000,0.066606,4.779044
0.000000,0.071624,4.784075
0.000000,0.076641,4.789105
0.000000,0.081656,4.794136
0.000000,0.086669,4.799166
0.000000,0.091679,4.804197
0.000000,0.096687,4.809228
0.000000,0.101693,4.814258
0.000000,0.106696,4.819289
0.000000,0.111697,4.824319
0.000000,0.116694,4.829350
0.000000,0.121689,4.834380
0.000000,0.126681,4.839411
0.000000,0.131669,4.844442
0.000000,0.136654,4.849472
0.000000,0.141636,4.854503
0.000000,0.146614,4.859533
0.000000,0.151588,4.864564
0.000000,0.156559,4.869594
0.000000,0.161525,4.874625
0.000000,0.166488,4.879656
0.000000,0.171446,4.884686
0.000000,0.176400,4.889717
0.000000,0.181349,4.894747
0.000000,0.186294,4.899778
0.000000,0.191234,4.904808
0.000000,0.196169,4.909839
0.000000,0.201100,4.914870
0.000000,0.206025,4.919900
0.000000,0.210945,4.924931
0.000000,0.215860,4.929961
0.000000,0.220769,4.934992
0.000000,0.225673,4.940022
0.000000,0.230571,4.945053
0.000000,0.235463,4.950084
0.000000,0.240349,4.955114
0.000000,0.245229,4.960145
0.000000,0.250103,4.965175
0.000000,0.254970,4.970206
0.000000,0.259831,4.975236
0.000000,0.264686,4.980267
0.000000,0.269533,4.985298
0.000000,0.274374,4.990328
0.000000,0.279208,4.995359
0.000000,0.284035,5.000389
0.000000,0.288855,5.005420
0.000000,0.293668,5.010450
0.000000,0.298473,5.015481
0.000000,0.303270,5.020512
0.000000,0.308060,5.025542
0.000000,0.312842,5.030573
0.000000,0.317616,5.035603
0.000000,0.322382,5.040634
0.000000,0.327140,5.045664
0.000000,0.331890,5.050695
0.000000,0.336631,5.055726
0.000000,0.341364,5.060756
0.000000,0.346088,5.065787
0.000000,0.350803,5.070817
0.000000,0.355509,5.075848
0.000000,0.360207,5.080878
0.000000,0.364895,5.085909
0.000000,0.369574,5.090940
0.000000,0.374244,5.095970
0.000000,0.378904,5.101001
0.000000,0.383555,5.106031
0.000000,0.388196,5.111062
0.000000,0.392827,5.116092
0.000000,0.397448,5.121123
0.000000,0.402059,5.126154
0.000000,0.406660,5.131184
0.000000,0.411251,5.136215
0.000000,0.415831,5.141245
0.000000,0.420401,5.146276
0.000000,0.424960,5.151306
0.000000,0.429508,5.156337
0.000000,0.434046,5.161368
0.000000,0.438572,5.166398
0.000000,0.443087,5.171429
0.000000,0.447592,5.176459
0.000000,0.452084,5.181490
0.000000,0.456566,5.186520
0.000000,0.461036,5.191551
0.000000,0.465494,5.196582
0.000000,0.469940,5.201612
0.000000,0.474375,5.206643
0.000000,0.478797,5.211673
0.000000,0.483208,5.216704
0.000000,0.487606,5.221734
0.000000,0.491992,5.226765
0.000000,0.496365,5.231796
0.000000,0.500726,5.236826
0.000000,0.505074,5.241857
0.000000,0.509409,5.246887
0.000000,0.513732,5.251918
0.000000,0.518041,5.256948
0.000000,0.522338,5.261979
0.000000,0.526621,5.267010
0.000000,0.530891,5.272040
0.000000,0.535147,5.277071
0.000000,0.539390,5.282101
0.000000,0.543619,5.287132
0.000000,0.547834,5.292162
0.000000,0.552036,5.297193
0.000000,0.556224,5.302224
0.000000,0.560397,5.307254
0.000000,0.564556,5.312285
0.000000,0.568702,5.317315
0.000000,0.572832,5.322346
0.000000,0.576948,5.327376
0.000000,0.581050,5.332407
0.000000,0.585137,5.337438
0.000000,0.589209,5.342468
0.000000,0.593266,5.347499
0.000000,0.597308,5.352529
0.000000,0.601335,5.357560
0.000000,0.605347,5.362591
0.000000,0.609343,5.367621
0.000000,0.613324,5.372652
0.000000,0.617290,5.377682
0.000000,0.621240,5.382713
0.000000,0.625174,5.387743
0.000000,0.629092,5.392774
0.000000,0.632995,5.397805
0.000000,0.636881,5.402835
0.000000,0.640751,5.407866
0.000000,0.644606,5.412896
0.000000,0.648443,5.417927
0.000000,0.652265,5.422957
0.000000,0.656070,5.427988
0.000000,0.659858,5.433019
0.000000,0.663629,5.438049
0.000000,0.667384,5.443080
0.000000,0.671122,5.448110
0.000000,0.674843,5.453141
0.000000,0.678547,5.458171
0.000000,0.682233,5.463202
0.000000,0.685903,5.468233
0.000000,0.689555,5.473263
0.000000,0.693189,5.478294
0.000000,0.696806,5.483324
0.000000,0.700406,5.488355
0.000000,0.703987,5.493385
0.000000,0.707551,5.498416
0.000000,0.711097,5.503447
0.000000,0.714625,5.508477
0.000000,0.718135,5.513508
0.000000,0.721627,5.518538
0.000000,0.725100,5.523569
0.000000,0.728555,5.528599
0.000000,0.731992,5.533630
0.000000,0.735410,5.538661
0.000000,0.738810,5.543691
0.000000,0.742190,5.548722
0.000000,0.745552,5.553752
0.000000,0.748896,5.558783
0.000000,0.752220,5.563813
0.000000,0.755525,5.568844
0.000000,0.758811,5.573875
0.000000,0.762078,5.578905
0.000000,0.765325,5.583936
0.000000,0.768554,5.588966
0.000000,0.771762,5.593997
0.000000,0.774952,5.599027
0.000000,0.778121,5.604058
0.000000,0.781271,5.609089
0.000000,0.784401,5.614119
0.000000,0.787512,5.619150
0.000000,0.790602,5.624180
0.000000,0.793672,5.629211
0.000000,0.796723,5.634241
0.000000,0.799753,5.639272
0.000000,0.802762,5.644303
0.000000,0.805752,5.649333
0.000000,0.808721,5.654364
0.000000,0.811670,5.659394
0.000000,0.814598,5.664425
0.000000,0.817506,5.669455
0.000000,0.820392,5.674486
0.000000,0.823259,5.679517
0.000000,0.826104,5.684547
0.000000,0.828928,5.689578
0.000000,0.831732,5.694608
0.000000,0.834514,5.699639
0.000000,0.837275,5.704669
0.000000,0.840015,5.709700
0.000000,0.842734,5.714731
0.000000,0.845431,5.719761
0.000000,0.848107,5.724792
0.000000,0.850762,5.729822
0.000000,0.853395,5.734853
0.000000,0.856006,5.739883
0.000000,0.858596,5.744914
0.000000,0.861164,5.749945
0.000000,0.863711,5.754975
0.000000,0.866235,5.760006
0.000000,0.868737,5.765036
0.000000,0.871218,5.770067
0.000000,0.873676,5.775097
0.000000,0.876113,5.780128
0.000000,0.878527,5.785159
0.000000,0.880919,5.790189
0.000000,0.883288,5.795220
0.000000,0.885636,5.800250
0.000000,0.887961,5.805281
0.000000,0.890263,5.810311
0.000000,0.892543,5.815342
0.000000,0.894800,5.820373
0.000000,0.897035,5.825403
0.000000,0.899247,5.830434
0.000000,0.901436,5.835464
0.000000,0.903602,5.840495
0.000000,0.905746,5.845525
0.000000,0.907867,5.850556
0.000000,0.909964,5.855587
0.000000,0.912039,5.860617
0.000000,0.914090,5.865648
0.000000,0.916119,5.870678
0.000000,0.918124,5.875709
0.000000,0.920106,5.880739
0.000000,0.922064,5.885770
0.000000,0.924000,5.890801
0.000000,0.925912,5.895831
0.000000,0.927800,5.900862
0.000000,0.929665,5.905892
0.000000,0.931507,5.910923
0.000000,0.933325,5.915953
0.000000,0.935119,5.920984
0.000000,0.936890,5.926015
0.000000,0.938637,5.931045
0.000000,0.940360,5.936076
0.000000,0.942059,5.941106
0.000000,0.943735,5.946137
0.000000,0.945387,5.951168
0.000000,0.947014,5.956198
0.000000,0.948618,5.961229
0.000000,0.950198,5.966259
0.000000,0.951754,5.971290
0.000000,0.953285,5.976320
0.000000,0.954793,5.981351
0.000000,0.956276,5.986382
0.000000,0.957735,5.991412
0.000000,0.959170,5.996443
0.000000,0.960581,6.001473
0.000000,0.961967,6.006504
0.000000,0.963329,6.011534
0.000000,0.964667,6.016565
0.000000,0.965980,6.021596
0.000000,0.967269,6.026626
0.000000,0.968533,6.031657
0.000000,0.969773,6.036687
0.000000,0.970988,6.041718
0.000000,0.972179,6.046748
0.000000,0.973345,6.051779
0.000000,0.974486,6.056810
0.000000,0.975603,6.061840
0.000000,0.976695,6.066871
0.000000,0.977762,6.071901
0.000000,0.978805,6.076932
0.000000,0.979823,6.081962
0.000000,0.980816,6.086993
0.000000,0.981784,6.092024
0.000000,0.982728,6.097054
0.000000,0.983646,6.102085
0.000000,0.984540,6.107115
0.000000,0.985408,6.112146
0.000000,0.986252,6.117176
0.000000,0.987071,6.122207
0.000000,0.987865,6.127238
0.000000,0.988634,6.132268
0.000000,0.989377,6.137299
0.000000,0.990096,6.142329
0.000000,0.990790,6.147360
0.000000,0.991459,6.152390
0.000000,0.992102,6.157421
0.000000,0.992721,6.162452
0.000000,0.993314,6.167482
0.000000,0.993882,6.172513
0.000000,0.994425,6.177543
0.000000,0.994943,6.182574
0.000000,0.995436,6.187604
0.000000,0.995903,6.192635
0.000000,0.996345,6.197666
0.000000,0.996762,6.202696
0.000000,0.997154,6.207727
0.000000,0.997521,6.212757
0.000000,0.997862,6.217788
0.000000,0.998178,6.222818
0.000000,0.998469,6.227849
0.000000,0.998735,6.232880
0.000000,0.998975,6.237910
0.000000,0.999190,6.242941
0.000000,0.999380,6.247971
0.000000,0.999545,6.253002
0.000000,0.999684,6.258032
0.000000,0.999798,6.263063
0.000000,0.999886,6.268094
0.000000,0.999949,6.273124
0.000000,0.999987,6.278155
0.000000,1.000000,6.283185
0.000000,3.000000,0.000000
0.000000,3.005031,0.005031
0.000000,3.010061,0.010061
0.000000,3.015091,0.015092
0.000000,3.020121,0.020122
0.000000,3.025150,0.025153
0.000000,3.030179,0.030183
0.000000,3.035207,0.035214
0.000000,3.040234,0.040245
0.000000,3.045260,0.045275
0.000000,3.050285,0.050306
0.000000,3.055308,0.055336
0.000000,3.060330,0.060367
0.000000,3.065351,0.065397
0.000000,3.070370,0.070428
0.000000,3.075387,0.075459
0.000000,3.080402,0.080489
0.000000,3.085416,0.085520
0.000000,3.090427,0.090550
0.000000,3.095435,0.095581
0.000000,3.100442,0.100611
0.000000,3.105446,0.105642
0.000000,3.110447,0.110673
0.000000,3.115445,0.115703
0.000000,3.120441,0.120734
0.000000,3.125433,0.125764
0.000000,3.130422,0.130795
0.000000,3.135408,0.135825
0.000000,3.140391,0.140856
0.000000,3.145370,0.145887
0.000000,3.150345,0.150917
0.000000,3.155316,0.155948
0.000000,3.160284,0.160978
0.000000,3.165247,0.166009
0.000000,3.170207,0.171039
0.000000,3.175162,0.176070
0.000000,3.180112,0.181101
0.000000,3.185058,0.186131
0.000000,3.190000,0.191162
0.000000,3.194936,0.196192
0.000000,3.199868,0.201223
0.000000,3.204794,0.206253
0.000000,3.209716,0.211284
0.000000,3.214632,0.216315
0.000000,3.219542,0.221345
0.000000,3.224447,0.226376
0.000000,3.229347,0.231406
0.000000,3.234240,0.236437
0.000000,3.239128,0.241467
0.000000,3.244009,0.246498
0.000000,3.248885,0.251529
0.000000,3.253754,0.256559
0.000000,3.258617,0.261590
0.000000,3.263473,0.266620
0.000000,3.268322,0.271651
0.000000,3.273165,0.276681
0.000000,3.278001,0.281712
0.000000,3.282829,0.286743
0.000000,3.287651,0.291773
0.000000,3.292465,0.296804
0.000000,3.297272,0.301834
0.000000,3.302072,0.306865
0.000000,3.306863,0.311896
0.000000,3.311647,0.316926
0.000000,3.316423,0.321957
0.000000,3.321191,0.326987
0.000000,3.325951,0.332018
0.000000,3.330703,0.337048
0.000000,3.335446,0.342079
0.000000,3.340181,0.347110
0.000000,3.344907,0.352140
0.000000,3.349625,0.357171
0.000000,3.354334,0.362201
0.000000,3.359033,0.367232
0.000000,3.363724,0.372262
0.000000,3.368405,0.377293
0.000000,3.373077,0.382324
0.000000,3.377740,0.387354
0.000000,3.382393,0.392385
0.000000,3.387036,0.397415
0.000000,3.391670,0.402446
0.000000,3.396294,0.407476
0.000000,3.400907,0.412507
0.000000,3.405511,0.417538
0.000000,3.410104,0.422568
0.000000,3.414687,0.427599
0.000000,3.419259,0.432629
0.000000,3.423821,0.437660
0.000000,3.428372,0.442690
0.000000,3.432912,0.447721
0.000000,3.437442,0.452752
0.000000,3.441960,0.457782
0.000000,3.446467,0.462813
0.000000,3.450962,0.467843
0.000000,3.455447,0.472874
0.000000,3.459919,0.477904
0.000000,3.464380,0.482935
0.000000,3.468830,0.487966
0.000000,3.473267,0.492996
0.000000,3.477693,0.498027
0.000000,3.482106,0.503057
0.000000,3.486508,0.508088
0.000000,3.490896,0.513118
0.000000,3.495273,0.518149
0.000000,3.499637,0.523180
0.000000,3.503988,0.528210
0.000000,3.508327,0.533241
0.000000,3.512652,0.538271
0.000000,3.516965,0.543302
0.000000,3.521265,0.548332
0.000000,3.525551,0.553363
0.000000,3.529824,0.558394
0.000000,3.534084,0.563424
0.000000,3.538330,0.568455
0.000000,3.542563,0.573485
0.000000,3.546782,0.578516
0.000000,3.550987,0.583546
0.000000,3.555178,0.588577
0.000000,3.559355,0.593608
0.000000,3.563518,0.598638
0.000000,3.567667,0.603669
0.000000,3.571801,0.608699
0.000000,3.575921,0.613730
0.000000,3.580026,0.618760
0.000000,3.584116,0.623791
0.000000,3.588192,0.628822
0.000000,3.592253,0.633852
0.000000,3.596299,0.638883
0.000000,3.600330,0.643913
0.000000,3.604345,0.648944
0.000000,3.608346,0.653974
0.000000,3.612331,0.659005
0.000000,3.616300,0.664036
0.000000,3.620254,0.669066
0.000000,3.624192,0.674097
0.000000,3.628114,0.679127
0.000000,3.632021,0.684158
0.000000,3.635911,0.689188
0.000000,3.639785,0.694219
0.000000,3.643644,0.699250
0.000000,3.647485,0.704280
0.000000,3.651311,0.709311
0.000000,3.655120,0.714341
0.000000,3.658912,0.719372
0.000000,3.662688,0.724402
0.000000,3.666447,0.729433
0.000000,3.670189,0.734464
0.000000,3.673914,0.739494
0.000000,3.677622,0.744525
0.000000,3.681313,0.749555
0.000000,3.684987,0.754586
0.000000,3.688643,0.759616
0.000000,3.692282,0.764647
0.000000,3.695904,0.769678
0.000000,3.699508,0.774708
0.000000,3.703094,0.779739
0.000000,3.706662,0.784769
0.000000,3.710212,0.789800
0.000000,3.713745,0.794830
0.000000,3.717259,0.799861
0.000000,3.720756,0.804892
0.000000,3.724234,0.809922
0.000000,3.727693,0.814953
0.000000,3.731134,0.819983
0.000000,3.734557,0.825014
0.000000,3.737961,0.830044
0.000000,3.741347,0.835075
0.000000,3.744714,0.840106
0.000000,3.748062,0.845136
0.000000,3.751390,0.850167
0.000000,3.754700,0.855197
0.000000,3.757991,0.860228
0.000000,3.761263,0.865259
0.000000,3.764515,0.870289
0.000000,3.767748,0.875320
0.000000,3.770962,0.880350
0.000000,3.774156,0.885381
0.000000,3.777331,0.890411
0.000000,3.780485,0.895442
0.000000,3.783621,0.900473
0.000000,3.786736,0.905503
0.000000,3.789831,0.910534
0.000000,3.792907,0.915564
0.000000,3.795962,0.920595
0.000000,3.798997,0.925625
0.000000,3.802012,0.930656
0.000000,3.805007,0.935687
0.000000,3.807981,0.940717
0.000000,3.810935,0.945748
0.000000,3.813868,0.950778
0.000000,3.816781,0.955809
0.000000,3.819673,0.960839
0.000000,3.822544,0.965870
0.000000,3.825394,0.970901
0.000000,3.828224,0.975931
0.000000,3.831033,0.980962
0.000000,3.833820,0.985992
0.000000,3.836587,0.991023
0.000000,3.839332,0.996053
0.000000,3.842056,1.001084
0.000000,3.844759,1.006115
0.000000,3.847440,1.011145
0.000000,3.850100,1.016176
0.000000,3.852739,1.021206
0.000000,3.855356,1.026237
0.000000,3.857951,1.031267
0.000000,3.860524,1.036298
0.000000,3.863076,1.041329
0.000000,3.865606,1.046359
0.000000,3.868114,1.051390
0.000000,3.870600,1.056420
0.000000,3.873064,1.061451
0.000000,3.875506,1.066481
0.000000,3.877925,1.071512
0.000000,3.880323,1.076543
0.000000,3.882698,1.081573
0.000000,3.885051,1.086604
0.000000,3.887382,1.091634
0.000000,3.889690,1.096665
0.000000,3.891975,1.101695
0.000000,3.894238,1.106726
0.000000,3.896478,1.111757
0.000000,3.898696,1.116787
0.000000,3.900891,1.121818
0.000000,3.903063,1.126848
0.000000,3.905212,1.131879
0.000000,3.907339,1.136909
0.000000,3.909442,1.141940
0.000000,3.911522,1.146971
0.000000,3.913580,1.152001
0.000000,3.915614,1.157032
0.000000,3.917625,1.162062
0.000000,3.919612,1.167093
0.000000,3.921577,1.172123
0.000000,3.923518,1.177154
0.000000,3.925436,1.182185
0.000000,3.927330,1.187215
0.000000,3.929201,1.192246
0.000000,3.931049,1.197276
0.000000,3.932873,1.202307
0.000000,3.934673,1.207337
0.000000,3.936449,1.212368
0.000000,3.938202,1.217399
0.000000,3.939931,1.222429
0.000000,3.941637,1.227460
0.000000,3.943318,1.232490
0.000000,3.944976,1.237521
0.000000,3.946610,1.242551
0.000000,3.948219,1.247582
0.000000,3.949805,1.252613
0.000000,3.951367,1.257643
0.000000,3.952905,1.262674
0.000000,3.954418,1.267704
0.000000,3.955908,1.272735
0.000000,3.957373,1.277765
0.000000,3.958814,1.282796
0.000000,3.960231,1.287827
0.000000,3.961623,1.292857
0.000000,3.962991,1.297888
0.000000,3.964335,1.302918
0.000000,3.965654,1.307949
0.000000,3.966949,1.312979
0.000000,3.968219,1.318010
0.000000,3.969465,1.323041
0.000000,3.970687,1.328071
0.000000,3.971883,1.333102
0.000000,3.973056,1.338132
0.000000,3.974203,1.343163
0.000000,3.975326,1.348193
0.000000,3.976424,1.353224
0.000000,3.977498,1.358255
0.000000,3.978547,1.363285
0.000000,3.979571,1.368316
0.000000,3.980570,1.373346
0.000000,3.981544,1.378377
0.000000,3.982494,1.383407
0.000000,3.983419,1.388438
0.000000,3.984319,1.393469
0.000000,3.985194,1.398499
0.000000,3.986044,1.403530
0.000000,3.986869,1.408560
0.000000,3.987669,1.413591
0.000000,3.988444,1.418622
0.000000,3.989194,1.423652
0.000000,3.989919,1.428683
0.000000,3.990619,1.433713
0.000000,3.991294,1.438744
0.000000,3.991944,1.443774
0.000000,3.992568,1.448805
0.000000,3.993168,1.453836
0.000000,3.993742,1.458866
0.000000,3.994292,1.463897
0.000000,3.994816,1.468927
0.000000,3.995315,1.473958
0.000000,3.995789,1.478988
0.000000,3.996237,1.484019
0.000000,3.996661,1.489050
0.000000,3.997059,1.494080
0.000000,3.997432,1.499111
0.000000,3.997779,1.504141
0.000000,3.998102,1.509172
0.000000,3.998399,1.514202
0.000000,3.998671,1.519233
0.000000,3.998918,1.524264
0.000000,3.999139,1.529294
0.000000,3.999335,1.534325
0.000000,3.999506,1.539355
0.000000,3.999651,1.544386
0.000000,3.999771,1.549416
0.000000,3.999866,1.554447
0.000000,3.999936,1.559478
0.000000,3.999980,1.564508
0.000000,3.999999,1.569539
0.000000,3.999993,1.574569
0.000000,3.999961,1.579600
0.000000,3.999904,1.584630
0.000000,3.999822,1.589661
0.000000,3.999715,1.594692
0.000000,3.999582,1.599722
0.000000,3.999424,1.604753
0.000000,3.999240,1.609783
0.000000,3.999031,1.614814
0.000000,3.998797,1.619844
0.000000,3.998538,1.624875
0.000000,3.998254,1.629906
0.000000,3.997944,1.634936
0.000000,3.997609,1.639967
0.000000,3.997248,1.644997
0.000000,3.996863,1.650028
0.000000,3.996452,1.655058
0.000000,3.996016,1.660089
0.000000,3.995555,1.665120
0.000000,3.995068,1.670150
0.000000,3.994557,1.675181
0.000000,3.994020,1.680211
0.000000,3.993458,1.685242
0.000000,3.992871,1.690272
0.000000,3.992259,1.695303
0.000000,3.991622,1.700334
0.000000,3.990959,1.705364
0.000000,3.990272,1.710395
0.000000,3.989559,1.715425
0.000000,3.988822,1.720456
0.000000,3.988059,1.725486
0.000000,3.987272,1.730517
0.000000,3.986459,1.735548
0.000000,3.985622,1.740578
0.000000,3.984759,1.745609
0.000000,3.983872,1.750639
0.000000,3.982960,1.755670
0.000000,3.982022,1.760700
0.000000,3.981060,1.765731
0.000000,3.980073,1.770762
0.000000,3.979062,1.775792
0.000000,3.978025,1.780823
0.000000,3.976964,1.785853
0.000000,3.975878,1.790884
0.000000,3.974768,1.795914
0.000000,3.973632,1.800945
0.000000,3.972473,1.805976
0.000000,3.971288,1.811006
0.000000,3.970079,1.816037
0.000000,3.968845,1.821067
0.000000,3.967587,1.826098
0.000000,3.966305,1.831128
0.000000,3.964997,1.836159
0.000000,3.963666,1.841190
0.000000,3.962310,1.846220
0.000000,3.960930,1.851251
0.000000,3.959525,1.856281
0.000000,3.958096,1.861312
0.000000,3.956643,1.866342
0.000000,3.955166,1.871373
0.000000,3.953664,1.876404
0.000000,3.952139,1.881434
0.000000,3.950589,1.886465
0.000000,3.949015,1.891495
0.000000,3.947418,1.896526
0.000000,3.945796,1.901556
0.000000,3.944150,1.906587
0.000000,3.942480,1.911618
0.000000,3.940787,1.916648
0.000000,3.939070,1.921679
0.000000,3.937329,1.926709
0.000000,3.935564,1.931740
0.000000,3.933776,1.936770
0.000000,3.931964,1.941801
0.000000,3.930128,1.946832
0.000000,3.928269,1.951862
0.000000,3.926386,1.956893
0.000000,3.924480,1.961923
0.000000,3.922550,1.966954
0.000000,3.920598,1.971984
0.000000,3.918622,1.977015
0.000000,3.916622,1.982046
0.000000,3.914600,1.987076
0.000000,3.912554,1.992107
0.000000,3.910485,1.997137
0.000000,3.908393,2.002168
0.000000,3.906278,2.007199
0.000000,3.904140,2.012229
0.000000,3.901980,2.017260
0.000000,3.899796,2.022290
0.000000,3.897590,2.027321
0.000000,3.895361,2.032351
0.000000,3.893109,2.037382
0.000000,3.890835,2.042413
0.000000,3.888538,2.047443
0.000000,3.886219,2.052474
0.000000,3.883877,2.057504
0.000000,3.881513,2.062535
0.000000,3.879127,2.067565
0.000000,3.876718,2.072596
0.000000,3.874288,2.077627
0.000000,3.871835,2.082657
0.000000,3.869360,2.087688
0.000000,3.866863,2.092718
0.000000,3.864344,2.097749
0.000000,3.861803,2.102779
0.000000,3.859240,2.107810
0.000000,3.856656,2.112841
0.000000,3.854050,2.117871
0.000000,3.851422,2.122902
0.000000,3.848773,2.127932
0.000000,3.846102,2.132963
0.000000,3.843410,2.137993
0.000000,3.840697,2.143024
0.000000,3.837962,2.148055
0.000000,3.835206,2.153085
0.000000,3.832429,2.158116
0.000000,3.829631,2.163146
0.000000,3.826812,2.168177
0.000000,3.823972,2.173207
0.000000,3.821111,2.178238
0.000000,3.818229,2.183269
0.000000,3.815327,2.188299
0.000000,3.812404,2.193330
0.000000,3.809460,2.198360
0.000000,3.806496,2.203391
0.000000,3.803512,2.208421
0.000000,3.800507,2.213452
0.000000,3.797482,2.218483
0.000000,3.794437,2.223513
0.000000,3.791371,2.228544
0.000000,3.788286,2.233574
0.000000,3.785181,2.238605
0.000000,3.782055,2.243635
0.000000,3.778910,2.248666
0.000000,3.775746,2.253697
0.000000,3.772561,2.258727
0.000000,3.769358,2.263758
0.000000,3.766134,2.268788
0.000000,3.762892,2.273819
0.000000,3.759629,2.278849
0.000000,3.756348,2.283880
0.000000,3.753048,2.288911
0.000000,3.749728,2.293941
0.000000,3.746390,2.298972
0.000000,3.743033,2.304002
0.000000,3.739656,2.309033
0.000000,3.736262,2.314063
0.000000,3.732848,2.319094
0.000000,3.729416,2.324125
0.000000,3.725966,2.329155
0.000000,3.722497,2.334186
0.000000,3.719010,2.339216
0.000000,3.715504,2.344247
0.000000,3.711981,2.349277
0.000000,3.708439,2.354308
0.000000,3.704880,2.359339
0.000000,3.701303,2.364369
0.000000,3.697708,2.369400
0.000000,3.694095,2.374430
0.000000,3.690465,2.379461
0.000000,3.686817,2.384491
0.000000,3.683152,2.389522
0.000000,3.679470,2.394553
0.000000,3.675770,2.399583
0.000000,3.672054,2.404614
0.000000,3.668320,2.409644
0.000000,3.664570,2.414675
0.000000,3.660802,2.419705
0.000000,3.657018,2.424736
0.000000,3.653217,2.429767
0.000000,3.649400,2.434797
0.000000,3.645567,2.439828
0.000000,3.641717,2.444858
0.000000,3.637850,2.449889
0.000000,3.633968,2.454919
0.000000,3.630069,2.459950
0.000000,3.626155,2.464981
0.000000,3.622225,2.470011
0.000000,3.618279,2.475042
0.000000,3.614317,2.480072
0.000000,3.610340,2.485103
0.000000,3.606347,2.490133
0.000000,3.602339,2.495164
0.000000,3.598316,2.500195
0.000000,3.594278,2.505225
0.000000,3.590224,2.510256
0.000000,3.586156,2.515286
0.000000,3.582073,2.520317
0.000000,3.577975,2.525347
0.000000,3.573863,2.530378
0.000000,3.569736,2.535409
0.000000,3.565594,2.540439
0.000000,3.561438,2.545470
0.000000,3.557268,2.550500
0.000000,3.553084,2.555531
0.000000,3.548886,2.560562
0.000000,3.544674,2.565592
0.000000,3.540448,2.570623
0.000000,3.536209,2.575653
0.000000,3.531956,2.580684
0.000000,3.527690,2.585714
0.000000,3.523410,2.590745
0.000000,3.519117,2.595776
0.000000,3.514810,2.600806
0.000000,3.510491,2.605837
0.000000,3.506159,2.610867
0.000000,3.501814,2.615898
0.000000,3.497456,2.620928
0.000000,3.493086,2.625959
0.000000,3.488704,2.630990
0.000000,3.484308,2.636020
0.000000,3.479901,2.641051
0.000000,3.475482,2.646081
0.000000,3.471050,2.651112
0.000000,3.466607,2.656142
0.000000,3.462151,2.661173
0.000000,3.457684,2.666204
0.000000,3.453206,2.671234
0.000000,3.448716,2.676265
0.000000,3.444215,2.681295
0.000000,3.439702,2.686326
0.000000,3.435178,2.691356
0.000000,3.430644,2.696387
0.000000,3.426098,2.701418
0.000000,3.421541,2.706448
0.000000,3.416974,2.711479
0.000000,3.412397,2.716509
0.000000,3.407809,2.721540
0.000000,3.403210,2.726570
0.000000,3.398602,2.731601
0.000000,3.393983,2.736632
0.000000,3.389354,2.741662
0.000000,3.384716,2.746693
0.000000,3.380068,2.751723
0.000000,3.375410,2.756754
0.000000,3.370742,2.761784
0.000000,3.366066,2.766815
0.000000,3.361380,2.771846
0.000000,3.356684,2.776876
0.000000,3.351980,2.781907
0.000000,3.347267,2.786937
0.000000,3.342545,2.791968
0.000000,3.337815,2.796998
0.000000,3.333076,2.802029
0.000000,3.328328,2.807060
0.000000,3.323572,2.812090
0.000000,3.318808,2.817121
0.000000,3.314036,2.822151
0.000000,3.309256,2.827182
0.000000,3.304468,2.832212
0.000000,3.299673,2.837243
0.000000,3.294870,2.842274
0.000000,3.290059,2.847304
0.000000,3.285241,2.852335
0.000000,3.280416,2.857365
0.000000,3.275584,2.862396
0.000000,3.270744,2.867426
0.000000,3.265898,2.872457
0.000000,3.261045,2.877488
0.000000,3.256186,2.882518
0.000000,3.251320,2.887549
0.000000,3.246448,2.892579
0.000000,3.241569,2.897610
0.000000,3.236685,2.902640
0.000000,3.231794,2.907671
0.000000,3.226898,2.912702
0.000000,3.221995,2.917732
0.000000,3.217088,2.922763
0.000000,3.212174,2.927793
0.000000,3.207256,2.932824
0.000000,3.202332,2.937854
0.000000,3.197403,2.942885
0.000000,3.192468,2.947916
0.000000,3.187530,2.952946
0.000000,3.182586,2.957977
0.000000,3.177638,2.963007
0.000000,3.172685,2.968038
0.000000,3.167728,2.973068
0.000000,3.162766,2.978099
0.000000,3.157801,2.983130
0.000000,3.152831,2.988160
0.000000,3.147858,2.993191
0.000000,3.142881,2.998221
0.000000,3.137900,3.003252
0.000000,3.132916,3.008282
0.000000,3.127928,3.013313
0.000000,3.122937,3.018344
0.000000,3.117943,3.023374
0.000000,3.112946,3.028405
0.000000,3.107947,3.033435
0.000000,3.102944,3.038466
0.000000,3.097939,3.043496
0.000000,3.092931,3.048527
0.000000,3.087921,3.053558
0.000000,3.082909,3.058588
0.000000,3.077895,3.063619
0.000000,3.072879,3.068649
0.000000,3.067861,3.073680
0.000000,3.062841,3.078710
0.000000,3.057819,3.083741
0.000000,3.052796,3.088772
0.000000,3.047772,3.093802
0.000000,3.042747,3.098833
0.000000,3.037720,3.103863
0.000000,3.032693,3.108894
0.000000,3.027665,3.113925
0.000000,3.022636,3.118955
0.000000,3.017606,3.123986
0.000000,3.012576,3.129016
0.000000,3.007546,3.134047
0.000000,3.002515,3.139077
0.000000,2.997485,3.144108
0.000000,2.992454,3.149139
0.000000,2.987424,3.154169
0.000000,2.982394,3.159200
0.000000,2.977364,3.164230
0.000000,2.972335,3.169261
0.000000,2.967307,3.174291
0.000000,2.962280,3.179322
0.000000,2.957253,3.184353
0.000000,2.952228,3.189383
0.000000,2.947204,3.194414
0.000000,2.942181,3.199444
0.000000,2.937159,3.204475
0.000000,2.932139,3.209505
0.000000,2.927121,3.214536
0.000000,2.922105,3.219567
0.000000,2.917091,3.224597
0.000000,2.912079,3.229628
0.000000,2.907069,3.234658
0.000000,2.902061,3.239689
0.000000,2.897056,3.244719
0.000000,2.892053,3.249750
0.000000,2.887054,3.254781
0.000000,2.882057,3.259811
0.000000,2.877063,3.264842
0.000000,2.872072,3.269872
0.000000,2.867084,3.274903
0.000000,2.862100,3.279933
0.000000,2.857119,3.284964
0.000000,2.852142,3.289995
0.000000,2.847169,3.295025
0.000000,2.842199,3.300056
0.000000,2.837234,3.305086
0.000000,2.832272,3.310117
0.000000,2.827315,3.315147
0.000000,2.822362,3.320178
0.000000,2.817414,3.325209
0.000000,2.812470,3.330239
0.000000,2.807532,3.335270
0.000000,2.802597,3.340300
0.000000,2.797668,3.345331
0.000000,2.792744,3.350361
0.000000,2.787826,3.355392
0.000000,2.782912,3.360423
0.000000,2.778005,3.365453
0.000000,2.773102,3.370484
0.000000,2.768206,3.375514
0.000000,2.763315,3.380545
0.000000,2.758431,3.385575
0.000000,2.753552,3.390606
0.000000,2.748680,3.395637
0.000000,2.743814,3.400667
0.000000,2.738955,3.405698
0.000000,2.734102,3.410728
0.000000,2.729256,3.415759
0.000000,2.724416,3.420789
0.000000,2.719584,3.425820
0.000000,2.714759,3.430851
0.000000,2.709941,3.435881
0.000000,2.705130,3.440912
0.000000,2.700327,3.445942
0.000000,2.695532,3.450973
0.000000,2.690744,3.456003
0.000000,2.685964,3.461034
0.000000,2.681192,3.466065
0.000000,2.676428,3.471095
0.000000,2.671672,3.476126
0.000000,2.666924,3.481156
0.000000,2.662185,3.486187
0.000000,2.657455,3.491217
0.000000,2.652733,3.496248
0.000000,2.648020,3.501279
0.000000,2.643316,3.506309
0.000000,2.638620,3.511340
0.000000,2.633934,3.516370
0.000000,2.629258,3.521401
0.000000,2.624590,3.526431
0.000000,2.619932,3.531462
0.000000,2.615284,3.536493
0.000000,2.610646,3.541523
0.000000,2.606017,3.546554
0.000000,2.601398,3.551584
0.000000,2.596790,3.556615
0.000000,2.592191,3.561645
0.000000,2.587603,3.566676
0.000000,2.583026,3.571707
0.000000,2.578459,3.576737
0.000000,2.573902,3.581768
0.000000,2.569356,3.586798
0.000000,2.564822,3.591829
0.000000,2.560298,3.596859
0.000000,2.555785,3.601890
0.000000,2.551284,3.606921
0.000000,2.546794,3.611951
0.000000,2.542316,3.616982
0.000000,2.537849,3.622012
0.000000,2.533393,3.627043
0.000000,2.528950,3.632073
0.000000,2.524518,3.637104
0.000000,2.520099,3.642135
0.000000,2.515692,3.647165
0.000000,2.511296,3.652196
0.000000,2.506914,3.657226
0.000000,2.502544,3.662257
0.000000,2.498186,3.667288
0.000000,2.493841,3.672318
0.000000,2.489509,3.677349
0.000000,2.485190,3.682379
0.000000,2.480883,3.687410
0.000000,2.476590,3.692440
0.000000,2.472310,3.697471
0.000000,2.468044,3.702502
0.000000,2.463791,3.707532
0.000000,2.459552,3.712563
0.000000,2.455326,3.717593
0.000000,2.451114,3.722624
0.000000,2.446916,3.727654
0.000000,2.442732,3.732685
0.000000,2.438562,3.737716
0.000000,2.434406,3.742746
0.000000,2.430264,3.747777
0.000000,2.426137,3.752807
0.000000,2.422025,3.757838
0.000000,2.417927,3.762868
0.000000,2.413844,3.767899
0.000000,2.409776,3.772930
0.000000,2.405722,3.777960
0.000000,2.401684,3.782991
0.000000,2.397661,3.788021
0.000000,2.393653,3.793052
0.000000,2.389660,3.798082
0.000000,2.385683,3.803113
0.000000,2.381721,3.808144
0.000000,2.377775,3.813174
0.000000,2.373845,3.818205
0.000000,2.369931,3.823235
0.000000,2.366032,3.828266
0.000000,2.362150,3.833296
0.000000,2.358283,3.838327
0.000000,2.354433,3.843358
0.000000,2.350600,3.848388
0.000000,2.346783,3.853419
0.000000,2.342982,3.858449
0.000000,2.339198,3.863480
0.000000,2.335430,3.868510
0.000000,2.331680,3.873541
0.000000,2.327946,3.878572
0.000000,2.324230,3.883602
0.000000,2.320530,3.888633
0.000000,2.316848,3.893663
0.000000,2.313183,3.898694
0.000000,2.309535,3.903724
0.000000,2.305905,3.908755
0.000000,2.302292,3.913786
0.000000,2.298697,3.918816
0.000000,2.295120,3.923847
0.000000,2.291561,3.928877
0.000000,2.288019,3.933908
0.000000,2.284496,3.938938
0.000000,2.280990,3.943969
0.000000,2.277503,3.949000
0.000000,2.274034,3.954030
0.000000,2.270584,3.959061
0.000000,2.267152,3.964091
0.000000,2.263738,3.969122
0.000000,2.260344,3.974152
0.000000,2.256967,3.979183
0.000000,2.253610,3.984214
0.000000,2.250272,3.989244
0.000000,2.246952,3.994275
0.000000,2.243652,3.999305
0.000000,2.240371,4.004336
0.000000,2.237108,4.009366
0.000000,2.233866,4.014397
0.000000,2.230642,4.019428
0.000000,2.227439,4.024458
0.000000,2.224254,4.029489
0.000000,2.221090,4.034519
0.000000,2.217945,4.039550
0.000000,2.214819,4.044580
0.000000,2.211714,4.049611
0.000000,2.208629,4.054642
0.000000,2.205563,4.059672
0.000000,2.202518,4.064703
0.000000,2.199493,4.069733
0.000000,2.196488,4.074764
0.000000,2.193504,4.079794
0.000000,2.190540,4.084825
0.000000,2.187596,4.089856
0.000000,2.184673,4.094886
0.000000,2.181771,4.099917
0.000000,2.178889,4.104947
0.000000,2.176028,4.109978
0.000000,2.173188,4.115008
0.000000,2.170369,4.120039
0.000000,2.167571,4.125070
0.000000,2.164794,4.130100
0.000000,2.162038,4.135131
0.000000,2.159303,4.140161
0.000000,2.156590,4.145192
0.000000,2.153898,4.150222
0.000000,2.151227,4.155253
0.000000,2.148578,4.160284
0.000000,2.145950,4.165314
0.000000,2.143344,4.170345
0.000000,2.140760,4.175375
0.000000,2.138197,4.180406
0.000000,2.135656,4.185436
0.000000,2.133137,4.190467
0.000000,2.130640,4.195498
0.000000,2.128165,4.200528
0.000000,2.125712,4.205559
0.000000,2.123282,4.210589
0.000000,2.120873,4.215620
0.000000,2.118487,4.220650
0.000000,2.116123,4.225681
0.000000,2.113781,4.230712
0.000000,2.111462,4.235742
0.000000,2.109165,4.240773
0.000000,2.106891,4.245803
0.000000,2.104639,4.250834
0.000000,2.102410,4.255865
0.000000,2.100204,4.260895
0.000000,2.098020,4.265926
0.000000,2.095860,4.270956
0.000000,2.093722,4.275987
0.000000,2.091607,4.281017
0.000000,2.089515,4.286048
0.000000,2.087446,4.291079
0.000000,2.085400,4.296109
0.000000,2.083378,4.301140
0.000000,2.081378,4.306170
0.000000,2.079402,4.311201
0.000000,2.077450,4.316231
0.000000,2.075520,4.321262
0.000000,2.073614,4.326293
0.000000,2.071731,4.331323
0.000000,2.069872,4.336354
0.000000,2.068036,4.341384
0.000000,2.066224,4.346415
0.000000,2.064436,4.351445
0.000000,2.062671,4.356476
0.000000,2.060930,4.361507
0.000000,2.059213,4.366537
0.000000,2.057520,4.371568
0.000000,2.055850,4.376598
0.000000,2.054204,4.381629
0.000000,2.052582,4.386659
0.000000,2.050985,4.391690
0.000000,2.049411,4.396721
0.000000,2.047861,4.401751
0.000000,2.046336,4.406782
0.000000,2.044834,4.411812
0.000000,2.043357,4.416843
0.000000,2.041904,4.421873
0.000000,2.040475,4.426904
0.000000,2.039070,4.431935
0.000000,2.037690,4.436965
0.000000,2.036334,4.441996
0.000000,2.035003,4.447026
0.000000,2.033695,4.452057
0.000000,2.032413,4.457087
0.000000,2.031155,4.462118
0.000000,2.029921,4.467149
0.000000,2.028712,4.472179
0.000000,2.027527,4.477210
0.000000,2.026368,4.482240
0.000000,2.025232,4.487271
0.000000,2.024122,4.492301
0.000000,2.023036,4.497332
0.000000,2.021975,4.502363
0.000000,2.020938,4.507393
0.000000,2.019927,4.512424
0.000000,2.018940,4.517454
0.000000,2.017978,4.522485
0.000000,2.017040,4.527515
0.000000,2.016128,4.532546
0.000000,2.015241,4.537577
0.000000,2.014378,4.542607
0.000000,2.013541,4.547638
0.000000,2.012728,4.552668
0.000000,2.011941,4.557699
0.000000,2.011178,4.562729
0.000000,2.010441,4.567760
0.000000,2.009728,4.572791
0.000000,2.009041,4.577821
0.000000,2.008378,4.582852
0.000000,2.007741,4.587882
0.000000,2.007129,4.592913
0.000000,2.006542,4.597943
0.000000,2.005980,4.602974
0.000000,2.005443,4.608005
0.000000,2.004932,4.613035
0.000000,2.004445,4.618066
0.000000,2.003984,4.623096
0.000000,2.003548,4.628127
0.000000,2.003137,4.633157
0.000000,2.002752,4.638188
0.000000,2.002391,4.643219
0.000000,2.002056,4.648249
0.000000,2.001746,4.653280
0.000000,2.001462,4.658310
0.000000,2.001203,4.663341
0.000000,2.000969,4.668371
0.000000,2.000760,4.673402
0.000000,2.000576,4.678433
0.000000,2.000418,4.683463
0.000000,2.000285,4.688494
0.000000,2.000178,4.693524
0.000000,2.000096,4.698555
0.000000,2.000039,4.703585
0.000000,2.000007,4.708616
0.000000,2.000001,4.713647
0.000000,2.000020,4.718677
0.000000,2.000064,4.723708
0.000000,2.000134,4.728738
0.000000,2.000229,4.733769
0.000000,2.000349,4.738799
0.000000,2.000494,4.743830
0.000000,2.000665,4.748861
0.000000,2.000861,4.753891
0.000000,2.001082,4.758922
0.000000,2.001329,4.763952
0.000000,2.001601,4.768983
0.000000,2.001898,4.774013
0.000000,2.002221,4.779044
0.000000,2.002568,4.784075
0.000000,2.002941,4.789105
0.000000,2.003339,4.794136
0.000000,2.003763,4.799166
0.000000,2.004211,4.804197
0.000000,2.004685,4.809228
0.000000,2.005184,4.814258
0.000000,2.005708,4.819289
0.000000,2.006258,4.824319
0.000000,2.006832,4.829350
0.000000,2.007432,4.834380
0.000000,2.008056,4.839411
0.000000,2.008706,4.844442
0.000000,2.009381,4.849472
0.000000,2.010081,4.854503
0.000000,2.010806,4.859533
0.000000,2.011556,4.864564
0.000000,2.012331,4.869594
0.000000,2.013131,4.874625
0.000000,2.013956,4.879656
0.000000,2.014806,4.884686
0.000000,2.015681,4.889717
0.000000,2.016581,4.894747
0.000000,2.017506,4.899778
0.000000,2.018456,4.904808
0.000000,2.019430,4.909839
0.000000,2.020429,4.914870
0.000000,2.021453,4.919900
0.000000,2.022502,4.924931
0.000000,2.023576,4.929961
0.000000,2.024674,4.934992
0.000000,2.025797,4.940022
0.000000,2.026944,4.945053
0.000000,2.028117,4.950084
0.000000,2.029313,4.955114
0.000000,2.030535,4.960145
0.000000,2.031781,4.965175
0.000000,2.033051,4.970206
0.000000,2.034346,4.975236
0.000000,2.035665,4.980267
0.000000,2.037009,4.985298
0.000000,2.038377,4.990328
0.000000,2.039769,4.995359
0.000000,2.041186,5.000389
0.000000,2.042627,5.005420
0.000000,2.044092,5.010450
0.000000,2.045582,5.015481
0.000000,2.047095,5.020512
0.000000,2.048633,5.025542
0.000000,2.050195,5.030573
0.000000,2.051781,5.035603
0.000000,2.053390,5.040634
0.000000,2.055024,5.045664
0.000000,2.056682,5.050695
0.000000,2.058363,5.055726
0.000000,2.060069,5.060756
0.000000,2.061798,5.065787
0.000000,2.063551,5.070817
0.000000,2.065327,5.075848
0.000000,2.067127,5.080878
0.000000,2.068951,5.085909
0.000000,2.070799,5.090940
0.000000,2.072670,5.095970
0.000000,2.074564,5.101001
0.000000,2.076482,5.106031
0.000000,2.078423,5.111062
0.000000,2.080388,5.116092
0.000000,2.082375,5.121123
0.000000,2.084386,5.126154
0.000000,2.086420,5.131184
0.000000,2.088478,5.136215
0.000000,2.090558,5.141245
0.000000,2.092661,5.146276
0.000000,2.094788,5.151306
0.000000,2.096937,5.156337
0.000000,2.099109,5.161368
0.000000,2.101304,5.166398
0.000000,2.103522,5.171429
0.000000,2.105762,5.176459
0.000000,2.108025,5.181490
0.000000,2.110310,5.186520
0.000000,2.112618,5.191551
0.000000,2.114949,5.196582
0.000000,2.117302,5.201612
0.000000,2.119677,5.206643
0.000000,2.122075,5.211673
0.000000,2.124494,5.216704
0.000000,2.126936,5.221734
0.000000,2.129400,5.226765
0.000000,2.131886,5.231796
0.000000,2.134394,5.236826
0.000000,2.136924,5.241857
0.000000,2.139476,5.246887
0.000000,2.142049,5.251918
0.000000,2.144644,5.256948
0.000000,2.147261,5.261979
0.000000,2.149900,5.267010
0.000000,2.152560,5.272040
0.000000,2.155241,5.277071
0.000000,2.157944,5.282101
0.000000,2.160668,5.287132
0.000000,2.163413,5.292162
0.000000,2.166180,5.297193
0.000000,2.168967,5.302224
0.000000,2.171776,5.307254
0.000000,2.174606,5.312285
0.000000,2.177456,5.317315
0.000000,2.180327,5.322346
0.000000,2.183219,5.327376
0.000000,2.186132,5.332407
0.000000,2.189065,5.337438
0.000000,2.192019,5.342468
0.000000,2.194993,5.347499
0.000000,2.197988,5.352529
0.000000,2.201003,5.357560
0.000000,2.204038,5.362591
0.000000,2.207093,5.367621
0.000000,2.210169,5.372652
0.000000,2.213264,5.377682
0.000000,2.216379,5.382713
0.000000,2.219515,5.387743
0.000000,2.222669,5.392774
0.000000,2.225844,5.397805
0.000000,2.229038,5.402835
0.000000,2.232252,5.407866
0.000000,2.235485,5.412896
0.000000,2.238737,5.417927
0.000000,2.242009,5.422957
0.000000,2.245300,5.427988
0.000000,2.248610,5.433019
0.000000,2.251938,5.438049
0.000000,2.255286,5.443080
0.000000,2.258653,5.448110
0.000000,2.262039,5.453141
0.000000,2.265443,5.458171
0.000000,2.268866,5.463202
0.000000,2.272307,5.468233
0.000000,2.275766,5.473263
0.000000,2.279244,5.478294
0.000000,2.282741,5.483324
0.000000,2.286255,5.488355
0.000000,2.289788,5.493385
0.000000,2.293338,5.498416
0.000000,2.296906,5.503447
0.000000,2.300492,5.508477
0.000000,2.304096,5.513508
0.000000,2.307718,5.518538
0.000000,2.311357,5.523569
0.000000,2.315013,5.528599
0.000000,2.318687,5.533630
0.000000,2.322378,5.538661
0.000000,2.326086,5.543691
0.000000,2.329811,5.548722
0.000000,2.333553,5.553752
0.000000,2.337312,5.558783
0.000000,2.341088,5.563813
0.000000,2.344880,5.568844
0.000000,2.348689,5.573875
0.000000,2.352515,5.578905
0.000000,2.356356,5.583936
0.000000,2.360215,5.588966
0.000000,2.364089,5.593997
0.000000,2.367979,5.599027
0.000000,2.371886,5.604058
0.000000,2.375808,5.609089
0.000000,2.379746,5.614119
0.000000,2.383700,5.619150
0.000000,2.387669,5.624180
0.000000,2.391654,5.629211
0.000000,2.395655,5.634241
0.000000,2.399670,5.639272
0.000000,2.403701,5.644303
0.000000,2.407747,5.649333
0.000000,2.411808,5.654364
0.000000,2.415884,5.659394
0.000000,2.419974,5.664425
0.000000,2.424079,5.669455
0.000000,2.428199,5.674486
0.000000,2.432333,5.679517
0.000000,2.436482,5.684547
0.000000,2.440645,5.689578
0.000000,2.444822,5.694608
0.000000,2.449013,5.699639
0.000000,2.453218,5.704669
0.000000,2.457437,5.709700
0.000000,2.461670,5.714731
0.000000,2.465916,5.719761
0.000000,2.470176,5.724792
0.000000,2.474449,5.729822
0.000000,2.478735,5.734853
0.000000,2.483035,5.739883
0.000000,2.487348,5.744914
0.000000,2.491673,5.749945
0.000000,2.496012,5.754975
0.000000,2.500363,5.760006
0.000000,2.504727,5.765036
0.000000,2.509104,5.770067
0.000000,2.513492,5.775097
0.000000,2.517894,5.780128
0.000000,2.522307,5.785159
0.000000,2.526733,5.790189
0.000000,2.531170,5.795220
0.000000,2.535620,5.800250
0.000000,2.540081,5.805281
0.000000,2.544553,5.810311
0.000000,2.549038,5.815342
0.000000,2.553533,5.820373
0.000000,2.558040,5.825403
0.000000,2.562558,5.830434
0.000000,2.567088,5.835464
0.000000,2.571628,5.840495
0.000000,2.576179,5.845525
0.000000,2.580741,5.850556
0.000000,2.585313,5.855587
0.000000,2.589896,5.860617
0.000000,2.594489,5.865648
0.000000,2.599093,5.870678
0.000000,2.603706,5.875709
0.000000,2.608330,5.880739
0.000000,2.612964,5.885770
0.000000,2.617607,5.890801
0.000000,2.622260,5.895831
0.000000,2.626923,5.900862
0.000000,2.631595,5.905892
0.000000,2.636276,5.910923
0.000000,2.640967,5.915953
0.000000,2.645666,5.920984
0.000000,2.650375,5.926015
0.000000,2.655093,5.931045
0.000000,2.659819,5.936076
0.000000,2.664554,5.941106
0.000000,2.669297,5.946137
0.000000,2.674049,5.951168
0.000000,2.678809,5.956198
0.000000,2.683577,5.961229
0.000000,2.688353,5.966259
0.000000,2.693137,5.971290
0.000000,2.697928,5.976320
0.000000,2.702728,5.981351
0.000000,2.707535,5.986382
0.000000,2.712349,5.991412
0.000000,2.717171,5.996443
0.000000,2.721999,6.001473
0.000000,2.726835,6.006504
0.000000,2.731678,6.011534
0.000000,2.736527,6.016565
0.000000,2.741383,6.021596
0.000000,2.746246,6.026626
0.000000,2.751115,6.031657
0.000000,2.755991,6.036687
0.000000,2.760872,6.041718
0.000000,2.765760,6.046748
0.000000,2.770653,6.051779
0.000000,2.775553,6.056810
0.000000,2.780458,6.061840
0.000000,2.785368,6.066871
0.000000,2.790284,6.071901
0.000000,2.795206,6.076932
0.000000,2.800132,6.081962
0.000000,2.805064,6.086993
0.000000,2.810000,6.092024
0.000000,2.814942,6.097054
0.000000,2.819888,6.102085
0.000000,2.824838,6.107115
0.000000,2.829793,6.112146
0.000000,2.834753,6.117176
0.000000,2.839716,6.122207
0.000000,2.844684,6.127238
0.000000,2.849655,6.132268
0.000000,2.854630,6.137299
0.000000,2.859609,6.142329
0.000000,2.864592,6.147360
0.000000,2.869578,6.152390
0.000000,2.874567,6.157421
0.000000,2.879559,6.162452
0.000000,2.884555,6.167482
0.000000,2.889553,6.172513
0.000000,2.894554,6.177543
0.000000,2.899558,6.182574
0.000000,2.904565,6.187604
0.000000,2.909573,6.192635
0.000000,2.914584,6.197666
0.000000,2.919598,6.202696
0.000000,2.924613,6.207727
0.000000,2.929630,6.212757
0.000000,2.934649,6.217788
0.000000,2.939670,6.222818
0.000000,2.944692,6.227849
0.000000,2.949715,6.232880
0.000000,2.954740,6.237910
0.000000,2.959766,6.242941
0.000000,2.964793,6.247971
0.000000,2.969821,6.253002
0.000000,2.974850,6.258032
0.000000,2.979879,6.263063
0.000000,2.984909,6.268094
0.000000,2.989939,6.273124
0.000000,2.994969,6.278155
0.000000,3.000000,6.283185
0.000000,7.000000,0.000000
0.000000,6.999987,0.005031
0.000000,6.999949,0.010061
0.000000,6.999886,0.015092
0.000000,6.999798,0.020122
0.000000,6.999684,0.025153
0.000000,6.999545,0.030183
0.000000,6.999380,0.035214
0.000000,6.999190,0.040245
0.000000,6.998975,0.045275
0.000000,6.998735,0.050306
0.000000,6.998469,0.055336
0.000000,6.998178,0.060367
0.000000,6.997862,0.065397
0.000000,6.997521,0.070428
0.000000,6.997154,0.075459
0.000000,6.996762,0.080489
0.000000,6.996345,0.085520
0.000000,6.995903,0.090550
0.000000,6.995436,0.095581
0.000000,6.994943,0.100611
0.000000,6.994425,0.105642
0.000000,6.993882,0.110673
0.000000,6.993314,0.115703
0.000000,6.992721,0.120734
0.000000,6.992102,0.125764
0.000000,6.991459,0.130795
0.000000,6.990790,0.135825
0.000000,6.990096,0.140856
0.000000,6.989377,0.145887
0.000000,6.988634,0.150917
0.000000,6.987865,0.155948
0.000000,6.987071,0.160978
0.000000,6.986252,0.166009
0.000000,6.985408,0.171039
0.000000,6.984540,0.176070
0.000000,6.983646,0.181101
0.000000,6.982728,0.186131
0.000000,6.981784,0.191162
0.000000,6.980816,0.196192
0.000000,6.979823,0.201223
0.000000,6.978805,0.206253
0.000000,6.977762,0.211284
0.000000,6.976695,0.216315
0.000000,6.975603,0.221345
0.000000,6.974486,0.226376
0.000000,6.973345,0.231406
0.000000,6.972179,0.236437
0.000000,6.970988,0.241467
0.000000,6.969773,0.246498
0.000000,6.968533,0.251529
0.000000,6.967269,0.256559
0.000000,6.965980,0.261590
0.000000,6.964667,0.266620
0.000000,6.963329,0.271651
0.000000,6.961967,0.276681
0.000000,6.960581,0.281712
0.000000,6.959170,0.286743
0.000000,6.957735,0.291773
0.000000,6.956276,0.296804
0.000000,6.954793,0.301834
0.000000,6.953285,0.306865
0.000000,6.951754,0.311896
0.000000,6.950198,0.316926
0.000000,6.948618,0.321957
0.000000,6.947014,0.326987
0.000000,6.945387,0.332018
0.000000,6.943735,0.337048
0.000000,6.942059,0.342079
0.000000,6.940360,0.347110
0.000000,6.938637,0.352140
0.000000,6.936890,0.357171
0.000000,6.935119,0.362201
0.000000,6.933325,0.367232
0.000000,6.931507,0.372262
0.000000,6.929665,0.377293
0.000000,6.927800,0.382324
0.000000,6.925912,0.387354
0.000000,6.924000,0.392385
0.000000,6.922064,0.397415
0.000000,6.920106,0.402446
0.000000,6.918124,0.407476
0.000000,6.916119,0.412507
0.000000,6.914090,0.417538
0.000000,6.912039,0.422568
0.000000,6.909964,0.427599
0.000000,6.907867,0.432629
0.000000,6.905746,0.437660
0.000000,6.903602,0.442690
0.000000,6.901436,0.447721
0.000000,6.899247,0.452752
0.000000,6.897035,0.457782
0.000000,6.894800,0.462813
0.000000,6.892543,0.467843
0.000000,6.890263,0.472874
0.000000,6.887961,0.477904
0.000000,6.885636,0.482935
0.000000,6.883288,0.487966
0.000000,6.880919,0.492996
0.000000,6.878527,0.498027
0.000000,6.876113,0.503057
0.000000,6.873676,0.508088
0.000000,6.871218,0.513118
0.000000,6.868737,0.518149
0.000000,6.866235,0.523180
0.000000,6.863711,0.528210
0.000000,6.861164,0.533241
0.000000,6.858596,0.538271
0.000000,6.856006,0.543302
0.000000,6.853395,0.548332
0.000000,6.850762,0.553363
0.000000,6.848107,0.558394
0.000000,6.845431,0.563424
0.000000,6.842734,0.568455
0.000000,6.840015,0.573485
0.000000,6.837275,0.578516
0.000000,6.834514,0.583546
0.000000,6.831732,0.588577
0.000000,6.828928,0.593608
0.000000,6.826104,0.598638
0.000000,6.823259,0.603669
0.000000,6.820392,0.608699
0.000000,6.817506,0.613730
0.000000,6.814598,0.618760
0.000000,6.811670,0.623791
0.000000,6.808721,0.628822
0.000000,6.805752,0.633852
0.000000,6.802762,0.638883
0.000000,6.799753,0.643913
0.000000,6.796723,0.648944
0.000000,6.793672,0.653974
0.000000,6.790602,0.659005
0.000000,6.787512,0.664036
0.000000,6.784401,0.669066
0.000000,6.781271,0.674097
0.000000,6.778121,0.679127
0.000000,6.774952,0.684158
0.000000,6.771762,0.689188
0.000000,6.768554,0.694219
0.000000,6.765325,0.699250
0.000000,6.762078,0.704280
0.000000,6.758811,0.709311
0.000000,6.755525,0.714341
0.000000,6.752220,0.719372
0.000000,6.748896,0.724402
0.000000,6.745552,0.729433
0.000000,6.742190,0.734464
0.000000,6.738810,0.739494
0.000000,6.735410,0.744525
0.000000,6.731992,0.749555
0.000000,6.728555,0.754586
0.000000,6.725100,0.759616
0.000000,6.721627,0.764647
0.000000,6.718135,0.769678
0.000000,6.714625,0.774708
0.000000,6.711097,0.779739
0.000000,6.707551,0.784769
0.000000,6.703987,0.789800
0.000000,6.700406,0.794830
0.000000,6.696806,0.799861
0.000000,6.693189,0.804892
0.000000,6.689555,0.809922
0.000000,6.685903,0.814953
0.000000,6.682233,0.819983
0.000000,6.678547,0.825014
0.000000,6.674843,0.830044
0.000000,6.671122,0.835075
0.000000,6.667384,0.840106
0.000000,6.663629,0.845136
0.000000,6.659858,0.850167
0.000000,6.656070,0.855197
0.000000,6.652265,0.860228
0.000000,6.648443,0.865259
0.000000,6.644606,0.870289
0.000000,6.640751,0.875320
0.000000,6.636881,0.880350
0.000000,6.632995,0.885381
0.000000,6.629092,0.890411
0.000000,6.625174,0.895442
0.000000,6.621240,0.900473
0.000000,6.617290,0.905503
0.000000,6.613324,0.910534
0.000000,6.609343,0.915564
0.000000,6.605347,0.920595
0.000000,6.601335,0.925625
0.000000,6.597308,0.930656
0.000000,6.593266,0.935687
0.000000,6.589209,0.940717
0.000000,6.585137,0.945748
0.000000,6.581050,0.950778
0.000000,6.576948,0.955809
0.000000,6.572832,0.960839
0.000000,6.568702,0.965870
0.000000,6.564556,0.970901
0.000000,6.560397,0.975931
0.000000,6.556224,0.980962
0.000000,6.552036,0.985992
0.000000,6.547834,0.991023
0.000000,6.543619,0.996053
0.000000,6.539390,1.001084
0.000000,6.535147,1.006115
0.000000,6.530891,1.011145
0.000000,6.526621,1.016176
0.000000,6.522338,1.021206
0.000000,6.518041,1.026237
0.000000,6.513732,1.031267
0.000000,6.509409,1.036298
0.000000,6.505074,1.041329
0.000000,6.500726,1.046359
0.000000,6.496365,1.051390
0.000000,6.491992,1.056420
0.000000,6.487606,1.061451
0.000000,6.483208,1.066481
0.000000,6.478797,1.071512
0.000000,6.474375,1.076543
0.000000,6.469940,1.081573
0.000000,6.465494,1.086604
0.000000,6.461036,1.091634
0.000000,6.456566,1.096665
0.000000,6.452084,1.101695
0.000000,6.447592,1.106726
0.000000,6.443087,1.111757
0.000000,6.438572,1.116787
0.000000,6.434046,1.121818
0.000000,6.429508,1.126848
0.000000,6.424960,1.131879
0.000000,6.420401,1.136909
0.000000,6.415831,1.141940
0.000000,6.411251,1.146971
0.000000,6.406660,1.152001
0.000000,6.402059,1.157032
0.000000,6.397448,1.162062
0.000000,6.392827,1.167093
0.000000,6.388196,1.172123
0.000000,6.383555,1.177154
0.000000,6.378904,1.182185
0.000000,6.374244,1.187215
0.000000,6.369574,1.192246
0.000000,6.364895,1.197276
0.000000,6.360207,1.202307
0.000000,6.355509,1.207337
0.000000,6.350803,1.212368
0.000000,6.346088,1.217399
0.000000,6.341364,1.222429
0.000000,6.336631,1.227460
0.000000,6.331890,1.232490
0.000000,6.327140,1.237521
0.000000,6.322382,1.242551
0.000000,6.317616,1.247582
0.000000,6.312842,1.252613
0.000000,6.308060,1.257643
0.000000,6.303270,1.262674
0.000000,6.298473,1.267704
0.000000,6.293668,1.272735
0.000000,6.288855,1.277765
0.000000,6.284035,1.282796
0.000000,6.279208,1.287827
0.000000,6.274374,1.292857
0.000000,6.269533,1.297888
0.000000,6.264686,1.302918
0.000000,6.259831,1.307949
0.000000,6.254970,1.312979
0.000000,6.250103,1.318010
0.000000,6.245229,1.323041
0.000000,6.240349,1.328071
0.000000,6.235463,1.333102
0.000000,6.230571,1.338132
0.000000,6.225673,1.343163
0.000000,6.220769,1.348193
0.000000,6.215860,1.353224
0.000000,6.210945,1.358255
0.000000,6.206025,1.363285
0.000000,6.201100,1.368316
0.000000,6.196169,1.373346
0.000000,6.191234,1.378377
0.000000,6.186294,1.383407
0.000000,6.181349,1.388438
0.000000,6.176400,1.393469
0.000000,6.171446,1.398499
0.000000,6.166488,1.403530
0.000000,6.161525,1.408560
0.000000,6.156559,1.413591
0.000000,6.151588,1.418622
0.000000,6.146614,1.423652
0.000000,6.141636,1.428683
0.000000,6.136654,1.433713
0.000000,6.131669,1.438744
0.000000,6.126681,1.443774
0.000000,6.121689,1.448805
0.000000,6.116694,1.453836
0.000000,6.111697,1.458866
0.000000,6.106696,1.463897
0.000000,6.101693,1.468927
0.000000,6.096687,1.473958
0.000000,6.091679,1.478988
0.000000,6.086669,1.484019
0.000000,6.081656,1.489050
0.000000,6.076641,1.494080
0.000000,6.071624,1.499111
0.000000,6.066606,1.504141
0.000000,6.061586,1.509172
0.000000,6.056564,1.514202
0.000000,6.051541,1.519233
0.000000,6.046516,1.524264
0.000000,6.041490,1.529294
0.000000,6.036464,1.534325
0.000000,6.031436,1.539355
0.000000,6.026407,1.544386
0.000000,6.021378,1.549416
0.000000,6.016349,1.554447
0.000000,6.011319,1.559478
0.000000,6.006288,1.564508
0.000000,6.001258,1.569539
0.000000,5.996227,1.574569
0.000000,5.991197,1.579600
0.000000,5.986166,1.584630
0.000000,5.981136,1.589661
0.000000,5.976107,1.594692
0.000000,5.971078,1.599722
0.000000,5.966050,1.604753
0.000000,5.961023,1.609783
0.000000,5.955997,1.614814
0.000000,5.950972,1.619844
0.000000,5.945948,1.624875
0.000000,5.940925,1.629906
0.000000,5.935904,1.634936
0.000000,5.930885,1.639967
0.000000,5.925867,1.644997
0.000000,5.920851,1.650028
0.000000,5.915838,1.655058
0.000000,5.910826,1.660089
0.000000,5.905817,1.665120
0.000000,5.900810,1.670150
0.000000,5.895805,1.675181
0.000000,5.890803,1.680211
0.000000,5.885804,1.685242
0.000000,5.880808,1.690272
0.000000,5.875815,1.695303
0.000000,5.870825,1.700334
0.000000,5.865838,1.705364
0.000000,5.860855,1.710395
0.000000,5.855875,1.715425
0.000000,5.850899,1.720456
0.000000,5.845926,1.725486
0.000000,5.840958,1.730517
0.000000,5.835993,1.735548
0.000000,5.831033,1.740578
0.000000,5.826077,1.745609
0.000000,5.821125,1.750639
0.000000,5.816178,1.755670
0.000000,5.811235,1.760700
0.000000,5.806298,1.765731
0.000000,5.801365,1.770762
0.000000,5.796437,1.775792
0.000000,5.791514,1.780823
0.000000,5.786597,1.785853
0.000000,5.781685,1.790884
0.000000,5.776778,1.795914
0.000000,5.771878,1.800945
0.000000,5.766983,1.805976
0.000000,5.762094,1.811006
0.000000,5.757210,1.816037
0.000000,5.752333,1.821067
0.000000,5.747463,1.826098
0.000000,5.742598,1.831128
0.000000,5.737741,1.836159
0.000000,5.732890,1.841190
0.000000,5.728045,1.846220
0.000000,5.723208,1.851251
0.000000,5.718377,1.856281
0.000000,5.713554,1.861312
0.000000,5.708738,1.866342
0.000000,5.703929,1.871373
0.000000,5.699128,1.876404
0.000000,5.694334,1.881434
0.000000,5.689548,1.886465
0.000000,5.684770,1.891495
0.000000,5.680000,1.896526
0.000000,5.675238,1.901556
0.000000,5.670484,1.906587
0.000000,5.665739,1.911618
0.000000,5.661002,1.916648
0.000000,5.656273,1.921679
0.000000,5.651554,1.926709
0.000000,5.646843,1.931740
0.000000,5.642141,1.936770
0.000000,5.637448,1.941801
0.000000,5.632764,1.946832
0.000000,5.628090,1.951862
0.000000,5.623425,1.956893
0.000000,5.618769,1.961923
0.000000,5.614124,1.966954
0.000000,5.609488,1.971984
0.000000,5.604861,1.977015
0.000000,5.600245,1.982046
0.000000,5.595639,1.987076
0.000000,5.591043,1.992107
0.000000,5.586458,1.997137
0.000000,5.581883,2.002168
0.000000,5.577318,2.007199
0.000000,5.572765,2.012229
0.000000,5.568222,2.017260
0.000000,5.563690,2.022290
0.000000,5.559169,2.027321
0.000000,5.554659,2.032351
0.000000,5.550161,2.037382
0.000000,5.545673,2.042413
0.000000,5.541198,2.047443
0.000000,5.536734,2.052474
0.000000,5.532281,2.057504
0.000000,5.527841,2.062535
0.000000,5.523412,2.067565
0.000000,5.518996,2.072596
0.000000,5.514592,2.077627
0.000000,5.510200,2.082657
0.000000,5.505820,2.087688
0.000000,5.501453,2.092718
0.000000,5.497098,2.097749
0.000000,5.492757,2.102779
0.000000,5.488428,2.107810
0.000000,5.484112,2.112841
0.000000,5.479809,2.117871
0.000000,5.475519,2.122902
0.000000,5.471243,2.127932
0.000000,5.466979,2.132963
0.000000,5.462730,2.137993
0.000000,5.458494,2.143024
0.000000,5.454272,2.148055
0.000000,5.450063,2.153085
0.000000,5.445868,2.158116
0.000000,5.441688,2.163146
0.000000,5.437521,2.168177
0.000000,5.433369,2.173207
0.000000,5.429231,2.178238
0.000000,5.425108,2.183269
0.000000,5.420999,2.188299
0.000000,5.416905,2.193330
0.000000,5.412825,2.198360
0.000000,5.408761,2.203391
0.000000,5.404711,2.208421
0.000000,5.400677,2.213452
0.000000,5.396657,2.218483
0.000000,5.392653,2.223513
0.000000,5.388664,2.228544
0.000000,5.384691,2.233574
0.000000,5.380733,2.238605
0.000000,5.376791,2.243635
0.000000,5.372865,2.248666
0.000000,5.368954,2.253697
0.000000,5.365060,2.258727
0.000000,5.361182,2.263758
0.000000,5.357319,2.268788
0.000000,5.353473,2.273819
0.000000,5.349644,2.278849
0.000000,5.345831,2.283880
0.000000,5.342034,2.288911
0.000000,5.338254,2.293941
0.000000,5.334491,2.298972
0.000000,5.330745,2.304002
0.000000,5.327015,2.309033
0.000000,5.323303,2.314063
0.000000,5.319608,2.319094
0.000000,5.315930,2.324125
0.000000,5.312269,2.329155
0.000000,5.308626,2.334186
0.000000,5.305000,2.339216
0.000000,5.301392,2.344247
0.000000,5.297801,2.349277
0.000000,5.294228,2.354308
0.000000,5.290673,2.359339
0.000000,5.287137,2.364369
0.000000,5.283618,2.369400
0.000000,5.280117,2.374430
0.000000,5.276634,2.379461
0.000000,5.273170,2.384491
0.000000,5.269724,2.389522
0.000000,5.266297,2.394553
0.000000,5.262888,2.399583
0.000000,5.259498,2.404614
0.000000,5.256126,2.409644
0.000000,5.252774,2.414675
0.000000,5.249440,2.419705
0.000000,5.246125,2.424736
0.000000,5.242830,2.429767
0.000000,5.239553,2.434797
0.000000,5.236296,2.439828
0.000000,5.233058,2.444858
0.000000,5.229840,2.449889
0.000000,5.226641,2.454919
0.000000,5.223461,2.459950
0.000000,5.220301,2.464981
0.000000,5.217161,2.470011
0.000000,5.214041,2.475042
0.000000,5.210941,2.480072
0.000000,5.207860,2.485103
0.000000,5.204800,2.490133
0.000000,5.201760,2.495164
0.000000,5.198740,2.500195
0.000000,5.195740,2.505225
0.000000,5.192761,2.510256
0.000000,5.189802,2.515286
0.000000,5.186863,2.520317
0.000000,5.183946,2.525347
0.000000,5.181048,2.530378
0.000000,5.178172,2.535409
0.000000,5.175316,2.540439
0.000000,5.172481,2.545470
0.000000,5.169668,2.550500
0.000000,5.166875,2.555531
0.000000,5.164103,2.560562
0.000000,5.161352,2.565592
0.000000,5.158623,2.570623
0.000000,5.155915,2.575653
0.000000,5.153228,2.580684
0.000000,5.150563,2.585714
0.000000,5.147919,2.590745
0.000000,5.145297,2.595776
0.000000,5.142696,2.600806
0.000000,5.140117,2.605837
0.000000,5.137560,2.610867
0.000000,5.135025,2.615898
0.000000,5.132511,2.620928
0.000000,5.130020,2.625959
0.000000,5.127550,2.630990
0.000000,5.125103,2.636020
0.000000,5.122677,2.641051
0.000000,5.120274,2.646081
0.000000,5.117894,2.651112
0.000000,5.115535,2.656142
0.000000,5.113199,2.661173
0.000000,5.110885,2.666204
0.000000,5.108594,2.671234
0.000000,5.106326,2.676265
0.000000,5.104080,2.681295
0.000000,5.101856,2.686326
0.000000,5.099656,2.691356
0.000000,5.097478,2.696387
0.000000,5.095323,2.701418
0.000000,5.093191,2.706448
0.000000,5.091082,2.711479
0.000000,5.088996,2.716509
0.000000,5.086933,2.721540
0.000000,5.084893,2.726570
0.000000,5.082876,2.731601
0.000000,5.080882,2.736632
0.000000,5.078912,2.741662
0.000000,5.076965,2.746693
0.000000,5.075041,2.751723
0.000000,5.073141,2.756754
0.000000,5.071264,2.761784
0.000000,5.069411,2.766815
0.000000,5.067581,2.771846
0.000000,5.065775,2.776876
0.000000,5.063993,2.781907
0.000000,5.062234,2.786937
0.000000,5.060499,2.791968
0.000000,5.058787,2.796998
0.000000,5.057100,2.802029
0.000000,5.055436,2.807060
0.000000,5.053797,2.812090
0.000000,5.052181,2.817121
0.000000,5.050589,2.822151
0.000000,5.049021,2.827182
0.000000,5.047478,2.832212
0.000000,5.045958,2.837243
0.000000,5.044463,2.842274
0.000000,5.042991,2.847304
0.000000,5.041544,2.852335
0.000000,5.040121,2.857365
0.000000,5.038723,2.862396
0.000000,5.037349,2.867426
0.000000,5.035999,2.872457
0.000000,5.034673,2.877488
0.000000,5.033373,2.882518
0.000000,5.032096,2.887549
0.000000,5.030844,2.892579
0.000000,5.029616,2.897610
0.000000,5.028413,2.902640
0.000000,5.027235,2.907671
0.000000,5.026081,2.912702
0.000000,5.024952,2.917732
0.000000,5.023848,2.922763
0.000000,5.022768,2.927793
0.000000,5.021713,2.932824
0.000000,5.020683,2.937854
0.000000,5.019677,2.942885
0.000000,5.018697,2.947916
0.000000,5.017741,2.952946
0.000000,5.016810,2.957977
0.000000,5.015904,2.963007
0.000000,5.015023,2.968038
0.000000,5.014167,2.973068
0.000000,5.013335,2.978099
0.000000,5.012529,2.983130
0.000000,5.011748,2.988160
0.000000,5.010991,2.993191
0.000000,5.010260,2.998221
0.000000,5.009554,3.003252
0.000000,5.008873,3.008282
0.000000,5.008217,3.013313
0.000000,5.007586,3.018344
0.000000,5.006980,3.023374
0.000000,5.006399,3.028405
0.000000,5.005843,3.033435
0.000000,5.005313,3.038466
0.000000,5.004808,3.043496
0.000000,5.004327,3.048527
0.000000,5.003873,3.053558
0.000000,5.003443,3.058588
0.000000,5.003038,3.063619
0.000000,5.002659,3.068649
0.000000,5.002305,3.073680
0.000000,5.001976,3.078710
0.000000,5.001673,3.083741
0.000000,5.001395,3.088772
0.000000,5.001142,3.093802
0.000000,5.000914,3.098833
0.000000,5.000712,3.103863
0.000000,5.000535,3.108894
0.000000,5.000383,3.113925
0.000000,5.000256,3.118955
0.000000,5.000155,3.123986
0.000000,5.000079,3.129016
0.000000,5.000028,3.134047
0.000000,5.000003,3.139077
0.000000,5.000003,3.144108
0.000000,5.000028,3.149139
0.000000,5.000079,3.154169
0.000000,5.000155,3.159200
0.000000,5.000256,3.164230
0.000000,5.000383,3.169261
0.000000,5.000535,3.174291
0.000000,5.000712,3.179322
0.000000,5.000914,3.184353
0.000000,5.001142,3.189383
0.000000,5.001395,3.194414
0.000000,5.001673,3.199444
0.000000,5.001976,3.204475
0.000000,5.002305,3.209505
0.000000,5.002659,3.214536
0.000000,5.003038,3.219567
0.000000,5.003443,3.224597
0.000000,5.003873,3.229628
0.000000,5.004327,3.234658
0.000000,5.004808,3.239689
0.000000,5.005313,3.244719
0.000000,5.005843,3.249750
0.000000,5.006399,3.254781
0.000000,5.006980,3.259811
0.000000,5.007586,3.264842
0.000000,5.008217,3.269872
0.000000,5.008873,3.274903
0.000000,5.009554,3.279933
0.000000,5.010260,3.284964
0.000000,5.010991,3.289995
0.000000,5.011748,3.295025
0.000000,5.012529,3.300056
0.000000,5.013335,3.305086
0.000000,5.014167,3.310117
0.000000,5.015023,3.315147
0.000000,5.015904,3.320178
0.000000,5.016810,3.325209
0.000000,5.017741,3.330239
0.000000,5.018697,3.335270
0.000000,5.019677,3.340300
0.000000,5.020683,3.345331
0.000000,5.021713,3.350361
0.000000,5.022768,3.355392
0.000000,5.023848,3.360423
0.000000,5.024952,3.365453
0.000000,5.026081,3.370484
0.000000,5.027235,3.375514
0.000000,5.028413,3.380545
0.000000,5.029616,3.385575
0.000000,5.030844,3.390606
0.000000,5.032096,3.395637
0.000000,5.033373,3.400667
0.000000,5.034673,3.405698
0.000000,5.035999,3.410728
0.000000,5.037349,3.415759
0.000000,5.038723,3.420789
0.000000,5.040121,3.425820
0.000000,5.041544,3.430851
0.000000,5.042991,3.435881
0.000000,5.044463,3.440912
0.000000,5.045958,3.445942
0.000000,5.047478,3.450973
0.000000,5.049021,3.456003
0.000000,5.050589,3.461034
0.000000,5.052181,3.466065
0.000000,5.053797,3.471095
0.000000,5.055436,3.476126
0.000000,5.057100,3.481156
0.000000,5.058787,3.486187
0.000000,5.060499,3.491217
0.000000,5.062234,3.496248
0.000000,5.063993,3.501279
0.000000,5.065775,3.506309
0.000000,5.067581,3.511340
0.000000,5.069411,3.516370
0.000000,5.071264,3.521401
0.000000,5.073141,3.526431
0.000000,5.075041,3.531462
0.000000,5.076965,3.536493
0.000000,5.078912,3.541523
0.000000,5.080882,3.546554
0.000000,5.082876,3.551584
0.000000,5.084893,3.556615
0.000000,5.086933,3.561645
0.000000,5.088996,3.566676
0.000000,5.091082,3.571707
0.000000,5.093191,3.576737
0.000000,5.095323,3.581768
0.000000,5.097478,3.586798
0.000000,5.099656,3.591829
0.000000,5.101856,3.596859
0.000000,5.104080,3.601890
0.000000,5.106326,3.606921
0.000000,5.108594,3.611951
0.000000,5.110885,3.616982
0.000000,5.113199,3.622012
0.000000,5.115535,3.627043
0.000000,5.117894,3.632073
0.000000,5.120274,3.637104
0.000000,5.122677,3.642135
0.000000,5.125103,3.647165
0.000000,5.127550,3.652196
0.000000,5.130020,3.657226
0.000000,5.132511,3.662257
0.000000,5.135025,3.667288
0.000000,5.137560,3.672318
0.000000,5.140117,3.677349
0.000000,5.142696,3.682379
0.000000,5.145297,3.687410
0.000000,5.147919,3.692440
0.000000,5.150563,3.697471
0.000000,5.153228,3.702502
0.000000,5.155915,3.707532
0.000000,5.158623,3.712563
0.000000,5.161352,3.717593
0.000000,5.164103,3.722624
0.000000,5.166875,3.727654
0.000000,5.169668,3.732685
0.000000,5.172481,3.737716
0.000000,5.175316,3.742746
0.000000,5.178172,3.747777
0.000000,5.181048,3.752807
0.000000,5.183946,3.757838
0.000000,5.186863,3.762868
0.000000,5.189802,3.767899
0.000000,5.192761,3.772930
0.000000,5.195740,3.777960
0.000000,5.198740,3.782991
0.000000,5.201760,3.788021
0.000000,5.204800,3.793052
0.000000,5.207860,3.798082
0.000000,5.210941,3.803113
0.000000,5.214041,3.808144
0.000000,5.217161,3.813174
0.000000,5.220301,3.818205
0.000000,5.223461,3.823235
0.000000,5.226641,3.828266
0.000000,5.229840,3.833296
0.000000,5.233058,3.838327
0.000000,5.236296,3.843358
0.000000,5.239553,3.848388
0.000000,5.242830,3.853419
0.000000,5.246125,3.858449
0.000000,5.249440,3.863480
0.000000,5.252774,3.868510
0.000000,5.256126,3.873541
0.000000,5.259498,3.878572
0.000000,5.262888,3.883602
0.000000,5.266297,3.888633
0.000000,5.269724,3.893663
0.000000,5.273170,3.898694
0.000000,5.276634,3.903724
0.000000,5.280117,3.908755
0.000000,5.283618,3.913786
0.000000,5.287137,3.918816
0.000000,5.290673,3.923847
0.000000,5.294228,3.928877
0.000000,5.297801,3.933908
0.000000,5.301392,3.938938
0.000000,5.305000,3.943969
0.000000,5.308626,3.949000
0.000000,5.312269,3.954030
0.000000,5.315930,3.959061
0.000000,5.319608,3.964091
0.000000,5.323303,3.969122
0.000000,5.327015,3.974152
0.000000,5.330745,3.979183
0.000000,5.334491,3.984214
0.000000,5.338254,3.989244
0.000000,5.342034,3.994275
0.000000,5.345831,3.999305
0.000000,5.349644,4.004336
0.000000,5.353473,4.009366
0.000000,5.357319,4.014397
0.000000,5.361182,4.019428
0.000000,5.365060,4.024458
0.000000,5.368954,4.029489
0.000000,5.372865,4.034519
0.000000,5.376791,4.039550
0.000000,5.380733,4.044580
0.000000,5.384691,4.049611
0.000000,5.388664,4.054642
0.000000,5.392653,4.059672
0.000000,5.396657,4.064703
0.000000,5.400677,4.069733
0.000000,5.404711,4.074764
0.000000,5.408761,4.079794
0.000000,5.412825,4.084825
0.000000,5.416905,4.089856
0.000000,5.420999,4.094886
0.000000,5.425108,4.099917
0.000000,5.429231,4.104947
0.000000,5.433369,4.109978
0.000000,5.437521,4.115008
0.000000,5.441688,4.120039
0.000000,5.445868,4.125070
0.000000,5.450063,4.130100
0.000000,5.454272,4.135131
0.000000,5.458494,4.140161
0.000000,5.462730,4.145192
0.000000,5.466979,4.150222
0.000000,5.471243,4.155253
0.000000,5.475519,4.160284
0.000000,5.479809,4.165314
0.000000,5.484112,4.170345
0.000000,5.488428,4.175375
0.000000,5.492757,4.180406
0.000000,5.497098,4.185436
0.000000,5.501453,4.190467
0.000000,5.505820,4.195498
0.000000,5.510200,4.200528
0.000000,5.514592,4.205559
0.000000,5.518996,4.210589
0.000000,5.523412,4.215620
0.000000,5.527841,4.220650
0.000000,5.532281,4.225681
0.000000,5.536734,4.230712
0.000000,5.541198,4.235742
0.000000,5.545673,4.240773
0.000000,5.550161,4.245803
0.000000,5.554659,4.250834
0.000000,5.559169,4.255865
0.000000,5.563690,4.260895
0.000000,5.568222,4.265926
0.000000,5.572765,4.270956
0.000000,5.577318,4.275987
0.000000,5.581883,4.281017
0.000000,5.586458,4.286048
0.000000,5.591043,4.291079
0.000000,5.595639,4.296109
0.000000,5.600245,4.301140
0.000000,5.604861,4.306170
0.000000,5.609488,4.311201
0.000000,5.614124,4.316231
0.000000,5.618769,4.321262
0.000000,5.623425,4.326293
0.000000,5.628090,4.331323
0.000000,5.632764,4.336354
0.000000,5.637448,4.341384
0.000000,5.642141,4.346415
0.000000,5.646843,4.351445
0.000000,5.651554,4.356476
0.000000,5.656273,4.361507
0.000000,5.661002,4.366537
0.000000,5.665739,4.371568
0.000000,5.670484,4.376598
0.000000,5.675238,4.381629
0.000000,5.680000,4.386659
0.000000,5.684770,4.391690
0.000000,5.689548,4.396721
0.000000,5.694334,4.401751
0.000000,5.699128,4.406782
0.000000,5.703929,4.411812
0.000000,5.708738,4.416843
0.000000,5.713554,4.421873
0.000000,5.718377,4.426904
0.000000,5.723208,4.431935
0.000000,5.728045,4.436965
0.000000,5.732890,4.441996
0.000000,5.737741,4.447026
0.000000,5.742598,4.452057
0.000000,5.747463,4.457087
0.000000,5.752333,4.462118
0.000000,5.757210,4.467149
0.000000,5.762094,4.472179
0.000000,5.766983,4.477210
0.000000,5.771878,4.482240
0.000000,5.776778,4.487271
0.000000,5.781685,4.492301
0.000000,5.786597,4.497332
0.000000,5.791514,4.502363
0.000000,5.796437,4.507393
0.000000,5.801365,4.512424
0.000000,5.806298,4.517454
0.000000,5.811235,4.522485
0.000000,5.816178,4.527515
0.000000,5.821125,4.532546
0.000000,5.826077,4.537577
0.000000,5.831033,4.542607
0.000000,5.835993,4.547638
0.000000,5.840958,4.552668
0.000000,5.845926,4.557699
0.000000,5.850899,4.562729
0.000000,5.855875,4.567760
0.000000,5.860855,4.572791
0.000000,5.865838,4.577821
0.000000,5.870825,4.582852
0.000000,5.875815,4.587882
0.000000,5.880808,4.592913
0.000000,5.885804,4.597943
0.000000,5.890803,4.602974
0.000000,5.895805,4.608005
0.000000,5.900810,4.613035
0.000000,5.905817,4.618066
0.000000,5.910826,4.623096
0.000000,5.915838,4.628127
0.000000,5.920851,4.633157
0.000000,5.925867,4.638188
0.000000,5.930885,4.643219
0.000000,5.935904,4.648249
0.000000,5.940925,4.653280
0.000000,5.945948,4.658310
0.000000,5.950972,4.663341
0.000000,5.955997,4.668371
0.000000,5.961023,4.673402
0.000000,5.966050,4.678433
0.000000,5.971078,4.683463
0.000000,5.976107,4.688494
0.000000,5.981136,4.693524
0.000000,5.986166,4.698555
0.000000,5.991197,4.703585
0.000000,5.996227,4.708616
0.000000,6.001258,4.713647
0.000000,6.006288,4.718677
0.000000,6.011319,4.723708
0.000000,6.016349,4.728738
0.000000,6.021378,4.733769
0.000000,6.026407,4.738799
0.000000,6.031436,4.743830
0.000000,6.036464,4.748861
0.000000,6.041490,4.753891
0.000000,6.046516,4.758922
0.000000,6.051541,4.763952
0.000000,6.056564,4.768983
0.000000,6.061586,4.774013
0.000000,6.066606,4.779044
0.000000,6.071624,4.784075
0.000000,6.076641,4.789105
0.000000,6.081656,4.794136
0.000000,6.086669,4.799166
0.000000,6.091679,4.804197
0.000000,6.096687,4.809228
0.000000,6.101693,4.814258
0.000000,6.106696,4.819289
0.000000,6.111697,4.824319
0.000000,6.116694,4.829350
0.000000,6.121689,4.834380
0.000000,6.126681,4.839411
0.000000,6.131669,4.844442
0.000000,6.136654,4.849472
0.000000,6.141636,4.854503
0.000000,6.146614,4.859533
0.000000,6.151588,4.864564
0.000000,6.156559,4.869594
0.000000,6.161525,4.874625
0.000000,6.166488,4.879656
0.000000,6.171446,4.884686
0.000000,6.176400,4.889717
0.000000,6.181349,4.894747
0.000000,6.186294,4.899778
0.000000,6.191234,4.904808
0.000000,6.196169,4.909839
0.000000,6.201100,4.914870
0.000000,6.206025,4.919900
0.000000,6.210945,4.924931
0.000000,6.215860,4.929961
0.000000,6.220769,4.934992
0.000000,6.225673,4.940022
0.000000,6.230571,4.945053
0.000000,6.235463,4.950084
0.000000,6.240349,4.955114
0.000000,6.245229,4.960145
0.000000,6.250103,4.965175
0.000000,6.254970,4.970206
0.000000,6.259831,4.975236
0.000000,6.264686,4.980267
0.000000,6.269533,4.985298
0.000000,6.274374,4.990328
0.000000,6.279208,4.995359
0.000000,6.284035,5.000389
0.000000,6.288855,5.005420
0.000000,6.293668,5.010450
0.000000,6.298473,5.015481
0.000000,6.303270,5.020512
0.000000,6.308060,5.025542
0.000000,6.312842,5.030573
0.000000,6.317616,5.035603
0.000000,6.322382,5.040634
0.000000,6.327140,5.045664
0.000000,6.331890,5.050695
0.000000,6.336631,5.055726
0.000000,6.341364,5.060756
0.000000,6.346088,5.065787
0.000000,6.350803,5.070817
0.000000,6.355509,5.075848
0.000000,6.360207,5.080878
0.000000,6.364895,5.085909
0.000000,6.369574,5.090940
0.000000,6.374244,5.095970
0.000000,6.378904,5.101001
0.000000,6.383555,5.106031
0.000000,6.388196,5.111062
0.000000,6.392827,5.116092
0.000000,6.397448,5.121123
0.000000,6.402059,5.126154
0.000000,6.406660,5.131184
0.000000,6.411251,5.136215
0.000000,6.415831,5.141245
0.000000,6.420401,5.146276
0.000000,6.424960,5.151306
0.000000,6.429508,5.156337
0.000000,6.434046,5.161368
0.000000,6.438572,5.166398
0.000000,6.443087,5.171429
0.000000,6.447592,5.176459
0.000000,6.452084,5.181490
0.000000,6.456566,5.186520
0.000000,6.461036,5.191551
0.000000,6.465494,5.196582
0.000000,6.469940,5.201612
0.000000,6.474375,5.206643
0.000000,6.478797,5.211673
0.000000,6.483208,5.216704
0.000000,6.487606,5.221734
0.000000,6.491992,5.226765
0.000000,6.496365,5.231796
0.000000,6.500726,5.236826
0.000000,6.505074,5.241857
0.000000,6.509409,5.246887
0.000000,6.513732,5.251918
0.000000,6.518041,5.256948
0.000000,6.522338,5.261979
0.000000,6.526621,5.267010
0.000000,6.530891,5.272040
0.000000,6.535147,5.277071
0.000000,6.539390,5.282101
0.000000,6.543619,5.287132
0.000000,6.547834,5.292162
0.000000,6.552036,5.297193
0.000000,6.556224,5.302224
0.000000,6.560397,5.307254
0.000000,6.564556,5.312285
0.000000,6.568702,5.317315
0.000000,6.572832,5.322346
0.000000,6.576948,5.327376
0.000000,6.581050,5.332407
0.000000,6.585137,5.337438
0.000000,6.589209,5.342468
0.000000,6.593266,5.347499
0.000000,6.597308,5.352529
0.000000,6.601335,5.357560
0.000000,6.605347,5.362591
0.000000,6.609343,5.367621
0.000000,6.613324,5.372652
0.000000,6.617290,5.377682
0.000000,6.621240,5.382713
0.000000,6.625174,5.387743
0.000000,6.629092,5.392774
0.000000,6.632995,5.397805
0.000000,6.636881,5.402835
0.000000,6.640751,5.407866
0.000000,6.644606,5.412896
0.000000,6.648443,5.417927
0.000000,6.652265,5.422957
0.000000,6.656070,5.427988
0.000000,6.659858,5.433019
0.000000,6.663629,5.438049
0.000000,6.667384,5.443080
0.000000,6.671122,5.448110
0.000000,6.674843,5.453141
0.000000,6.678547,5.458171
0.000000,6.682233,5.463202
0.000000,6.685903,5.468233
0.000000,6.689555,5.473263
0.000000,6.693189,5.478294
0.000000,6.696806,5.483324
0.000000,6.700406,5.488355
0.000000,6.703987,5.493385
0.000000,6.707551,5.498416
0.000000,6.711097,5.503447
0.000000,6.714625,5.508477
0.000000,6.718135,5.513508
0.000000,6.721627,5.518538
0.000000,6.725100,5.523569
0.000000,6.728555,5.528599
0.000000,6.731992,5.533630
0.000000,6.735410,5.538661
0.000000,6.738810,5.543691
0.000000,6.742190,5.548722
0.000000,6.745552,5.553752
0.000000,6.748896,5.558783
0.000000,6.752220,5.563813
0.000000,6.755525,5.568844
0.000000,6.758811,5.573875
0.000000,6.762078,5.578905
0.000000,6.765325,5.583936
0.000000,6.768554,5.588966
0.000000,6.771762,5.593997
0.000000,6.774952,5.599027
0.000000,6.778121,5.604058
0.000000,6.781271,5.609089
0.000000,6.784401,5.614119
0.000000,6.787512,5.619150
0.000000,6.790602,5.624180
0.000000,6.793672,5.629211
0.000000,6.796723,5.634241
0.000000,6.799753,5.639272
0.000000,6.802762,5.644303
0.000000,6.805752,5.649333
0.000000,6.808721,5.654364
0.000000,6.811670,5.659394
0.000000,6.814598,5.664425
0.000000,6.817506,5.669455
0.000000,6.820392,5.674486
0.000000,6.823259,5.679517
0.000000,6.826104,5.684547
0.000000,6.828928,5.689578
0.000000,6.831732,5.694608
0.000000,6.834514,5.699639
0.000000,6.837275,5.704669
0.000000,6.840015,5.709700
0.000000,6.842734,5.714731
0.000000,6.845431,5.719761
0.000000,6.848107,5.724792
0.000000,6.850762,5.729822
0.000000,6.853395,5.734853
0.000000,6.856006,5.739883
0.000000,6.858596,5.744914
0.000000,6.861164,5.749945
0.000000,6.863711,5.754975
0.000000,6.866235,5.760006
0.000000,6.868737,5.765036
0.000000,6.871218,5.770067
0.000000,6.873676,5.775097
0.000000,6.876113,5.780128
0.000000,6.878527,5.785159
0.000000,6.880919,5.790189
0.000000,6.883288,5.795220
0.000000,6.885636,5.800250
0.000000,6.887961,5.805281
0.000000,6.890263,5.810311
0.000000,6.892543,5.815342
0.000000,6.894800,5.820373
0.000000,6.897035,5.825403
0.000000,6.899247,5.830434
0.000000,6.901436,5.835464
0.000000,6.903602,5.840495
0.000000,6.905746,5.845525
0.000000,6.907867,5.850556
0.000000,6.909964,5.855587
0.000000,6.912039,5.860617
0.000000,6.914090,5.865648
0.000000,6.916119,5.870678
0.000000,6.918124,5.875709
0.000000,6.920106,5.880739
0.000000,6.922064,5.885770
0.000000,6.924000,5.890801
0.000000,6.925912,5.895831
0.000000,6.927800,5.900862
0.000000,6.929665,5.905892
0.000000,6.931507,5.910923
0.000000,6.933325,5.915953
0.000000,6.935119,5.920984
0.000000,6.936890,5.926015
0.000000,6.938637,5.931045
0.000000,6.940360,5.936076
0.000000,6.942059,5.941106
0.000000,6.943735,5.946137
0.000000,6.945387,5.951168
0.000000,6.947014,5.956198
0.000000,6.948618,5.961229
0.000000,6.950198,5.966259
0.000000,6.951754,5.971290
0.000000,6.953285,5.976320
0.000000,6.954793,5.981351
0.000000,6.956276,5.986382
0.000000,6.957735,5.991412
0.000000,6.959170,5.996443
0.000000,6.960581,6.001473
0.000000,6.961967,6.006504
0.000000,6.963329,6.011534
0.000000,6.964667,6.016565
0.000000,6.965980,6.021596
0.000000,6.967269,6.026626
0.000000,6.968533,6.031657
0.000000,6.969773,6.036687
0.000000,6.970988,6.041718
0.000000,6.972179,6.046748
0.000000,6.973345,6.051779
0.000000,6.974486,6.056810
0.000000,6.975603,6.061840
0.000000,6.976695,6.066871
0.000000,6.977762,6.071901
0.000000,6.978805,6.076932
0.000000,6.979823,6.081962
0.000000,6.980816,6.086993
0.000000,6.981784,6.092024
0.000000,6.982728,6.097054
0.000000,6.983646,6.102085
0.000000,6.984540,6.107115
0.000000,6.985408,6.112146
0.000000,6.986252,6.117176
0.000000,6.987071,6.122207
0.000000,6.987865,6.127238
0.000000,6.988634,6.132268
0.000000,6.989377,6.137299
0.000000,6.990096,6.142329
0.000000,6.990790,6.147360
0.000000,6.991459,6.152390
0.000000,6.992102,6.157421
0.000000,6.992721,6.162452
0.000000,6.993314,6.167482
0.000000,6.993882,6.172513
0.000000,6.994425,6.177543
0.000000,6.994943,6.182574
0.000000,6.995436,6.187604
0.000000,6.995903,6.192635
0.000000,6.996345,6.197666
0.000000,6.996762,6.202696
0.000000,6.997154,6.207727
0.000000,6.997521,6.212757
0.000000,6.997862,6.217788
0.000000,6.998178,6.222818
0.000000,6.998469,6.227849
0.000000,6.998735,6.232880
0.000000,6.998975,6.237910
0.000000,6.999190,6.242941
0.000000,6.999380,6.247971
0.000000,6.999545,6.253002
0.000000,6.999684,6.258032
0.000000,6.999798,6.263063
0.000000,6.999886,6.268094
0.000000,6.999949,6.273124
0.000000,6.999987,6.278155
0.000000,7.000000,6.283185
